month,day_of_week,is_weekend,is_holiday,event,lead_days,location,district_type,competition,rooms,property_type,has_parking,has_pool,review_score,occupancy,price_eur
2,0,0,0,none,67,Faro,coastal,0.78,2,Apartment,1,0,4.6,0,199.0
10,5,1,0,none,80,Açores,rural,0.3,3,Apartment,0,0,4.28,1,155.0
8,1,0,1,national_holiday,52,Castelo Branco,historic,0.28,5,Apartment,1,0,4.85,1,185.0
6,4,1,0,concert,38,Açores,rural,0.3,1,Apartment,0,0,3.95,0,182.0
6,3,0,0,none,1,Porto,urban,0.85,1,Shared_House,1,0,4.19,1,86.0
11,1,0,0,none,56,Portalegre,rural,0.18,3,House,0,1,4.06,0,97.0
2,3,0,0,none,82,Coimbra,urban,0.55,2,Apartment,0,0,5.0,0,90.0
9,0,0,0,national_holiday,13,Porto,urban,0.85,3,House,0,0,3.88,1,337.0
3,4,1,0,none,22,Coimbra,urban,0.55,2,House,1,0,4.84,1,219.0
2,2,0,0,none,48,Castelo Branco,historic,0.28,4,Apartment,0,0,3.52,0,68.0
7,2,0,0,none,49,Viana do Castelo,coastal,0.38,4,Apartment,0,0,4.25,1,131.0
12,1,0,0,none,39,Castelo Branco,historic,0.28,3,House,1,1,4.11,0,128.0
9,2,0,0,concert,14,Portalegre,rural,0.18,4,Room,1,0,3.69,0,102.0
10,2,0,0,concert,44,Setúbal,coastal,0.6,1,Apartment,0,0,3.87,1,146.0
9,1,0,0,none,46,Guarda,rural,0.14,3,Room,0,0,4.45,0,56.0
10,6,1,0,fair,17,Vila Real,rural,0.22,3,House,1,1,4.03,1,175.0
7,1,0,0,none,55,Aveiro,coastal,0.48,2,House,1,1,3.72,1,193.0
2,1,0,1,fair,78,Beja,rural,0.2,1,Apartment,0,0,4.65,0,77.0
11,3,0,0,none,8,Santarém,urban,0.35,3,House,1,0,4.19,0,114.0
6,2,0,0,none,8,Viseu,historic,0.32,3,Apartment,0,0,4.37,1,107.0
7,3,0,0,fair,52,Braga,urban,0.58,3,Apartment,0,0,4.75,1,172.0
5,5,1,0,fair,71,Viana do Castelo,coastal,0.38,2,Room,0,0,4.97,1,106.0
3,0,0,0,concert,10,Braga,urban,0.58,2,House,1,0,3.06,0,157.0
12,3,0,0,sports_event,85,Setúbal,coastal,0.6,5,Apartment,0,0,4.15,0,254.0
10,0,0,0,concert,43,Porto,urban,0.85,1,Apartment,0,0,3.36,1,155.0
8,0,0,0,sports_event,10,Vila Real,rural,0.22,5,Apartment,0,0,5.0,1,165.0
5,0,0,0,none,41,Guarda,rural,0.14,4,Shared_House,0,0,4.28,1,53.0
10,1,0,0,none,40,Setúbal,coastal,0.6,3,Apartment,0,0,4.69,1,149.0
7,2,0,0,sports_event,36,Évora,historic,0.52,2,House,1,0,3.89,0,249.0
6,6,1,0,festival,53,Faro,coastal,0.78,4,Room,0,0,4.02,1,233.0
6,6,1,1,fair,23,Faro,coastal,0.78,5,Apartment,0,1,4.75,1,399.0
3,0,0,0,none,90,Viseu,historic,0.32,4,Apartment,0,0,4.46,1,105.0
2,6,1,0,none,26,Coimbra,urban,0.55,4,House,1,1,5.0,1,274.0
7,4,1,0,none,78,Bragança,rural,0.15,3,Room,0,0,3.78,1,58.0
11,3,0,0,fair,74,Setúbal,coastal,0.6,1,House,1,0,4.09,0,208.0
1,5,1,0,none,38,Leiria,coastal,0.4,5,Apartment,0,0,4.46,1,164.0
11,3,0,0,fair,18,Bragança,rural,0.15,1,Apartment,1,0,4.53,0,72.0
10,1,0,0,none,88,Viana do Castelo,coastal,0.38,3,Apartment,0,0,4.41,1,94.0
4,3,0,0,none,52,Faro,coastal,0.78,2,Apartment,0,0,3.54,0,148.0
8,5,1,0,concert,30,Guarda,rural,0.14,4,Shared_House,0,0,3.73,1,96.0
2,4,1,0,none,14,Bragança,rural,0.15,4,Apartment,1,0,4.37,0,105.0
10,1,0,0,concert,31,Madeira,urban,0.65,3,Apartment,0,0,3.43,0,169.0
9,6,1,0,none,59,Évora,historic,0.52,1,House,1,1,3.76,1,253.0
5,1,0,0,none,46,Santarém,urban,0.35,2,Apartment,1,0,4.22,0,84.0
1,5,1,0,festival,6,Beja,rural,0.2,1,House,1,1,3.81,1,183.0
12,2,0,1,fair,71,Guarda,rural,0.14,5,Apartment,0,0,4.31,0,125.0
6,0,0,0,none,29,Viseu,historic,0.32,2,Room,0,0,4.16,0,47.0
11,6,1,0,none,18,Coimbra,urban,0.55,5,Apartment,0,0,3.81,0,132.0
9,4,1,0,sports_event,63,Vila Real,rural,0.22,1,House,0,1,3.82,1,186.0
10,1,0,0,national_holiday,67,Bragança,rural,0.15,4,House,1,0,4.84,0,161.0
10,0,0,0,fair,74,Vila Real,rural,0.22,3,Apartment,0,0,4.39,1,110.0
3,0,0,0,fair,1,Évora,historic,0.52,4,Apartment,0,0,4.32,0,164.0
5,1,0,0,none,35,Porto,urban,0.85,3,House,0,0,4.23,0,217.0
6,6,1,0,festival,24,Portalegre,rural,0.18,4,Room,0,0,3.75,1,113.0
6,1,0,0,fair,53,Viseu,historic,0.32,4,House,1,0,3.92,0,182.0
1,1,0,0,fair,88,Guarda,rural,0.14,2,House,0,0,3.0,0,80.0
7,5,1,0,concert,11,Vila Real,rural,0.22,5,House,0,0,3.88,1,220.0
2,6,1,0,concert,60,Braga,urban,0.58,3,Apartment,0,0,3.89,1,177.0
9,1,0,0,fair,40,Setúbal,coastal,0.6,2,Room,0,0,4.47,0,97.0
9,4,1,0,none,42,Leiria,coastal,0.4,2,Apartment,0,0,3.9,1,136.0
12,3,0,0,none,85,Évora,historic,0.52,3,House,1,1,4.59,1,209.0
9,4,1,0,national_holiday,66,Portalegre,rural,0.18,5,Shared_House,1,0,4.07,1,142.0
5,2,0,0,festival,9,Açores,rural,0.3,4,House,0,1,4.27,1,302.0
12,5,1,0,none,40,Aveiro,coastal,0.48,2,House,1,0,4.18,1,226.0
5,6,1,0,none,67,Aveiro,coastal,0.48,3,Room,1,0,4.55,1,100.0
4,5,1,0,sports_event,10,Beja,rural,0.2,1,Apartment,0,0,4.8,1,138.0
11,6,1,0,concert,46,Braga,urban,0.58,2,House,0,1,3.71,1,234.0
5,0,0,0,concert,45,Santarém,urban,0.35,4,Apartment,0,0,5.0,1,168.0
1,4,1,0,none,7,Faro,coastal,0.78,2,Apartment,1,0,3.77,1,246.0
6,6,1,0,none,86,Faro,coastal,0.78,2,Apartment,1,0,4.11,1,307.0
10,3,0,0,none,34,Castelo Branco,historic,0.28,1,Room,0,0,3.94,0,32.0
3,6,1,0,fair,25,Beja,rural,0.2,1,House,0,0,4.95,1,141.0
6,2,0,0,none,9,Vila Real,rural,0.22,2,Shared_House,0,0,3.67,0,19.0
2,6,1,0,festival,5,Santarém,urban,0.35,1,Apartment,0,0,4.56,1,161.0
9,6,1,0,festival,18,Viseu,historic,0.32,3,Apartment,1,0,3.1,1,166.0
6,4,1,0,festival,67,Vila Real,rural,0.22,5,House,1,1,4.61,1,271.0
4,4,1,0,festival,25,Porto,urban,0.85,1,Apartment,1,0,4.1,1,293.0
3,3,0,0,sports_event,41,Viana do Castelo,coastal,0.38,4,House,1,0,4.01,0,213.0
7,2,0,0,festival,60,Portalegre,rural,0.18,3,Apartment,0,0,3.85,0,125.0
9,3,0,0,none,31,Aveiro,coastal,0.48,2,Apartment,0,0,4.17,0,113.0
12,6,1,0,none,37,Braga,urban,0.58,2,House,1,0,4.02,1,217.0
6,0,0,0,festival,44,Leiria,coastal,0.4,2,House,1,0,3.45,1,227.0
2,1,0,0,none,82,Viseu,historic,0.32,4,Apartment,0,0,3.81,0,81.0
10,3,0,1,concert,84,Braga,urban,0.58,4,Apartment,1,0,4.6,1,177.0
8,2,0,0,none,27,Coimbra,urban,0.55,2,Apartment,1,0,4.0,0,101.0
9,4,1,0,concert,23,Beja,rural,0.2,1,Apartment,1,0,3.8,1,111.0
2,2,0,0,none,37,Braga,urban,0.58,2,Shared_House,0,0,4.22,0,53.0
4,4,1,0,concert,19,Lisboa,urban,0.92,3,House,0,0,4.44,1,512.0
10,0,0,0,none,52,Santarém,urban,0.35,1,Apartment,0,0,4.53,0,72.0
10,2,0,0,festival,49,Leiria,coastal,0.4,3,Apartment,0,0,4.37,0,178.0
6,4,1,0,none,42,Madeira,urban,0.65,3,Apartment,0,1,4.8,1,281.0
10,3,0,0,festival,42,Açores,rural,0.3,3,Apartment,1,1,4.22,0,229.0
11,4,1,0,none,78,Bragança,rural,0.15,2,Shared_House,0,0,4.08,0,42.0
5,4,1,0,concert,14,Leiria,coastal,0.4,3,Apartment,1,0,4.64,1,212.0
11,2,0,0,festival,69,Santarém,urban,0.35,3,Room,1,0,3.85,0,109.0
4,2,0,0,national_holiday,53,Lisboa,urban,0.92,4,Room,0,0,4.0,1,168.0
3,6,1,0,sports_event,72,Setúbal,coastal,0.6,3,Room,0,0,3.4,1,145.0
9,6,1,0,festival,52,Vila Real,rural,0.22,3,House,0,0,5.0,1,229.0
8,0,0,0,concert,70,Porto,urban,0.85,2,Apartment,0,0,5.0,1,264.0
2,4,1,0,none,55,Beja,rural,0.2,3,Room,0,0,4.11,0,63.0
10,3,0,0,festival,65,Beja,rural,0.2,3,Room,0,1,4.58,1,127.0
3,0,0,0,none,38,Coimbra,urban,0.55,4,House,0,0,4.55,0,152.0
10,4,1,0,concert,81,Coimbra,urban,0.55,3,Apartment,1,0,4.29,0,201.0
1,0,0,0,none,27,Açores,rural,0.3,4,Apartment,1,0,4.81,0,148.0
10,2,0,0,none,65,Portalegre,rural,0.18,4,Apartment,0,0,3.57,0,58.0
10,4,1,0,sports_event,30,Castelo Branco,historic,0.28,2,Apartment,0,0,4.11,1,132.0
10,5,1,0,none,72,Castelo Branco,historic,0.28,2,House,1,1,3.16,0,138.0
8,2,0,0,none,76,Aveiro,coastal,0.48,5,Room,0,0,3.69,0,91.0
6,5,1,0,none,17,Viana do Castelo,coastal,0.38,4,House,0,1,3.39,1,239.0
9,5,1,0,fair,57,Aveiro,coastal,0.48,5,House,1,0,3.28,1,274.0
4,3,0,0,none,48,Portalegre,rural,0.18,3,Room,0,0,3.95,0,42.0
10,1,0,0,none,36,Madeira,urban,0.65,5,House,1,0,4.38,0,247.0
7,4,1,0,national_holiday,26,Setúbal,coastal,0.6,2,Apartment,0,0,3.87,1,242.0
6,0,0,0,fair,56,Braga,urban,0.58,3,Room,0,0,3.93,0,93.0
7,6,1,0,none,75,Lisboa,urban,0.92,3,Apartment,1,0,3.83,1,292.0
7,2,0,0,festival,32,Portalegre,rural,0.18,1,Shared_House,1,0,4.27,1,68.0
1,5,1,0,none,31,Porto,urban,0.85,2,Apartment,0,0,3.9,1,187.0
2,5,1,0,national_holiday,78,Aveiro,coastal,0.48,2,House,1,0,3.7,1,255.0
3,3,0,0,none,68,Évora,historic,0.52,1,House,1,0,4.67,0,162.0
2,6,1,0,none,66,Leiria,coastal,0.4,5,Apartment,1,1,3.76,0,182.0
6,5,1,0,none,54,Viseu,historic,0.32,5,Apartment,0,0,3.56,1,140.0
9,6,1,0,festival,10,Vila Real,rural,0.22,5,Apartment,0,0,4.57,1,194.0
8,0,0,0,none,14,Faro,coastal,0.78,5,Room,0,0,3.36,0,145.0
6,3,0,0,concert,6,Açores,rural,0.3,4,Apartment,0,0,4.81,0,199.0
11,6,1,0,none,29,Beja,rural,0.2,5,House,1,1,3.69,0,165.0
7,5,1,0,festival,4,Faro,coastal,0.78,2,Room,0,0,4.24,1,210.0
1,3,0,0,fair,43,Viana do Castelo,coastal,0.38,2,House,1,1,3.7,0,156.0
10,0,0,1,national_holiday,3,Setúbal,coastal,0.6,4,Room,0,0,4.21,1,157.0
7,1,0,0,none,90,Vila Real,rural,0.22,3,Apartment,0,0,3.94,0,80.0
8,4,1,0,none,45,Bragança,rural,0.15,4,Apartment,1,0,3.71,1,96.0
7,4,1,0,concert,2,Lisboa,urban,0.92,3,Apartment,0,0,3.4,1,348.0
7,6,1,0,none,17,Castelo Branco,historic,0.28,2,Room,0,0,3.93,1,50.0
2,0,0,0,concert,17,Coimbra,urban,0.55,2,Room,0,0,4.44,1,86.0
7,2,0,0,none,61,Porto,urban,0.85,4,Room,0,0,4.54,0,116.0
10,1,0,0,festival,70,Viseu,historic,0.32,3,House,1,1,3.84,1,201.0
4,6,1,0,festival,44,Setúbal,coastal,0.6,2,Apartment,0,0,3.84,1,242.0
8,1,0,0,none,66,Guarda,rural,0.14,3,Apartment,0,0,4.11,0,59.0
1,1,0,0,none,9,Madeira,urban,0.65,3,House,0,1,4.2,1,224.0
5,2,0,0,concert,29,Açores,rural,0.3,3,Apartment,1,0,4.2,0,163.0
6,0,0,0,none,1,Setúbal,coastal,0.6,3,House,1,0,3.98,0,245.0
12,4,1,0,festival,37,Porto,urban,0.85,3,Room,0,0,4.02,1,191.0
3,3,0,0,national_holiday,4,Braga,urban,0.58,5,Apartment,1,0,4.06,0,201.0
4,3,0,0,none,72,Viseu,historic,0.32,3,House,1,1,2.99,0,116.0
5,6,1,0,none,49,Coimbra,urban,0.55,5,House,1,1,4.0,1,258.0
12,3,0,0,none,68,Lisboa,urban,0.92,4,Apartment,0,1,4.59,0,242.0
11,2,0,0,none,53,Leiria,coastal,0.4,5,Apartment,1,0,4.9,0,150.0
1,2,0,0,national_holiday,4,Évora,historic,0.52,4,House,0,1,4.79,1,308.0
3,5,1,0,national_holiday,32,Castelo Branco,historic,0.28,3,Room,0,0,4.25,1,89.0
10,3,0,0,none,2,Évora,historic,0.52,3,Apartment,0,0,3.61,0,114.0
1,1,0,0,national_holiday,8,Coimbra,urban,0.55,3,Apartment,1,1,3.93,1,164.0
11,4,1,0,none,85,Guarda,rural,0.14,2,Apartment,0,0,3.82,0,54.0
4,5,1,0,national_holiday,85,Viseu,historic,0.32,2,Room,0,0,3.5,1,90.0
12,1,0,0,concert,11,Setúbal,coastal,0.6,1,Apartment,1,0,3.73,0,157.0
4,3,0,0,none,37,Lisboa,urban,0.92,4,House,1,0,3.84,0,276.0
6,3,0,0,festival,27,Beja,rural,0.2,2,Apartment,0,0,3.5,1,116.0
8,1,0,0,concert,39,Leiria,coastal,0.4,3,Room,0,0,4.67,1,118.0
2,0,0,0,none,55,Lisboa,urban,0.92,2,Apartment,0,0,4.5,0,158.0
7,5,1,0,none,35,Vila Real,rural,0.22,1,Apartment,0,0,4.18,1,94.0
7,4,1,0,festival,74,Porto,urban,0.85,3,House,1,0,4.39,1,453.0
10,4,1,0,none,6,Castelo Branco,historic,0.28,4,Room,0,0,4.35,1,80.0
12,2,0,0,none,53,Beja,rural,0.2,2,Shared_House,0,0,3.83,0,32.0
8,3,0,0,none,64,Coimbra,urban,0.55,5,Shared_House,0,0,5.0,1,106.0
5,6,1,0,concert,50,Portalegre,rural,0.18,1,House,1,1,3.82,1,162.0
5,1,0,0,none,60,Aveiro,coastal,0.48,3,House,0,0,3.37,0,128.0
6,4,1,0,none,56,Santarém,urban,0.35,2,House,0,0,4.28,1,165.0
10,0,0,0,none,15,Évora,historic,0.52,2,House,1,0,4.48,1,184.0
4,0,0,0,none,72,Viana do Castelo,coastal,0.38,1,Apartment,0,0,4.05,1,87.0
3,6,1,0,sports_event,25,Guarda,rural,0.14,1,House,1,1,4.82,1,179.0
5,0,0,0,none,17,Faro,coastal,0.78,4,Shared_House,0,0,4.29,0,134.0
1,4,1,0,sports_event,50,Beja,rural,0.2,3,Apartment,0,1,3.79,1,140.0
2,3,0,0,none,58,Viseu,historic,0.32,2,Apartment,0,0,3.9,0,73.0
2,5,1,0,sports_event,34,Guarda,rural,0.14,5,Apartment,1,0,4.27,1,165.0
10,3,0,0,none,6,Viana do Castelo,coastal,0.38,3,Apartment,0,0,4.24,1,102.0
9,4,1,0,fair,90,Setúbal,coastal,0.6,2,House,1,0,4.81,1,332.0
9,6,1,0,none,74,Évora,historic,0.52,3,Apartment,0,0,4.62,1,179.0
6,5,1,0,fair,45,Açores,rural,0.3,2,House,1,1,3.42,1,282.0
9,5,1,0,none,32,Guarda,rural,0.14,4,Room,0,0,4.12,0,67.0
2,1,0,0,none,80,Viana do Castelo,coastal,0.38,3,Apartment,0,0,3.58,0,82.0
11,1,0,0,festival,32,Porto,urban,0.85,2,Room,0,0,4.93,1,149.0
7,3,0,0,none,19,Braga,urban,0.58,2,Room,0,0,3.71,0,56.0
12,4,1,0,none,23,Guarda,rural,0.14,2,House,0,0,4.3,1,104.0
2,4,1,0,concert,51,Castelo Branco,historic,0.28,3,Apartment,1,0,3.85,0,111.0
6,5,1,0,concert,68,Porto,urban,0.85,3,Shared_House,0,0,3.21,1,129.0
9,0,0,0,festival,29,Aveiro,coastal,0.48,5,Apartment,0,0,3.57,1,227.0
6,1,0,0,national_holiday,18,Viseu,historic,0.32,2,Apartment,0,1,4.08,1,161.0
6,1,0,1,national_holiday,85,Porto,urban,0.85,2,Apartment,1,0,4.48,1,278.0
2,3,0,0,none,9,Aveiro,coastal,0.48,1,Room,1,0,4.47,0,55.0
5,4,1,0,concert,50,Setúbal,coastal,0.6,2,Apartment,0,0,3.53,1,237.0
3,0,0,0,none,16,Bragança,rural,0.15,3,Apartment,0,0,4.36,0,76.0
4,6,1,0,none,59,Bragança,rural,0.15,5,House,1,0,4.67,1,166.0
9,2,0,0,none,34,Santarém,urban,0.35,4,House,1,0,4.46,0,159.0
8,4,1,0,none,7,Guarda,rural,0.14,1,House,1,1,4.02,1,133.0
8,5,1,0,none,16,Bragança,rural,0.15,5,Apartment,1,0,4.22,1,148.0
5,0,0,0,none,44,Viseu,historic,0.32,4,House,0,0,4.28,1,132.0
12,6,1,0,festival,14,Viana do Castelo,coastal,0.38,2,Apartment,0,0,4.9,1,190.0
2,6,1,0,concert,53,Porto,urban,0.85,5,Apartment,0,0,5.0,1,339.0
5,6,1,0,national_holiday,73,Portalegre,rural,0.18,4,Apartment,0,0,4.52,1,157.0
2,0,0,0,none,27,Coimbra,urban,0.55,4,House,1,0,4.23,0,152.0
5,2,0,0,none,85,Beja,rural,0.2,3,Apartment,1,0,4.18,0,89.0
12,1,0,1,festival,67,Portalegre,rural,0.18,2,House,1,1,4.24,1,181.0
5,3,0,0,none,8,Castelo Branco,historic,0.28,4,Apartment,0,0,4.3,1,99.0
11,6,1,0,none,42,Castelo Branco,historic,0.28,3,Apartment,0,0,3.94,0,84.0
6,5,1,0,festival,50,Setúbal,coastal,0.6,5,Apartment,0,0,5.0,1,305.0
9,5,1,0,concert,51,Santarém,urban,0.35,2,Apartment,1,0,3.8,1,139.0
6,2,0,0,none,42,Aveiro,coastal,0.48,2,Room,0,0,4.85,1,86.0
4,6,1,0,sports_event,33,Leiria,coastal,0.4,4,Apartment,0,0,3.1,1,183.0
10,6,1,0,sports_event,52,Castelo Branco,historic,0.28,3,Room,0,0,4.06,1,115.0
12,5,1,0,fair,61,Viana do Castelo,coastal,0.38,3,Apartment,0,0,4.03,1,163.0
4,5,1,0,none,77,Coimbra,urban,0.55,4,Apartment,1,0,4.31,0,167.0
10,4,1,0,concert,10,Lisboa,urban,0.92,4,Apartment,0,0,4.02,1,343.0
4,0,0,0,concert,13,Santarém,urban,0.35,3,Apartment,0,0,4.89,1,156.0
9,1,0,0,none,46,Beja,rural,0.2,2,Room,0,0,4.08,0,44.0
10,5,1,0,festival,39,Porto,urban,0.85,3,Apartment,0,0,3.69,0,311.0
6,2,0,0,sports_event,81,Portalegre,rural,0.18,3,Shared_House,0,0,3.72,0,75.0
9,1,0,0,none,52,Santarém,urban,0.35,4,House,1,1,3.96,0,167.0
4,6,1,0,none,22,Açores,rural,0.3,3,Apartment,0,0,4.56,1,172.0
1,3,0,0,none,77,Açores,rural,0.3,3,Shared_House,0,0,4.65,1,64.0
2,6,1,0,concert,79,Porto,urban,0.85,1,Apartment,1,0,3.6,1,210.0
6,1,0,0,none,4,Guarda,rural,0.14,2,Room,0,0,3.8,0,29.0
11,2,0,0,none,80,Santarém,urban,0.35,2,Apartment,0,0,3.67,0,46.0
2,2,0,0,none,33,Vila Real,rural,0.22,3,House,1,1,4.06,0,105.0
6,2,0,0,sports_event,21,Guarda,rural,0.14,4,Apartment,0,0,4.68,0,164.0
9,3,0,0,sports_event,11,Coimbra,urban,0.55,5,Room,0,0,4.29,1,136.0
3,2,0,0,none,8,Coimbra,urban,0.55,3,Apartment,1,0,4.48,0,123.0
9,5,1,0,festival,6,Vila Real,rural,0.22,4,House,0,0,4.57,1,229.0
4,2,0,0,none,69,Castelo Branco,historic,0.28,3,Shared_House,0,0,3.91,0,34.0
10,3,0,0,none,82,Beja,rural,0.2,3,Apartment,1,0,3.56,0,75.0
7,6,1,0,concert,87,Beja,rural,0.2,3,Shared_House,0,0,3.91,1,102.0
7,3,0,0,none,46,Setúbal,coastal,0.6,3,House,0,1,4.61,0,289.0
3,0,0,0,concert,24,Viana do Castelo,coastal,0.38,3,Room,0,0,4.5,0,111.0
6,0,0,0,sports_event,80,Madeira,urban,0.65,5,House,1,1,4.24,1,429.0
11,3,0,0,fair,83,Braga,urban,0.58,3,Room,1,0,4.67,1,105.0
1,4,1,0,none,37,Vila Real,rural,0.22,1,Room,0,0,4.27,1,19.0
10,6,1,0,none,19,Lisboa,urban,0.92,3,Apartment,1,0,4.03,1,270.0
6,0,0,0,none,76,Portalegre,rural,0.18,5,Room,0,0,3.42,0,71.0
9,3,0,0,fair,33,Évora,historic,0.52,1,Shared_House,0,0,4.84,1,76.0
8,2,0,0,sports_event,49,Faro,coastal,0.78,5,Room,1,0,4.15,1,241.0
6,3,0,1,festival,80,Braga,urban,0.58,5,Shared_House,0,0,3.97,1,143.0
4,3,0,0,sports_event,15,Açores,rural,0.3,3,Room,0,0,4.15,1,119.0
8,2,0,1,national_holiday,28,Viana do Castelo,coastal,0.38,2,Apartment,0,0,4.95,1,179.0
2,0,0,1,festival,20,Viana do Castelo,coastal,0.38,1,Room,0,0,4.7,1,101.0
8,0,0,0,concert,69,Leiria,coastal,0.4,1,House,1,1,4.02,1,228.0
2,3,0,0,none,11,Viseu,historic,0.32,2,Apartment,0,1,4.43,1,97.0
8,1,0,0,national_holiday,14,Portalegre,rural,0.18,4,Apartment,1,0,4.81,1,161.0
8,2,0,0,fair,30,Madeira,urban,0.65,5,Apartment,0,0,4.37,1,248.0
2,0,0,0,national_holiday,35,Vila Real,rural,0.22,2,Room,0,0,4.26,1,87.0
10,0,0,0,concert,68,Vila Real,rural,0.22,3,Room,0,0,3.15,0,60.0
5,0,0,0,none,85,Madeira,urban,0.65,3,Room,0,0,4.82,1,104.0
10,2,0,0,festival,54,Évora,historic,0.52,2,Apartment,0,0,3.69,1,165.0
1,1,0,0,none,21,Portalegre,rural,0.18,3,Apartment,1,0,3.26,0,64.0
3,1,0,0,concert,60,Viseu,historic,0.32,5,Apartment,1,0,3.3,1,141.0
6,2,0,1,national_holiday,64,Leiria,coastal,0.4,3,House,1,1,3.77,1,245.0
3,2,0,0,fair,8,Aveiro,coastal,0.48,2,Room,0,0,4.44,0,83.0
4,0,0,0,none,83,Faro,coastal,0.78,3,Room,0,0,4.78,0,133.0
8,0,0,0,none,47,Coimbra,urban,0.55,1,Apartment,1,0,4.37,1,116.0
2,6,1,0,none,71,Santarém,urban,0.35,5,Room,0,0,5.0,0,122.0
9,4,1,0,sports_event,5,Viseu,historic,0.32,5,House,1,0,4.0,1,253.0
2,0,0,0,none,86,Castelo Branco,historic,0.28,1,Shared_House,0,0,4.08,0,15.0
3,1,0,0,none,88,Lisboa,urban,0.92,3,Room,0,0,3.27,1,85.0
8,2,0,0,none,85,Bragança,rural,0.15,4,House,0,0,3.91,0,102.0
10,6,1,0,none,48,Vila Real,rural,0.22,3,Room,0,0,3.18,1,44.0
3,6,1,0,national_holiday,11,Viana do Castelo,coastal,0.38,3,Apartment,0,1,3.53,1,198.0
4,5,1,0,none,41,Braga,urban,0.58,5,Room,0,0,4.52,0,125.0
12,0,0,0,none,55,Madeira,urban,0.65,2,Room,0,0,3.36,0,46.0
12,3,0,0,none,41,Açores,rural,0.3,3,Room,0,0,3.41,0,68.0
7,3,0,0,none,39,Coimbra,urban,0.55,1,Apartment,1,0,3.32,0,71.0
6,4,1,1,national_holiday,32,Castelo Branco,historic,0.28,2,Room,0,0,4.59,1,104.0
5,5,1,0,none,62,Évora,historic,0.52,4,Apartment,0,1,5.0,1,233.0
8,2,0,0,none,52,Viseu,historic,0.32,4,Room,0,0,4.16,1,80.0
8,3,0,0,none,67,Vila Real,rural,0.22,3,Shared_House,0,0,4.67,0,62.0
4,1,0,0,none,8,Leiria,coastal,0.4,1,Apartment,1,0,3.62,0,70.0
1,1,0,0,concert,23,Castelo Branco,historic,0.28,4,House,0,1,4.81,1,198.0
2,2,0,0,none,80,Viana do Castelo,coastal,0.38,2,House,1,0,3.84,1,105.0
12,5,1,0,sports_event,72,Guarda,rural,0.14,3,Room,0,0,4.53,1,99.0
6,3,0,0,festival,61,Évora,historic,0.52,2,Apartment,0,0,4.19,1,208.0
6,4,1,1,fair,37,Bragança,rural,0.15,3,Shared_House,0,0,3.24,1,69.0
6,4,1,0,none,39,Madeira,urban,0.65,3,Shared_House,0,1,3.76,1,132.0
10,2,0,0,concert,60,Guarda,rural,0.14,2,House,1,0,4.29,0,115.0
1,6,1,0,fair,70,Vila Real,rural,0.22,3,Apartment,1,0,3.28,1,98.0
1,0,0,0,national_holiday,39,Portalegre,rural,0.18,3,House,1,0,4.35,0,154.0
4,6,1,0,concert,81,Viseu,historic,0.32,3,Apartment,0,0,3.49,1,142.0
6,0,0,0,none,32,Lisboa,urban,0.92,3,Room,0,0,4.47,0,132.0
9,2,0,0,national_holiday,29,Coimbra,urban,0.55,4,Apartment,0,0,3.52,0,161.0
6,5,1,0,concert,63,Lisboa,urban,0.92,1,Apartment,1,0,4.42,1,352.0
6,4,1,0,none,72,Viseu,historic,0.32,1,Apartment,1,0,4.61,1,116.0
12,2,0,0,none,49,Portalegre,rural,0.18,2,Room,0,0,4.12,1,30.0
2,6,1,0,national_holiday,86,Lisboa,urban,0.92,1,House,0,0,4.16,1,455.0
7,0,0,0,none,77,Évora,historic,0.52,3,House,1,0,4.94,0,247.0
7,4,1,0,concert,19,Porto,urban,0.85,2,Apartment,0,0,3.81,1,280.0
6,3,0,1,national_holiday,71,Viseu,historic,0.32,1,Apartment,0,0,3.93,1,115.0
10,1,0,0,sports_event,73,Portalegre,rural,0.18,2,Apartment,0,0,4.52,0,104.0
4,6,1,0,none,79,Porto,urban,0.85,3,House,1,0,4.41,1,360.0
12,5,1,0,sports_event,48,Lisboa,urban,0.92,4,Apartment,0,0,4.08,1,365.0
4,0,0,0,none,69,Viana do Castelo,coastal,0.38,3,House,1,0,3.59,0,125.0
7,0,0,0,fair,66,Santarém,urban,0.35,5,Apartment,0,0,4.69,1,154.0
7,0,0,0,none,83,Santarém,urban,0.35,2,Shared_House,1,0,3.58,0,33.0
11,2,0,0,none,27,Setúbal,coastal,0.6,3,Apartment,1,0,5.0,0,147.0
6,2,0,0,none,15,Açores,rural,0.3,2,Apartment,0,0,3.6,0,87.0
4,5,1,0,none,69,Vila Real,rural,0.22,4,Apartment,0,0,3.65,0,84.0
1,4,1,0,national_holiday,58,Braga,urban,0.58,2,Apartment,0,0,4.37,0,186.0
5,0,0,0,none,88,Madeira,urban,0.65,5,Apartment,0,0,4.47,0,200.0
10,3,0,0,none,8,Braga,urban,0.58,4,Room,0,0,3.71,0,79.0
1,5,1,0,concert,4,Porto,urban,0.85,3,Room,0,0,5.0,1,167.0
11,6,1,0,none,45,Leiria,coastal,0.4,3,Apartment,0,0,4.36,1,125.0
7,2,0,0,none,55,Viseu,historic,0.32,2,Room,1,0,4.08,0,54.0
2,0,0,0,sports_event,78,Santarém,urban,0.35,1,Apartment,0,0,4.39,1,107.0
4,1,0,0,none,61,Braga,urban,0.58,5,Room,0,0,4.81,1,116.0
7,2,0,0,concert,66,Braga,urban,0.58,4,Apartment,1,0,5.0,1,206.0
4,3,0,0,festival,35,Madeira,urban,0.65,2,Apartment,1,0,4.3,1,257.0
2,2,0,0,none,53,Beja,rural,0.2,2,Room,1,1,3.56,0,64.0
8,0,0,0,festival,13,Setúbal,coastal,0.6,2,Apartment,1,0,3.57,1,222.0
9,2,0,0,fair,63,Leiria,coastal,0.4,4,Apartment,0,0,3.49,0,115.0
2,2,0,0,none,13,Faro,coastal,0.78,3,Room,0,0,3.88,0,98.0
4,3,0,0,sports_event,16,Viana do Castelo,coastal,0.38,3,House,1,0,4.22,0,227.0
3,0,0,0,none,15,Bragança,rural,0.15,1,Room,0,0,4.31,0,31.0
8,5,1,0,festival,84,Faro,coastal,0.78,5,House,0,1,4.76,1,595.0
9,2,0,0,sports_event,16,Viana do Castelo,coastal,0.38,2,Apartment,0,0,3.16,1,124.0
9,2,0,0,none,20,Aveiro,coastal,0.48,2,House,1,0,4.19,0,155.0
12,6,1,0,none,90,Viseu,historic,0.32,5,Room,0,1,4.43,1,128.0
10,5,1,0,none,16,Portalegre,rural,0.18,4,Apartment,0,0,2.8,0,70.0
4,0,0,0,sports_event,49,Castelo Branco,historic,0.28,3,Apartment,0,0,4.43,1,137.0
2,1,0,0,festival,13,Madeira,urban,0.65,4,House,0,1,5.0,1,401.0
8,0,0,0,none,41,Beja,rural,0.2,1,Room,0,0,4.59,0,36.0
11,3,0,0,none,85,Guarda,rural,0.14,1,Apartment,0,0,4.35,0,36.0
12,2,0,0,national_holiday,30,Coimbra,urban,0.55,2,Room,0,0,4.06,0,107.0
3,2,0,0,none,42,Vila Real,rural,0.22,2,Apartment,0,1,4.32,0,75.0
3,3,0,0,none,79,Viseu,historic,0.32,4,Apartment,0,0,4.97,1,117.0
1,3,0,0,none,48,Faro,coastal,0.78,3,Room,0,0,4.03,0,100.0
2,0,0,0,festival,86,Faro,coastal,0.78,3,Apartment,0,0,4.8,0,308.0
7,0,0,0,none,35,Vila Real,rural,0.22,4,Apartment,0,0,4.43,0,99.0
7,5,1,0,fair,21,Braga,urban,0.58,2,House,0,1,5.0,0,274.0
5,6,1,0,sports_event,3,Santarém,urban,0.35,1,Apartment,0,0,4.74,1,148.0
4,5,1,0,none,36,Guarda,rural,0.14,2,Room,0,0,4.29,0,68.0
10,6,1,0,festival,6,Guarda,rural,0.14,4,Shared_House,1,0,4.26,1,131.0
6,3,0,0,none,52,Aveiro,coastal,0.48,3,House,0,1,4.04,1,198.0
10,5,1,0,none,2,Viseu,historic,0.32,5,Room,0,0,4.69,1,109.0
12,6,1,0,festival,10,Madeira,urban,0.65,4,Shared_House,1,0,3.9,1,176.0
4,6,1,0,none,49,Coimbra,urban,0.55,4,Room,1,0,4.26,1,117.0
3,1,0,0,fair,55,Castelo Branco,historic,0.28,4,Room,0,0,4.1,0,71.0
12,1,0,0,festival,18,Braga,urban,0.58,3,Apartment,1,0,3.53,0,156.0
8,2,0,0,none,67,Bragança,rural,0.15,5,Room,1,0,4.31,0,100.0
4,3,0,0,national_holiday,37,Leiria,coastal,0.4,3,Apartment,1,0,3.44,1,164.0
8,6,1,0,festival,17,Castelo Branco,historic,0.28,2,Apartment,1,0,3.98,1,152.0
7,2,0,0,none,42,Porto,urban,0.85,2,House,1,1,4.53,1,311.0
11,5,1,0,none,84,Viseu,historic,0.32,4,Apartment,0,0,4.28,0,142.0
4,6,1,0,national_holiday,48,Santarém,urban,0.35,2,Apartment,0,0,4.28,1,150.0
12,6,1,0,none,77,Açores,rural,0.3,4,House,1,0,3.77,0,236.0
12,1,0,0,none,81,Açores,rural,0.3,5,Apartment,0,1,4.72,0,171.0
3,1,0,0,none,21,Braga,urban,0.58,2,Room,1,0,3.76,0,49.0
2,1,0,0,none,4,Aveiro,coastal,0.48,2,Shared_House,0,1,4.55,0,85.0
7,5,1,0,none,61,Santarém,urban,0.35,2,Room,0,0,4.85,1,71.0
1,4,1,0,festival,45,Évora,historic,0.52,3,Apartment,0,1,3.43,1,238.0
4,2,0,0,fair,33,Guarda,rural,0.14,3,House,1,0,4.0,1,105.0
6,0,0,0,sports_event,12,Castelo Branco,historic,0.28,2,Apartment,0,0,3.95,0,139.0
12,3,0,0,none,14,Évora,historic,0.52,3,House,0,1,4.34,1,208.0
12,5,1,1,national_holiday,84,Aveiro,coastal,0.48,3,Apartment,0,0,3.73,1,200.0
2,3,0,0,none,13,Guarda,rural,0.14,2,House,0,0,3.62,0,59.0
11,1,0,0,none,83,Coimbra,urban,0.55,1,Apartment,1,0,4.17,0,54.0
2,4,1,0,sports_event,24,Lisboa,urban,0.92,2,Shared_House,0,0,3.92,1,162.0
9,4,1,0,none,13,Porto,urban,0.85,4,Apartment,1,0,4.13,1,275.0
11,4,1,0,fair,47,Faro,coastal,0.78,2,Apartment,1,0,4.65,1,324.0
11,6,1,0,none,11,Santarém,urban,0.35,1,Apartment,0,0,3.39,1,71.0
3,2,0,0,sports_event,25,Lisboa,urban,0.92,3,House,1,1,4.14,1,393.0
11,4,1,0,fair,10,Viana do Castelo,coastal,0.38,3,Shared_House,0,0,3.9,1,90.0
2,5,1,0,sports_event,2,Viana do Castelo,coastal,0.38,4,Apartment,0,0,4.21,1,196.0
7,1,0,0,fair,9,Aveiro,coastal,0.48,3,Apartment,0,0,3.91,0,153.0
6,1,0,0,concert,88,Vila Real,rural,0.22,3,Apartment,0,0,3.61,0,99.0
4,0,0,0,festival,15,Braga,urban,0.58,4,House,1,0,4.4,1,262.0
1,2,0,0,none,20,Vila Real,rural,0.22,5,House,1,1,5.0,0,142.0
10,0,0,0,none,15,Portalegre,rural,0.18,3,Room,0,0,4.15,1,64.0
5,5,1,0,fair,7,Santarém,urban,0.35,3,Room,0,0,3.84,1,81.0
8,0,0,0,none,15,Portalegre,rural,0.18,1,Apartment,1,0,3.84,0,59.0
5,4,1,0,national_holiday,10,Viana do Castelo,coastal,0.38,3,Shared_House,0,0,4.67,1,116.0
5,4,1,1,national_holiday,14,Setúbal,coastal,0.6,5,Room,0,0,3.76,1,191.0
11,6,1,0,sports_event,42,Vila Real,rural,0.22,2,House,1,1,4.85,1,211.0
2,2,0,0,none,35,Viseu,historic,0.32,2,Apartment,0,0,3.38,0,52.0
9,2,0,0,national_holiday,17,Beja,rural,0.2,3,Room,0,0,4.3,0,101.0
9,1,0,0,none,23,Madeira,urban,0.65,5,House,0,1,4.53,0,305.0
5,3,0,0,none,42,Aveiro,coastal,0.48,1,Apartment,0,0,4.58,1,105.0
4,1,0,0,fair,38,Setúbal,coastal,0.6,4,Apartment,0,0,4.55,1,202.0
1,0,0,0,none,11,Açores,rural,0.3,2,House,0,1,4.33,0,164.0
12,6,1,0,none,81,Leiria,coastal,0.4,4,House,1,0,4.78,1,234.0
12,4,1,0,fair,36,Porto,urban,0.85,5,Apartment,1,0,3.7,1,294.0
3,0,0,0,concert,32,Aveiro,coastal,0.48,4,Shared_House,0,0,3.88,0,107.0
1,4,1,0,none,52,Coimbra,urban,0.55,5,Apartment,0,0,4.0,0,166.0
2,2,0,0,festival,26,Setúbal,coastal,0.6,5,Apartment,0,0,4.94,0,251.0
1,1,0,0,none,57,Braga,urban,0.58,5,Apartment,1,0,4.43,0,146.0
10,3,0,0,none,83,Portalegre,rural,0.18,3,House,1,0,4.54,0,103.0
11,5,1,0,festival,77,Braga,urban,0.58,3,Apartment,0,0,4.11,1,219.0
2,0,0,0,none,29,Portalegre,rural,0.18,1,Room,0,0,4.61,0,26.0
9,2,0,0,none,9,Vila Real,rural,0.22,2,Apartment,0,0,3.42,0,39.0
3,6,1,0,none,11,Castelo Branco,historic,0.28,3,Apartment,0,0,4.0,1,102.0
5,2,0,0,fair,19,Castelo Branco,historic,0.28,2,Apartment,1,0,4.09,1,106.0
8,0,0,0,festival,56,Coimbra,urban,0.55,5,Apartment,0,0,3.96,1,229.0
9,3,0,0,none,45,Beja,rural,0.2,2,Apartment,0,1,4.04,0,77.0
11,4,1,0,national_holiday,26,Portalegre,rural,0.18,1,Apartment,1,0,4.47,1,126.0
1,6,1,0,concert,18,Vila Real,rural,0.22,2,House,1,0,4.32,1,164.0
3,4,1,0,none,47,Setúbal,coastal,0.6,1,House,1,1,4.8,1,327.0
4,0,0,0,national_holiday,87,Beja,rural,0.2,2,Shared_House,0,0,3.16,0,48.0
4,5,1,0,none,70,Leiria,coastal,0.4,3,Room,1,0,4.94,1,104.0
12,5,1,0,none,24,Santarém,urban,0.35,2,Apartment,0,0,3.88,1,92.0
10,4,1,0,none,51,Faro,coastal,0.78,4,House,1,0,4.86,1,483.0
4,6,1,0,none,46,Évora,historic,0.52,3,Apartment,0,0,3.99,0,171.0
12,5,1,0,sports_event,73,Vila Real,rural,0.22,4,House,0,0,4.38,1,213.0
6,1,0,0,festival,32,Portalegre,rural,0.18,4,Apartment,0,1,3.66,1,149.0
7,2,0,0,fair,32,Bragança,rural,0.15,2,Shared_House,0,0,3.59,0,50.0
6,3,0,0,none,41,Évora,historic,0.52,1,House,1,0,4.49,0,195.0
2,3,0,0,none,16,Viseu,historic,0.32,4,Room,1,0,2.87,0,46.0
12,4,1,0,none,79,Faro,coastal,0.78,4,House,1,0,3.59,0,436.0
1,4,1,0,none,36,Bragança,rural,0.15,2,Apartment,1,0,4.58,0,69.0
3,0,0,0,national_holiday,78,Beja,rural,0.2,3,Apartment,0,0,3.99,0,111.0
3,3,0,0,sports_event,38,Leiria,coastal,0.4,2,Apartment,0,0,3.76,1,131.0
4,0,0,0,concert,61,Viseu,historic,0.32,1,Room,1,0,4.96,1,89.0
2,3,0,0,concert,65,Lisboa,urban,0.92,2,Room,0,0,5.0,0,155.0
1,2,0,0,none,72,Castelo Branco,historic,0.28,4,Apartment,0,0,4.2,0,96.0
9,1,0,0,none,62,Portalegre,rural,0.18,2,House,1,0,4.84,1,102.0
12,6,1,0,none,63,Coimbra,urban,0.55,3,Apartment,1,0,4.96,1,173.0
2,1,0,0,concert,28,Madeira,urban,0.65,2,House,1,0,4.19,0,251.0
4,0,0,0,none,6,Porto,urban,0.85,1,Room,0,0,3.94,0,58.0
7,2,0,0,none,84,Castelo Branco,historic,0.28,2,Apartment,1,0,4.24,1,83.0
12,5,1,0,sports_event,77,Aveiro,coastal,0.48,3,Apartment,0,0,3.47,1,193.0
9,0,0,0,none,25,Leiria,coastal,0.4,4,House,0,0,4.48,1,202.0
10,3,0,0,festival,2,Braga,urban,0.58,4,Apartment,0,0,4.04,1,199.0
7,2,0,0,none,90,Açores,rural,0.3,2,Apartment,1,0,4.23,0,122.0
6,6,1,0,none,8,Braga,urban,0.58,1,Apartment,0,0,4.22,1,138.0
3,0,0,0,none,3,Lisboa,urban,0.92,2,House,1,0,3.78,0,250.0
11,0,0,0,fair,89,Vila Real,rural,0.22,4,Shared_House,0,0,4.18,0,80.0
10,3,0,0,sports_event,61,Coimbra,urban,0.55,3,Room,0,0,3.52,0,102.0
1,1,0,0,none,55,Portalegre,rural,0.18,4,House,0,1,3.96,1,116.0
9,4,1,0,concert,56,Leiria,coastal,0.4,2,Room,0,0,3.64,1,91.0
2,1,0,0,concert,67,Leiria,coastal,0.4,3,House,0,1,3.76,0,169.0
9,3,0,0,sports_event,53,Aveiro,coastal,0.48,3,House,1,0,3.07,0,220.0
10,0,0,0,national_holiday,68,Leiria,coastal,0.4,3,Apartment,0,0,3.99,1,157.0
2,4,1,0,concert,71,Viseu,historic,0.32,3,Apartment,0,0,4.44,1,133.0
6,3,0,0,none,20,Faro,coastal,0.78,2,House,0,1,4.29,1,365.0
2,0,0,0,none,54,Viseu,historic,0.32,3,Shared_House,0,0,4.74,0,67.0
7,1,0,0,none,30,Évora,historic,0.52,5,House,1,1,3.72,1,255.0
12,0,0,0,none,55,Viana do Castelo,coastal,0.38,2,Shared_House,0,0,3.96,1,32.0
1,0,0,0,national_holiday,16,Aveiro,coastal,0.48,4,Apartment,0,0,4.66,1,192.0
5,4,1,0,festival,79,Setúbal,coastal,0.6,5,Apartment,0,0,4.16,1,324.0
12,2,0,0,none,24,Leiria,coastal,0.4,3,Shared_House,0,0,4.29,1,72.0
4,5,1,0,national_holiday,17,Castelo Branco,historic,0.28,3,Apartment,1,0,5.0,1,158.0
2,1,0,0,sports_event,11,Madeira,urban,0.65,2,House,1,1,4.07,0,328.0
6,5,1,0,none,48,Porto,urban,0.85,4,Apartment,0,0,3.96,1,260.0
7,4,1,0,fair,33,Viseu,historic,0.32,5,Room,0,0,3.7,1,120.0
8,4,1,0,none,65,Coimbra,urban,0.55,5,Apartment,0,0,4.06,1,197.0
4,5,1,0,none,38,Faro,coastal,0.78,2,Shared_House,0,0,4.71,1,145.0
12,4,1,0,none,28,Viana do Castelo,coastal,0.38,5,Apartment,0,0,4.49,1,172.0
7,5,1,0,national_holiday,29,Santarém,urban,0.35,2,Apartment,1,0,4.92,1,171.0
4,5,1,0,none,20,Vila Real,rural,0.22,3,Room,0,0,4.38,0,64.0
12,3,0,0,none,63,Viana do Castelo,coastal,0.38,2,Apartment,0,1,3.08,0,83.0
12,5,1,0,sports_event,12,Açores,rural,0.3,2,Apartment,0,1,4.51,1,262.0
6,5,1,0,fair,83,Viseu,historic,0.32,3,House,1,1,4.25,1,224.0
1,5,1,0,none,24,Lisboa,urban,0.92,3,Apartment,0,0,4.2,0,258.0
8,4,1,0,none,1,Viseu,historic,0.32,5,Apartment,1,0,4.81,1,168.0
7,0,0,0,national_holiday,60,Beja,rural,0.2,2,Apartment,1,0,4.06,1,116.0
2,3,0,0,concert,65,Beja,rural,0.2,4,House,1,0,4.49,0,146.0
8,0,0,0,none,56,Vila Real,rural,0.22,3,Apartment,1,0,3.66,0,72.0
11,0,0,0,none,33,Beja,rural,0.2,2,Room,0,0,3.44,0,18.0
2,2,0,0,none,16,Aveiro,coastal,0.48,2,Room,0,0,3.9,0,37.0
9,3,0,0,sports_event,79,Lisboa,urban,0.92,4,Apartment,0,0,4.04,0,277.0
2,3,0,0,festival,45,Madeira,urban,0.65,4,House,0,0,4.47,1,345.0
9,6,1,0,concert,43,Viana do Castelo,coastal,0.38,1,House,1,1,3.65,1,227.0
6,5,1,0,none,20,Santarém,urban,0.35,3,House,0,0,4.95,1,197.0
1,2,0,0,concert,71,Castelo Branco,historic,0.28,3,Apartment,0,0,3.72,0,106.0
12,2,0,0,none,85,Évora,historic,0.52,3,House,1,0,4.16,0,166.0
2,4,1,0,fair,59,Vila Real,rural,0.22,3,Apartment,0,0,4.21,1,112.0
8,1,0,0,none,66,Castelo Branco,historic,0.28,4,House,1,0,4.35,0,140.0
3,6,1,0,none,64,Aveiro,coastal,0.48,2,Apartment,0,0,4.43,1,146.0
12,5,1,0,none,16,Viana do Castelo,coastal,0.38,1,Shared_House,0,0,5.0,1,67.0
9,4,1,0,none,42,Viseu,historic,0.32,2,Apartment,0,1,3.9,1,121.0
10,1,0,0,none,27,Guarda,rural,0.14,5,House,1,1,4.36,0,149.0
6,4,1,0,sports_event,37,Viseu,historic,0.32,3,House,0,0,4.16,1,221.0
6,5,1,0,fair,77,Bragança,rural,0.15,2,Apartment,0,0,4.69,1,113.0
8,0,0,0,festival,75,Viana do Castelo,coastal,0.38,4,Apartment,0,1,4.42,1,231.0
10,1,0,0,festival,51,Faro,coastal,0.78,3,Apartment,0,0,4.31,1,309.0
11,3,0,0,none,11,Madeira,urban,0.65,2,House,0,1,3.45,0,184.0
1,2,0,0,concert,33,Évora,historic,0.52,1,House,1,0,3.97,1,175.0
8,4,1,0,none,66,Bragança,rural,0.15,4,Apartment,0,0,3.71,1,98.0
2,2,0,0,none,54,Açores,rural,0.3,4,House,1,0,3.98,0,164.0
4,6,1,0,none,51,Setúbal,coastal,0.6,2,Apartment,0,0,3.79,1,162.0
10,2,0,0,none,36,Vila Real,rural,0.22,2,House,0,0,3.94,0,67.0
4,2,0,0,festival,88,Lisboa,urban,0.92,2,Apartment,0,0,3.99,0,253.0
10,0,0,0,none,83,Viseu,historic,0.32,3,Room,0,0,4.0,0,57.0
6,1,0,0,none,58,Lisboa,urban,0.92,2,House,0,0,4.05,0,281.0
3,1,0,0,concert,79,Setúbal,coastal,0.6,2,Apartment,0,0,3.74,0,149.0
5,5,1,0,none,17,Vila Real,rural,0.22,2,Room,0,0,4.22,1,68.0
7,2,0,0,festival,15,Coimbra,urban,0.55,5,Room,0,0,3.75,1,146.0
10,1,0,0,none,65,Aveiro,coastal,0.48,3,Apartment,0,0,3.9,0,85.0
8,2,0,0,fair,61,Setúbal,coastal,0.6,2,Apartment,0,0,4.17,0,165.0
12,3,0,1,sports_event,22,Açores,rural,0.3,3,Apartment,0,0,2.91,0,141.0
11,5,1,0,none,76,Portalegre,rural,0.18,4,Apartment,0,0,5.0,0,125.0
10,6,1,0,fair,68,Beja,rural,0.2,5,Room,0,0,4.46,0,121.0
8,0,0,1,national_holiday,20,Guarda,rural,0.14,5,House,1,1,4.36,1,220.0
4,5,1,0,none,55,Viseu,historic,0.32,3,Apartment,0,1,3.94,0,152.0
5,2,0,0,sports_event,79,Madeira,urban,0.65,3,Apartment,1,0,4.25,1,227.0
2,5,1,0,sports_event,70,Faro,coastal,0.78,2,House,0,0,3.6,1,478.0
5,0,0,0,none,38,Faro,coastal,0.78,4,House,0,1,4.45,1,385.0
12,4,1,0,none,74,Beja,rural,0.2,3,Room,1,0,3.36,0,70.0
6,6,1,0,none,28,Açores,rural,0.3,2,House,1,1,3.57,1,239.0
2,0,0,0,festival,88,Évora,historic,0.52,3,Apartment,0,0,3.85,1,182.0
8,5,1,0,national_holiday,89,Açores,rural,0.3,2,Room,1,0,4.95,1,149.0
12,0,0,0,none,28,Porto,urban,0.85,3,House,1,1,3.65,1,264.0
11,6,1,0,national_holiday,62,Beja,rural,0.2,2,House,1,1,4.37,0,200.0
4,5,1,0,none,87,Castelo Branco,historic,0.28,2,Apartment,0,0,3.17,1,70.0
6,6,1,0,concert,27,Vila Real,rural,0.22,1,Room,0,0,4.21,1,73.0
7,6,1,0,national_holiday,65,Viseu,historic,0.32,2,Apartment,0,0,5.0,1,168.0
3,2,0,0,sports_event,48,Porto,urban,0.85,2,Apartment,0,0,4.45,0,234.0
4,2,0,0,none,40,Viana do Castelo,coastal,0.38,4,Apartment,0,0,3.16,0,98.0
3,4,1,0,none,58,Coimbra,urban,0.55,3,Room,1,0,4.22,1,75.0
12,1,0,0,none,43,Faro,coastal,0.78,3,Room,0,0,3.97,0,103.0
9,2,0,0,festival,65,Setúbal,coastal,0.6,2,Apartment,1,0,4.81,0,245.0
11,0,0,0,national_holiday,87,Castelo Branco,historic,0.28,5,Apartment,0,0,4.15,1,157.0
10,6,1,0,none,19,Aveiro,coastal,0.48,5,Apartment,0,0,3.48,1,160.0
12,1,0,0,none,16,Santarém,urban,0.35,3,House,1,0,4.13,0,139.0
2,2,0,0,none,56,Aveiro,coastal,0.48,3,House,1,0,3.85,0,120.0
11,3,0,0,festival,87,Setúbal,coastal,0.6,4,Room,0,0,3.12,1,121.0
1,2,0,0,festival,77,Beja,rural,0.2,4,Room,0,0,4.11,1,108.0
6,5,1,0,none,37,Aveiro,coastal,0.48,2,Room,0,0,4.2,1,96.0
8,6,1,0,concert,73,Coimbra,urban,0.55,3,Apartment,0,0,4.39,1,189.0
5,4,1,0,none,83,Setúbal,coastal,0.6,2,Room,0,0,4.71,1,124.0
2,5,1,0,festival,27,Faro,coastal,0.78,4,Apartment,0,0,4.06,0,386.0
3,0,0,0,none,10,Viana do Castelo,coastal,0.38,3,Room,0,0,3.45,0,52.0
10,6,1,0,none,88,Leiria,coastal,0.4,5,House,1,0,3.78,1,224.0
4,0,0,0,festival,15,Faro,coastal,0.78,2,Shared_House,0,0,4.19,1,150.0
4,0,0,0,sports_event,2,Beja,rural,0.2,3,Apartment,0,0,4.81,1,156.0
12,0,0,1,national_holiday,29,Leiria,coastal,0.4,4,House,1,1,4.2,1,273.0
2,1,0,0,concert,71,Madeira,urban,0.65,4,House,1,0,4.13,0,264.0
11,5,1,0,none,68,Santarém,urban,0.35,4,Shared_House,0,0,4.08,1,71.0
12,2,0,0,none,29,Porto,urban,0.85,2,Apartment,0,0,4.2,0,123.0
8,5,1,0,national_holiday,62,Vila Real,rural,0.22,5,House,0,0,5.0,1,224.0
2,2,0,0,national_holiday,85,Guarda,rural,0.14,5,Apartment,1,0,4.16,0,136.0
2,0,0,0,none,1,Porto,urban,0.85,5,Room,0,0,4.07,1,106.0
4,3,0,0,national_holiday,78,Açores,rural,0.3,3,Room,0,1,4.22,1,137.0
7,1,0,0,concert,55,Castelo Branco,historic,0.28,4,House,1,0,3.86,1,172.0
2,2,0,0,none,80,Bragança,rural,0.15,1,House,1,0,3.42,0,63.0
6,3,0,0,none,5,Açores,rural,0.3,2,House,0,1,3.33,0,142.0
2,5,1,0,none,23,Bragança,rural,0.15,1,House,1,0,3.84,0,89.0
7,4,1,0,festival,35,Évora,historic,0.52,3,Apartment,0,0,4.79,1,245.0
1,1,0,0,national_holiday,72,Viseu,historic,0.32,5,Room,0,0,4.78,1,127.0
9,5,1,0,none,61,Beja,rural,0.2,3,House,1,0,3.64,0,128.0
1,4,1,0,none,30,Açores,rural,0.3,3,Apartment,0,0,4.12,0,145.0
3,1,0,0,none,22,Bragança,rural,0.15,4,House,1,1,4.27,0,110.0
3,5,1,0,festival,41,Braga,urban,0.58,3,Apartment,0,0,3.84,1,207.0
10,5,1,0,concert,15,Aveiro,coastal,0.48,3,Room,0,0,4.85,1,134.0
1,4,1,0,none,82,Guarda,rural,0.14,3,House,1,1,4.58,1,149.0
6,2,0,0,festival,75,Santarém,urban,0.35,3,House,1,0,4.38,1,212.0
8,2,0,0,none,65,Porto,urban,0.85,3,Apartment,0,0,4.23,0,176.0
7,3,0,0,concert,44,Madeira,urban,0.65,4,Room,0,0,3.42,1,149.0
9,1,0,0,sports_event,58,Setúbal,coastal,0.6,3,Room,0,0,4.88,1,154.0
10,2,0,0,sports_event,23,Aveiro,coastal,0.48,3,Room,0,0,4.49,1,135.0
5,0,0,0,none,12,Bragança,rural,0.15,3,House,0,0,4.4,0,97.0
10,1,0,0,festival,21,Madeira,urban,0.65,5,House,1,0,3.83,0,368.0
4,5,1,0,sports_event,49,Portalegre,rural,0.18,3,House,0,1,3.87,1,196.0
12,0,0,0,sports_event,87,Vila Real,rural,0.22,4,Apartment,0,1,4.45,1,161.0
7,3,0,0,festival,12,Vila Real,rural,0.22,3,Apartment,0,0,4.75,1,142.0
9,3,0,0,fair,28,Beja,rural,0.2,1,Apartment,0,0,5.0,1,92.0
11,0,0,0,none,7,Madeira,urban,0.65,3,Room,1,0,3.83,0,93.0
10,5,1,0,none,40,Coimbra,urban,0.55,2,Apartment,0,0,4.12,1,137.0
11,6,1,0,national_holiday,86,Bragança,rural,0.15,2,Room,0,0,3.15,0,52.0
7,4,1,0,none,5,Faro,coastal,0.78,2,House,1,1,2.97,1,474.0
1,4,1,0,fair,54,Castelo Branco,historic,0.28,4,Apartment,0,0,4.46,1,133.0
6,1,0,1,festival,14,Braga,urban,0.58,3,Apartment,0,0,3.77,1,181.0
3,5,1,0,fair,1,Madeira,urban,0.65,3,Apartment,0,0,3.21,0,219.0
11,5,1,0,festival,49,Porto,urban,0.85,3,Apartment,0,0,3.62,1,276.0
3,3,0,0,concert,43,Viana do Castelo,coastal,0.38,2,Apartment,0,0,4.37,0,133.0
3,4,1,0,sports_event,82,Évora,historic,0.52,5,Room,0,0,4.39,1,172.0
3,6,1,0,festival,26,Faro,coastal,0.78,5,Shared_House,0,0,3.38,0,213.0
8,4,1,0,none,58,Leiria,coastal,0.4,4,Apartment,1,0,4.82,1,187.0
7,1,0,0,none,14,Porto,urban,0.85,2,Apartment,0,0,3.85,0,163.0
12,2,0,0,none,53,Viseu,historic,0.32,5,House,0,0,4.34,0,133.0
5,1,0,0,national_holiday,74,Évora,historic,0.52,4,Shared_House,0,0,4.22,1,119.0
4,2,0,0,none,35,Faro,coastal,0.78,2,Shared_House,0,0,4.19,1,92.0
1,6,1,0,concert,14,Beja,rural,0.2,2,Shared_House,0,0,3.73,0,56.0
1,1,0,0,none,46,Faro,coastal,0.78,2,Apartment,0,0,4.19,0,153.0
5,6,1,0,none,15,Portalegre,rural,0.18,4,Shared_House,0,0,4.33,1,70.0
12,1,0,0,national_holiday,59,Aveiro,coastal,0.48,3,Apartment,0,0,4.1,0,175.0
7,3,0,0,none,21,Aveiro,coastal,0.48,2,Apartment,0,1,4.25,0,137.0
11,3,0,0,festival,60,Castelo Branco,historic,0.28,2,Room,0,0,4.75,0,94.0
2,0,0,0,none,65,Portalegre,rural,0.18,3,House,1,0,3.96,0,92.0
2,1,0,0,none,90,Guarda,rural,0.14,3,Room,0,0,4.53,0,51.0
11,2,0,0,none,18,Viseu,historic,0.32,3,House,1,0,4.09,0,98.0
2,0,0,0,sports_event,84,Setúbal,coastal,0.6,2,Room,0,0,4.91,1,130.0
1,5,1,0,none,29,Açores,rural,0.3,3,Apartment,0,0,3.5,0,110.0
5,3,0,0,concert,14,Aveiro,coastal,0.48,5,Apartment,0,1,4.85,1,239.0
12,5,1,1,festival,82,Coimbra,urban,0.55,2,Room,0,0,3.93,1,129.0
9,6,1,0,none,52,Guarda,rural,0.14,3,House,1,1,5.0,1,166.0
2,2,0,0,none,51,Viseu,historic,0.32,2,Apartment,0,0,4.42,0,75.0
11,5,1,0,none,28,Guarda,rural,0.14,2,Apartment,0,0,4.63,1,85.0
11,0,0,0,concert,16,Guarda,rural,0.14,4,Room,0,0,4.12,0,96.0
10,3,0,0,festival,6,Madeira,urban,0.65,5,Shared_House,0,0,4.54,0,166.0
11,4,1,0,none,78,Castelo Branco,historic,0.28,2,Room,0,0,4.54,1,56.0
3,3,0,0,festival,2,Portalegre,rural,0.18,2,Room,0,0,4.13,0,90.0
12,5,1,0,none,47,Setúbal,coastal,0.6,1,Room,0,0,4.58,1,91.0
4,6,1,0,sports_event,25,Setúbal,coastal,0.6,3,Apartment,1,0,2.52,1,211.0
10,2,0,0,none,76,Aveiro,coastal,0.48,1,House,1,0,3.88,0,120.0
7,1,0,0,none,64,Viana do Castelo,coastal,0.38,3,House,1,0,4.21,0,175.0
10,4,1,0,none,8,Leiria,coastal,0.4,2,Shared_House,0,0,4.45,1,78.0
8,6,1,0,sports_event,12,Portalegre,rural,0.18,3,Apartment,1,0,4.69,1,145.0
8,6,1,0,sports_event,15,Santarém,urban,0.35,5,Shared_House,0,0,4.07,1,130.0
8,5,1,0,none,65,Porto,urban,0.85,1,Room,0,0,4.0,0,106.0
10,1,0,0,none,9,Viseu,historic,0.32,4,Apartment,1,0,4.64,1,113.0
9,1,0,0,sports_event,22,Lisboa,urban,0.92,4,House,1,0,4.78,0,483.0
2,4,1,0,none,44,Évora,historic,0.52,2,Apartment,0,0,4.57,0,163.0
10,2,0,0,festival,17,Aveiro,coastal,0.48,5,House,0,0,4.12,0,267.0
7,4,1,0,none,35,Bragança,rural,0.15,3,House,0,0,5.0,1,168.0
4,6,1,0,none,28,Vila Real,rural,0.22,3,Room,0,0,4.24,0,49.0
7,3,0,0,festival,38,Aveiro,coastal,0.48,3,House,1,0,4.31,1,299.0
12,2,0,0,none,3,Faro,coastal,0.78,2,Room,0,0,5.0,1,124.0
11,6,1,1,festival,33,Leiria,coastal,0.4,1,Apartment,0,0,4.96,1,182.0
11,3,0,0,none,49,Viseu,historic,0.32,3,Room,0,0,4.55,0,67.0
6,4,1,0,none,39,Guarda,rural,0.14,4,Room,1,1,3.75,1,107.0
10,0,0,0,none,85,Portalegre,rural,0.18,5,House,1,0,4.26,0,119.0
5,3,0,0,none,35,Guarda,rural,0.14,3,Apartment,0,0,4.46,0,74.0
9,2,0,0,festival,28,Évora,historic,0.52,2,Shared_House,0,0,5.0,0,107.0
8,0,0,0,concert,15,Bragança,rural,0.15,2,Room,0,0,5.0,1,93.0
3,1,0,0,national_holiday,56,Braga,urban,0.58,5,Room,0,0,3.9,0,132.0
4,4,1,0,none,52,Bragança,rural,0.15,2,Apartment,0,0,4.63,1,87.0
1,1,0,0,none,5,Setúbal,coastal,0.6,5,Room,0,0,3.79,0,98.0
2,0,0,0,none,79,Açores,rural,0.3,2,Apartment,0,0,4.14,0,85.0
6,0,0,0,fair,89,Aveiro,coastal,0.48,1,House,0,0,3.77,1,162.0
6,0,0,0,none,90,Madeira,urban,0.65,2,Room,1,0,5.0,1,111.0
2,3,0,0,none,71,Santarém,urban,0.35,3,Apartment,0,0,4.32,0,76.0
6,3,0,0,concert,11,Viseu,historic,0.32,2,Apartment,0,0,4.35,1,128.0
8,4,1,0,none,81,Setúbal,coastal,0.6,5,House,1,1,4.22,1,386.0
3,4,1,0,festival,38,Coimbra,urban,0.55,3,Apartment,0,0,4.39,1,208.0
5,3,0,0,none,78,Vila Real,rural,0.22,1,House,1,0,4.41,0,82.0
5,6,1,0,festival,22,Aveiro,coastal,0.48,3,Apartment,0,0,3.86,1,210.0
7,1,0,0,sports_event,62,Setúbal,coastal,0.6,2,Apartment,0,0,3.36,0,186.0
5,4,1,0,none,52,Viseu,historic,0.32,3,House,1,0,3.54,0,160.0
9,0,0,0,festival,42,Portalegre,rural,0.18,4,Shared_House,0,0,3.39,1,110.0
4,5,1,0,festival,33,Porto,urban,0.85,5,House,1,0,4.3,1,485.0
6,2,0,0,none,5,Faro,coastal,0.78,3,Apartment,1,0,3.79,0,228.0
5,2,0,0,fair,79,Leiria,coastal,0.4,2,Shared_House,0,0,4.69,0,76.0
3,0,0,0,concert,66,Vila Real,rural,0.22,3,Shared_House,0,0,4.32,0,90.0
9,3,0,0,national_holiday,85,Viana do Castelo,coastal,0.38,3,House,0,0,3.28,0,196.0
3,2,0,0,sports_event,47,Évora,historic,0.52,3,House,0,0,3.99,0,228.0
4,6,1,0,none,30,Madeira,urban,0.65,1,Apartment,0,0,3.14,1,161.0
10,1,0,0,none,56,Lisboa,urban,0.92,2,House,1,1,3.63,0,239.0
12,2,0,0,none,33,Faro,coastal,0.78,5,Room,0,0,3.95,1,127.0
9,6,1,0,none,85,Portalegre,rural,0.18,5,Shared_House,1,0,3.73,1,88.0
11,5,1,0,none,49,Guarda,rural,0.14,1,Apartment,0,0,5.0,1,90.0
11,5,1,0,none,61,Beja,rural,0.2,5,Apartment,0,0,4.57,0,129.0
6,3,0,0,none,58,Madeira,urban,0.65,4,Room,0,0,4.04,1,109.0
10,6,1,0,fair,35,Guarda,rural,0.14,1,Room,0,0,4.91,0,50.0
4,1,0,1,national_holiday,68,Beja,rural,0.2,5,Room,0,0,3.71,0,109.0
6,5,1,1,national_holiday,45,Coimbra,urban,0.55,5,Apartment,1,0,4.03,1,225.0
7,4,1,0,concert,10,Faro,coastal,0.78,3,Room,0,0,4.63,1,214.0
12,2,0,0,festival,37,Bragança,rural,0.15,4,House,1,0,3.64,0,146.0
11,1,0,0,none,5,Portalegre,rural,0.18,2,Apartment,0,0,4.54,0,46.0
6,3,0,0,festival,67,Beja,rural,0.2,3,Apartment,0,0,4.35,0,141.0
8,0,0,0,concert,62,Beja,rural,0.2,4,Apartment,1,0,4.49,1,134.0
3,5,1,0,fair,81,Bragança,rural,0.15,3,House,1,1,5.0,1,192.0
10,1,0,0,none,44,Braga,urban,0.58,2,Apartment,0,0,4.43,0,105.0
7,2,0,0,none,90,Leiria,coastal,0.4,3,House,1,1,4.26,0,200.0
7,1,0,0,festival,61,Viseu,historic,0.32,4,Apartment,1,0,3.45,1,175.0
10,3,0,0,none,35,Madeira,urban,0.65,4,Apartment,0,0,4.31,0,178.0
8,2,0,0,concert,28,Leiria,coastal,0.4,2,Shared_House,0,0,3.96,1,63.0
1,1,0,0,sports_event,86,Faro,coastal,0.78,3,Room,0,0,4.14,0,142.0
4,6,1,0,concert,16,Bragança,rural,0.15,1,Apartment,1,0,3.96,1,106.0
3,5,1,0,national_holiday,2,Porto,urban,0.85,3,House,1,1,4.45,1,475.0
9,2,0,0,festival,11,Madeira,urban,0.65,2,Apartment,0,0,3.7,1,229.0
1,0,0,0,fair,63,Santarém,urban,0.35,5,House,1,1,4.31,0,200.0
3,5,1,0,sports_event,71,Castelo Branco,historic,0.28,3,Apartment,0,0,3.68,1,137.0
8,4,1,0,none,46,Faro,coastal,0.78,3,Shared_House,0,1,3.3,0,149.0
9,3,0,0,concert,37,Açores,rural,0.3,4,Apartment,1,0,4.03,0,193.0
7,4,1,0,sports_event,17,Coimbra,urban,0.55,2,Room,0,0,4.43,1,118.0
11,0,0,0,national_holiday,8,Porto,urban,0.85,1,Room,0,0,3.81,1,103.0
12,3,0,0,none,68,Viseu,historic,0.32,1,Apartment,0,0,4.27,1,54.0
2,1,0,0,none,23,Vila Real,rural,0.22,3,Room,0,0,4.02,0,40.0
12,4,1,1,concert,89,Guarda,rural,0.14,5,Apartment,0,0,3.68,0,136.0
8,6,1,0,none,78,Guarda,rural,0.14,2,House,1,0,4.48,1,126.0
8,3,0,0,festival,70,Leiria,coastal,0.4,4,Room,0,0,3.87,0,147.0
2,4,1,1,festival,44,Faro,coastal,0.78,1,Apartment,0,0,4.39,1,351.0
8,4,1,0,none,33,Portalegre,rural,0.18,2,Apartment,0,0,3.47,1,60.0
9,6,1,0,none,77,Madeira,urban,0.65,3,Room,0,0,4.27,0,136.0
7,0,0,0,concert,5,Viseu,historic,0.32,4,Apartment,0,0,4.51,1,160.0
2,2,0,0,none,86,Madeira,urban,0.65,5,Shared_House,0,0,4.38,0,112.0
7,1,0,0,concert,75,Coimbra,urban,0.55,3,Apartment,0,0,4.65,1,178.0
12,5,1,1,sports_event,7,Lisboa,urban,0.92,3,Apartment,0,0,4.52,1,377.0
9,3,0,0,sports_event,20,Setúbal,coastal,0.6,1,Apartment,0,0,4.35,1,195.0
2,5,1,0,none,85,Guarda,rural,0.14,2,House,1,1,4.62,0,127.0
12,3,0,0,none,60,Beja,rural,0.2,5,Shared_House,1,0,4.01,0,89.0
12,6,1,0,concert,34,Viana do Castelo,coastal,0.38,3,Apartment,0,0,4.46,1,180.0
3,5,1,0,none,75,Açores,rural,0.3,2,House,0,1,4.21,0,205.0
10,0,0,0,none,63,Aveiro,coastal,0.48,2,Apartment,1,0,5.0,0,140.0
5,6,1,0,national_holiday,84,Guarda,rural,0.14,1,Apartment,1,0,4.34,1,114.0
8,6,1,0,none,37,Viana do Castelo,coastal,0.38,4,Apartment,0,0,3.56,1,157.0
6,0,0,0,none,53,Guarda,rural,0.14,3,House,1,1,4.33,0,128.0
10,2,0,0,national_holiday,56,Santarém,urban,0.35,5,House,1,1,3.72,1,216.0
12,6,1,0,none,4,Viana do Castelo,coastal,0.38,3,Apartment,0,0,4.56,1,159.0
10,5,1,0,none,61,Faro,coastal,0.78,4,Shared_House,0,0,4.57,1,154.0
12,3,0,0,none,65,Viseu,historic,0.32,2,Apartment,1,0,3.9,1,76.0
12,3,0,0,concert,12,Setúbal,coastal,0.6,2,Room,0,0,3.68,0,121.0
2,0,0,0,fair,74,Porto,urban,0.85,2,Apartment,0,0,4.27,0,152.0
4,3,0,0,concert,39,Açores,rural,0.3,2,House,1,1,3.75,0,217.0
9,4,1,0,national_holiday,39,Vila Real,rural,0.22,5,Apartment,0,0,3.78,1,171.0
8,2,0,0,none,19,Santarém,urban,0.35,4,House,0,1,3.95,0,169.0
1,2,0,0,festival,77,Bragança,rural,0.15,2,Room,0,0,4.51,0,98.0
2,5,1,0,none,11,Portalegre,rural,0.18,3,Room,1,0,3.46,0,57.0
7,3,0,0,fair,89,Viseu,historic,0.32,3,Apartment,0,0,3.82,0,108.0
8,1,0,0,national_holiday,54,Viana do Castelo,coastal,0.38,3,Room,0,0,5.0,1,133.0
3,2,0,0,none,22,Portalegre,rural,0.18,1,Apartment,0,1,5.0,0,72.0
3,3,0,0,concert,62,Faro,coastal,0.78,2,Apartment,1,0,4.8,0,293.0
2,1,0,0,festival,65,Castelo Branco,historic,0.28,1,House,0,0,4.22,0,143.0
7,3,0,0,none,24,Guarda,rural,0.14,5,Shared_House,0,0,4.58,1,83.0
1,6,1,0,festival,79,Évora,historic,0.52,3,Apartment,0,0,4.01,1,225.0
7,5,1,0,national_holiday,1,Coimbra,urban,0.55,4,House,1,1,2.85,1,302.0
6,1,0,0,none,12,Porto,urban,0.85,5,Room,0,0,3.91,0,127.0
6,3,0,0,none,88,Santarém,urban,0.35,2,House,1,0,3.96,0,103.0
9,3,0,0,national_holiday,69,Bragança,rural,0.15,1,House,1,1,4.21,1,138.0
7,4,1,0,none,43,Açores,rural,0.3,2,Apartment,1,0,4.44,1,189.0
9,5,1,0,none,29,Guarda,rural,0.14,3,Apartment,1,0,5.0,0,107.0
10,3,0,0,sports_event,59,Coimbra,urban,0.55,3,Apartment,0,0,4.22,1,152.0
12,2,0,0,festival,63,Leiria,coastal,0.4,1,House,1,0,3.7,0,192.0
10,4,1,0,none,7,Santarém,urban,0.35,1,Apartment,1,0,4.1,1,84.0
7,0,0,0,none,39,Vila Real,rural,0.22,3,House,1,1,4.52,0,141.0
6,4,1,0,concert,56,Viseu,historic,0.32,4,House,1,0,4.14,1,239.0
3,6,1,0,none,53,Coimbra,urban,0.55,1,Apartment,1,0,3.8,1,96.0
8,4,1,0,sports_event,69,Faro,coastal,0.78,4,Room,0,0,4.46,1,237.0
2,3,0,0,fair,83,Braga,urban,0.58,2,House,1,0,3.63,0,139.0
12,5,1,0,none,5,Bragança,rural,0.15,1,House,1,1,3.76,1,111.0
11,3,0,1,fair,48,Beja,rural,0.2,2,House,0,0,4.41,0,122.0
2,3,0,0,concert,48,Santarém,urban,0.35,4,Apartment,1,0,3.81,0,122.0
10,5,1,0,national_holiday,19,Coimbra,urban,0.55,3,House,1,0,4.02,1,283.0
2,1,0,0,none,13,Setúbal,coastal,0.6,3,Room,0,0,4.21,0,70.0
9,5,1,0,none,82,Açores,rural,0.3,2,Room,0,0,4.18,0,77.0
2,4,1,0,sports_event,14,Porto,urban,0.85,3,Room,0,0,3.72,1,174.0
6,3,0,0,national_holiday,40,Guarda,rural,0.14,2,Apartment,0,0,4.36,1,120.0
8,0,0,0,national_holiday,56,Santarém,urban,0.35,2,Room,0,0,3.74,0,92.0
9,5,1,0,none,43,Évora,historic,0.52,3,Apartment,0,0,5.0,1,206.0
6,1,0,0,festival,56,Viseu,historic,0.32,3,Apartment,0,0,4.0,1,146.0
12,6,1,0,none,3,Lisboa,urban,0.92,1,Apartment,1,0,4.5,1,269.0
10,5,1,0,sports_event,50,Madeira,urban,0.65,2,Room,0,0,4.57,1,172.0
3,2,0,0,concert,73,Santarém,urban,0.35,2,House,0,1,4.02,1,137.0
9,3,0,0,concert,46,Guarda,rural,0.14,3,Room,0,0,3.72,1,69.0
9,0,0,0,none,90,Madeira,urban,0.65,3,House,0,1,4.56,0,282.0
5,3,0,0,national_holiday,43,Lisboa,urban,0.92,3,Room,0,0,3.49,0,148.0
9,0,0,0,none,28,Viana do Castelo,coastal,0.38,1,House,1,0,3.57,0,113.0
11,6,1,0,none,44,Açores,rural,0.3,2,House,0,0,4.5,1,190.0
10,4,1,0,festival,28,Guarda,rural,0.14,2,Apartment,1,0,4.1,0,138.0
10,1,0,1,festival,31,Guarda,rural,0.14,1,House,1,0,3.85,1,117.0
8,5,1,0,concert,41,Madeira,urban,0.65,4,House,1,1,3.95,1,448.0
4,0,0,0,festival,24,Aveiro,coastal,0.48,2,Apartment,0,0,3.8,1,152.0
10,3,0,0,none,4,Madeira,urban,0.65,2,Apartment,1,0,5.0,0,201.0
5,0,0,1,national_holiday,24,Leiria,coastal,0.4,2,Apartment,0,0,4.71,1,178.0
7,0,0,0,festival,3,Leiria,coastal,0.4,2,Apartment,0,0,3.79,1,168.0
4,1,0,0,sports_event,82,Viana do Castelo,coastal,0.38,5,House,0,0,4.04,0,237.0
4,2,0,0,none,79,Leiria,coastal,0.4,5,House,0,1,4.5,1,197.0
2,5,1,0,none,25,Faro,coastal,0.78,3,Shared_House,1,0,3.71,1,132.0
12,6,1,0,none,81,Leiria,coastal,0.4,2,House,1,0,3.92,1,183.0
2,5,1,1,concert,34,Santarém,urban,0.35,3,Room,0,0,4.05,1,104.0
2,5,1,0,none,34,Lisboa,urban,0.92,3,House,1,0,3.76,1,360.0
12,3,0,1,festival,46,Coimbra,urban,0.55,3,House,0,0,4.75,0,267.0
7,2,0,0,none,83,Setúbal,coastal,0.6,1,Apartment,0,0,3.84,0,106.0
6,1,0,0,none,67,Açores,rural,0.3,2,Apartment,0,0,4.14,0,90.0
9,6,1,0,none,58,Coimbra,urban,0.55,2,Apartment,1,0,4.26,0,131.0
5,3,0,0,none,70,Santarém,urban,0.35,2,House,1,1,4.99,1,170.0
2,3,0,0,sports_event,79,Leiria,coastal,0.4,3,Apartment,0,0,4.16,1,144.0
9,0,0,0,none,65,Viana do Castelo,coastal,0.38,4,House,1,0,5.0,1,188.0
3,3,0,0,none,43,Viana do Castelo,coastal,0.38,2,Shared_House,0,0,4.02,1,50.0
7,4,1,0,national_holiday,28,Açores,rural,0.3,4,House,1,1,4.09,1,371.0
12,3,0,0,none,42,Setúbal,coastal,0.6,2,Apartment,0,0,4.67,0,160.0
12,4,1,0,none,15,Castelo Branco,historic,0.28,1,House,1,0,5.0,1,135.0
5,5,1,0,none,55,Castelo Branco,historic,0.28,3,House,0,0,4.07,1,151.0
10,0,0,0,none,74,Faro,coastal,0.78,2,Room,0,0,4.82,1,112.0
8,6,1,0,none,3,Lisboa,urban,0.92,5,Room,0,0,4.62,1,220.0
6,5,1,0,fair,79,Faro,coastal,0.78,5,Apartment,1,0,3.82,1,390.0
2,2,0,0,none,58,Setúbal,coastal,0.6,1,Shared_House,1,0,4.19,0,59.0
5,5,1,0,sports_event,83,Beja,rural,0.2,2,Apartment,0,0,4.18,1,148.0
8,0,0,0,national_holiday,64,Évora,historic,0.52,2,Apartment,0,0,3.68,1,180.0
12,2,0,0,none,78,Santarém,urban,0.35,5,Apartment,0,1,4.28,1,137.0
1,0,0,0,sports_event,68,Viana do Castelo,coastal,0.38,1,Apartment,1,0,4.24,1,125.0
9,4,1,0,none,33,Viseu,historic,0.32,4,Apartment,1,0,4.39,1,155.0
11,5,1,0,none,49,Madeira,urban,0.65,2,Apartment,0,0,4.23,0,216.0
12,4,1,0,fair,14,Portalegre,rural,0.18,3,Apartment,0,0,3.87,1,120.0
6,4,1,0,none,76,Setúbal,coastal,0.6,2,Apartment,0,1,5.0,1,240.0
2,1,0,0,national_holiday,61,Beja,rural,0.2,4,Shared_House,1,0,4.31,0,103.0
4,6,1,0,festival,53,Viana do Castelo,coastal,0.38,3,Room,0,0,4.85,1,154.0
11,1,0,0,none,59,Vila Real,rural,0.22,1,House,1,1,4.42,0,79.0
11,3,0,0,none,63,Santarém,urban,0.35,2,Room,0,0,4.95,0,60.0
8,4,1,0,festival,23,Bragança,rural,0.15,3,House,1,0,3.81,1,189.0
2,5,1,0,none,56,Castelo Branco,historic,0.28,3,Apartment,1,0,4.16,0,107.0
2,6,1,0,none,56,Beja,rural,0.2,4,Shared_House,0,0,3.98,1,70.0
6,4,1,0,none,63,Madeira,urban,0.65,2,Apartment,0,0,3.91,1,221.0
8,4,1,0,none,90,Leiria,coastal,0.4,5,House,1,0,4.33,1,261.0
1,2,0,1,national_holiday,31,Madeira,urban,0.65,2,Room,0,0,4.08,0,133.0
9,3,0,0,none,16,Santarém,urban,0.35,4,Apartment,0,0,3.49,0,99.0
7,4,1,0,none,90,Leiria,coastal,0.4,5,Apartment,0,0,4.05,1,186.0
1,4,1,0,concert,35,Porto,urban,0.85,3,Room,0,1,4.01,1,178.0
2,4,1,0,sports_event,26,Faro,coastal,0.78,5,House,1,0,4.64,1,596.0
6,3,0,0,fair,36,Castelo Branco,historic,0.28,3,Apartment,0,0,3.48,0,89.0
9,1,0,0,national_holiday,72,Santarém,urban,0.35,3,Shared_House,1,1,3.94,0,117.0
10,0,0,0,none,20,Lisboa,urban,0.92,1,Room,1,0,3.82,0,74.0
6,2,0,0,none,2,Porto,urban,0.85,2,Room,0,0,4.57,0,105.0
4,2,0,0,sports_event,71,Viseu,historic,0.32,3,Apartment,1,0,3.93,1,146.0
12,4,1,0,none,47,Portalegre,rural,0.18,4,Room,0,0,4.72,1,76.0
6,6,1,0,sports_event,64,Lisboa,urban,0.92,5,House,1,0,4.18,1,567.0
4,4,1,0,none,24,Aveiro,coastal,0.48,3,House,1,0,4.44,0,238.0
6,5,1,1,fair,20,Évora,historic,0.52,4,Apartment,1,0,4.75,1,252.0
1,4,1,0,sports_event,42,Madeira,urban,0.65,4,House,1,1,3.6,1,441.0
4,6,1,0,festival,78,Lisboa,urban,0.92,4,Apartment,0,0,4.08,1,376.0
7,6,1,0,none,67,Leiria,coastal,0.4,1,Shared_House,0,0,4.41,1,62.0
12,1,0,0,national_holiday,39,Madeira,urban,0.65,3,House,1,1,4.3,1,396.0
9,4,1,0,sports_event,15,Porto,urban,0.85,3,House,0,0,3.55,0,428.0
10,3,0,0,concert,50,Lisboa,urban,0.92,4,Apartment,1,1,4.55,1,314.0
7,6,1,0,concert,5,Braga,urban,0.58,3,Apartment,1,0,4.22,1,204.0
2,4,1,0,none,62,Bragança,rural,0.15,4,House,0,1,4.26,0,151.0
5,0,0,0,none,39,Leiria,coastal,0.4,5,Room,0,0,4.09,1,111.0
12,1,0,0,none,79,Viseu,historic,0.32,3,House,1,0,2.61,0,98.0
1,0,0,0,sports_event,88,Coimbra,urban,0.55,4,Apartment,1,0,4.47,0,173.0
11,1,0,0,festival,21,Lisboa,urban,0.92,3,House,0,1,4.49,1,450.0
9,0,0,0,none,11,Viana do Castelo,coastal,0.38,3,Apartment,1,0,3.99,1,117.0
4,5,1,0,national_holiday,54,Portalegre,rural,0.18,3,House,1,0,3.46,1,169.0
10,3,0,1,national_holiday,5,Santarém,urban,0.35,5,House,1,1,3.93,1,239.0
11,4,1,0,concert,61,Madeira,urban,0.65,4,Apartment,0,0,4.7,1,303.0
1,6,1,0,none,80,Portalegre,rural,0.18,4,Apartment,1,0,4.0,0,97.0
2,4,1,0,none,80,Guarda,rural,0.14,2,House,1,0,4.21,1,108.0
8,3,0,1,national_holiday,70,Santarém,urban,0.35,3,House,1,1,4.03,0,231.0
12,1,0,0,sports_event,70,Madeira,urban,0.65,4,Apartment,0,0,4.36,0,256.0
1,5,1,0,concert,23,Évora,historic,0.52,5,House,1,0,3.54,0,306.0
8,3,0,0,none,83,Porto,urban,0.85,5,House,1,0,4.1,0,293.0
2,5,1,0,none,68,Coimbra,urban,0.55,4,Apartment,0,0,4.75,0,162.0
8,0,0,0,festival,7,Madeira,urban,0.65,4,Apartment,0,0,3.74,0,286.0
8,1,0,0,none,54,Braga,urban,0.58,1,Apartment,0,0,4.06,0,73.0
2,0,0,0,festival,39,Vila Real,rural,0.22,4,Room,0,0,4.73,0,121.0
9,4,1,0,none,15,Viana do Castelo,coastal,0.38,2,Apartment,0,0,4.57,0,138.0
11,3,0,0,fair,28,Guarda,rural,0.14,4,Shared_House,0,0,4.43,0,78.0
11,2,0,0,sports_event,85,Braga,urban,0.58,1,House,1,0,4.39,0,189.0
1,2,0,0,none,45,Portalegre,rural,0.18,5,Room,0,0,4.39,0,93.0
3,4,1,0,concert,14,Portalegre,rural,0.18,3,Shared_House,1,0,4.08,1,92.0
3,6,1,0,none,73,Bragança,rural,0.15,2,Apartment,1,0,4.75,1,79.0
6,6,1,1,national_holiday,22,Açores,rural,0.3,3,House,1,1,3.97,1,356.0
2,3,0,0,festival,45,Castelo Branco,historic,0.28,3,Apartment,1,0,3.7,0,138.0
11,4,1,0,none,12,Portalegre,rural,0.18,4,Apartment,0,0,3.51,0,83.0
10,0,0,0,sports_event,4,Évora,historic,0.52,4,Room,0,0,3.89,1,137.0
10,6,1,0,none,89,Aveiro,coastal,0.48,3,Apartment,1,0,3.89,1,144.0
3,0,0,0,fair,61,Porto,urban,0.85,1,Room,1,0,3.84,1,92.0
1,2,0,0,national_holiday,55,Aveiro,coastal,0.48,4,Room,0,0,3.61,0,102.0
11,5,1,0,sports_event,1,Beja,rural,0.2,5,House,0,1,4.39,1,239.0
4,6,1,0,festival,55,Setúbal,coastal,0.6,4,House,0,0,3.73,1,367.0
8,1,0,0,festival,9,Coimbra,urban,0.55,1,Room,0,0,4.47,1,115.0
11,4,1,0,none,14,Vila Real,rural,0.22,4,Apartment,0,0,4.56,1,105.0
1,1,0,0,none,66,Bragança,rural,0.15,2,Room,0,0,5.0,0,41.0
1,0,0,0,national_holiday,47,Coimbra,urban,0.55,5,Apartment,0,1,3.97,0,198.0
1,2,0,0,none,75,Castelo Branco,historic,0.28,1,Apartment,0,0,4.12,0,43.0
2,4,1,0,none,33,Évora,historic,0.52,1,Apartment,1,0,3.83,1,124.0
1,1,0,1,national_holiday,29,Lisboa,urban,0.92,2,Apartment,0,1,3.61,1,256.0
10,6,1,0,national_holiday,75,Bragança,rural,0.15,4,Apartment,1,0,3.99,1,138.0
8,4,1,0,national_holiday,52,Leiria,coastal,0.4,3,Room,0,0,3.81,1,128.0
12,3,0,0,none,83,Porto,urban,0.85,4,House,1,0,3.61,0,205.0
10,3,0,0,none,50,Braga,urban,0.58,2,Shared_House,0,0,4.32,0,51.0
12,3,0,0,concert,17,Beja,rural,0.2,4,Room,0,0,3.66,0,69.0
3,0,0,0,none,6,Viseu,historic,0.32,3,Room,0,0,4.48,0,66.0
4,4,1,0,national_holiday,20,Portalegre,rural,0.18,2,Shared_House,0,0,4.63,1,82.0
11,5,1,0,fair,50,Lisboa,urban,0.92,4,Room,0,0,3.77,1,165.0
3,2,0,0,concert,59,Viana do Castelo,coastal,0.38,3,Apartment,0,0,4.9,1,151.0
1,2,0,0,none,1,Aveiro,coastal,0.48,3,Apartment,0,0,4.4,0,119.0
9,6,1,0,sports_event,25,Vila Real,rural,0.22,2,Apartment,0,0,4.16,1,151.0
10,4,1,0,national_holiday,74,Coimbra,urban,0.55,4,Apartment,0,0,3.31,1,201.0
12,2,0,1,national_holiday,36,Guarda,rural,0.14,1,Room,0,0,3.34,0,46.0
12,0,0,0,fair,68,Lisboa,urban,0.92,3,House,0,1,4.99,1,420.0
2,5,1,0,none,34,Coimbra,urban,0.55,3,Room,0,0,4.86,1,109.0
10,4,1,0,national_holiday,26,Viana do Castelo,coastal,0.38,4,Apartment,1,0,5.0,1,217.0
11,4,1,0,sports_event,63,Guarda,rural,0.14,2,Shared_House,1,0,5.0,1,80.0
9,1,0,0,none,24,Braga,urban,0.58,2,Apartment,0,0,4.89,0,109.0
10,1,0,0,none,60,Braga,urban,0.58,2,Apartment,1,0,4.32,0,81.0
11,3,0,0,none,18,Bragança,rural,0.15,3,Shared_House,0,0,4.48,0,48.0
6,5,1,0,none,68,Castelo Branco,historic,0.28,2,Apartment,0,0,3.86,0,97.0
1,2,0,0,fair,86,Bragança,rural,0.15,3,Room,0,0,4.32,0,54.0
6,3,0,0,none,82,Leiria,coastal,0.4,2,Apartment,0,1,4.57,1,139.0
3,6,1,0,national_holiday,77,Açores,rural,0.3,3,Room,0,1,4.58,0,165.0
2,1,0,0,none,1,Viana do Castelo,coastal,0.38,3,House,1,1,4.14,0,144.0
2,1,0,0,sports_event,76,Leiria,coastal,0.4,2,Room,0,0,3.19,0,75.0
9,1,0,0,national_holiday,57,Leiria,coastal,0.4,4,House,1,1,3.44,1,233.0
7,6,1,0,sports_event,42,Coimbra,urban,0.55,3,House,1,0,4.44,1,305.0
7,3,0,0,fair,73,Porto,urban,0.85,4,House,1,0,3.95,0,323.0
9,6,1,0,national_holiday,74,Faro,coastal,0.78,3,House,1,1,4.53,1,563.0
7,6,1,0,sports_event,85,Viseu,historic,0.32,2,House,1,0,3.59,1,205.0
8,2,0,0,concert,54,Viseu,historic,0.32,2,Apartment,1,0,4.88,1,149.0
2,0,0,0,none,64,Guarda,rural,0.14,3,Room,0,0,3.73,0,41.0
11,2,0,0,none,27,Aveiro,coastal,0.48,4,Apartment,0,0,4.94,0,121.0
6,3,0,0,none,61,Faro,coastal,0.78,2,Apartment,0,0,3.42,0,178.0
2,2,0,0,concert,39,Viana do Castelo,coastal,0.38,2,House,1,1,4.5,1,200.0
10,0,0,1,sports_event,58,Porto,urban,0.85,3,House,1,1,3.73,0,362.0
9,6,1,0,festival,37,Évora,historic,0.52,3,Room,0,0,4.2,1,166.0
1,2,0,1,national_holiday,16,Viana do Castelo,coastal,0.38,5,Shared_House,0,0,4.74,0,136.0
3,4,1,0,none,32,Lisboa,urban,0.92,1,House,1,0,4.65,1,396.0
1,6,1,0,national_holiday,31,Castelo Branco,historic,0.28,4,Shared_House,0,0,3.79,1,106.0
4,3,0,0,none,22,Castelo Branco,historic,0.28,4,House,1,1,3.89,1,157.0
2,4,1,0,none,10,Castelo Branco,historic,0.28,4,Apartment,0,0,3.41,0,99.0
9,0,0,0,festival,36,Viseu,historic,0.32,2,House,1,0,3.3,0,155.0
7,4,1,0,none,46,Guarda,rural,0.14,2,Apartment,0,0,3.78,1,72.0
12,5,1,0,sports_event,54,Portalegre,rural,0.18,1,Shared_House,1,0,3.77,1,64.0
9,6,1,0,concert,56,Açores,rural,0.3,4,Apartment,0,0,3.45,0,189.0
8,0,0,0,concert,18,Lisboa,urban,0.92,2,Apartment,0,0,4.1,1,263.0
7,1,0,0,none,14,Coimbra,urban,0.55,2,House,0,0,4.18,0,166.0
1,0,0,0,none,13,Braga,urban,0.58,2,Apartment,0,0,4.19,0,82.0
1,6,1,0,none,62,Lisboa,urban,0.92,4,Apartment,0,0,3.8,1,231.0
8,1,0,0,none,63,Castelo Branco,historic,0.28,2,Apartment,1,0,3.91,0,80.0
1,3,0,0,none,47,Viseu,historic,0.32,3,Room,0,0,4.04,1,66.0
1,3,0,1,national_holiday,48,Faro,coastal,0.78,4,Apartment,0,0,4.61,1,318.0
3,4,1,0,fair,58,Açores,rural,0.3,5,House,0,1,3.86,1,300.0
11,6,1,0,national_holiday,32,Aveiro,coastal,0.48,4,House,1,1,3.36,1,307.0
6,2,0,0,concert,68,Porto,urban,0.85,3,Shared_House,0,0,4.04,1,124.0
9,5,1,0,none,82,Santarém,urban,0.35,1,Shared_House,1,0,3.98,1,43.0
5,2,0,0,festival,22,Coimbra,urban,0.55,2,Shared_House,0,0,3.39,0,96.0
3,1,0,0,none,42,Viana do Castelo,coastal,0.38,2,Apartment,1,0,4.0,1,98.0
5,0,0,0,none,29,Castelo Branco,historic,0.28,3,House,1,0,3.76,1,114.0
2,2,0,0,none,30,Aveiro,coastal,0.48,2,Room,0,0,4.16,0,42.0
10,3,0,0,national_holiday,36,Bragança,rural,0.15,3,Apartment,0,0,4.41,0,116.0
3,5,1,0,festival,20,Beja,rural,0.2,3,Apartment,0,0,3.93,1,150.0
5,5,1,0,none,32,Guarda,rural,0.14,4,Shared_House,0,0,4.46,1,82.0
12,3,0,0,sports_event,30,Portalegre,rural,0.18,1,Apartment,0,0,4.05,0,87.0
8,2,0,0,national_holiday,74,Vila Real,rural,0.22,5,Apartment,1,0,4.07,1,159.0
6,1,0,0,none,25,Leiria,coastal,0.4,4,Apartment,1,0,4.05,1,141.0
7,6,1,0,concert,9,Portalegre,rural,0.18,2,Apartment,0,0,4.1,1,117.0
10,2,0,0,none,79,Évora,historic,0.52,2,Shared_House,0,0,3.51,0,41.0
4,5,1,0,none,82,Leiria,coastal,0.4,5,Apartment,1,0,3.29,1,162.0
8,4,1,0,fair,81,Açores,rural,0.3,5,Apartment,0,0,4.76,1,227.0
11,6,1,0,none,17,Portalegre,rural,0.18,2,Apartment,1,0,4.31,0,83.0
7,6,1,0,concert,38,Braga,urban,0.58,1,House,1,0,3.93,1,232.0
6,4,1,0,none,27,Vila Real,rural,0.22,5,Room,0,0,4.73,1,116.0
2,4,1,0,festival,24,Bragança,rural,0.15,3,House,1,1,5.0,1,222.0
3,0,0,0,festival,83,Porto,urban,0.85,3,House,1,0,3.45,0,288.0
12,0,0,0,fair,12,Setúbal,coastal,0.6,2,House,1,1,4.18,1,281.0
7,3,0,0,concert,55,Bragança,rural,0.15,4,Apartment,1,0,4.53,1,118.0
4,4,1,0,sports_event,65,Madeira,urban,0.65,3,Apartment,0,0,3.38,1,256.0
6,5,1,0,none,7,Setúbal,coastal,0.6,3,Shared_House,1,0,3.44,1,112.0
7,1,0,0,none,80,Aveiro,coastal,0.48,4,Room,1,0,4.68,1,111.0
7,3,0,0,festival,21,Viana do Castelo,coastal,0.38,2,Apartment,0,0,4.17,1,168.0
9,6,1,0,none,38,Braga,urban,0.58,3,Room,0,0,3.85,0,79.0
4,0,0,0,none,49,Lisboa,urban,0.92,3,Room,0,0,3.38,0,77.0
8,2,0,0,national_holiday,79,Açores,rural,0.3,3,Room,0,1,4.36,0,141.0
6,6,1,0,none,89,Açores,rural,0.3,5,Room,0,0,3.5,0,109.0
12,1,0,0,none,23,Beja,rural,0.2,3,Shared_House,0,0,3.69,0,57.0
2,2,0,0,fair,37,Viana do Castelo,coastal,0.38,2,Apartment,0,0,3.72,1,84.0
2,3,0,0,festival,55,Viana do Castelo,coastal,0.38,2,Apartment,1,0,4.03,1,141.0
6,4,1,0,sports_event,38,Faro,coastal,0.78,3,Shared_House,0,0,3.65,1,176.0
7,1,0,0,none,8,Guarda,rural,0.14,1,House,1,0,3.73,0,66.0
9,5,1,0,none,71,Viana do Castelo,coastal,0.38,3,House,1,1,4.67,1,250.0
5,1,0,0,sports_event,51,Vila Real,rural,0.22,2,Apartment,1,0,4.28,0,117.0
11,2,0,0,none,12,Viseu,historic,0.32,2,Apartment,0,1,4.21,0,102.0
6,4,1,1,sports_event,58,Santarém,urban,0.35,2,Shared_House,0,0,4.42,0,85.0
2,0,0,0,none,82,Madeira,urban,0.65,3,Apartment,0,0,3.67,0,121.0
2,5,1,0,none,58,Setúbal,coastal,0.6,1,House,1,1,4.38,1,305.0
12,4,1,0,none,43,Santarém,urban,0.35,3,Apartment,0,0,4.41,1,135.0
2,5,1,0,none,71,Braga,urban,0.58,2,Shared_House,1,1,3.69,1,80.0
12,1,0,0,none,25,Setúbal,coastal,0.6,5,Apartment,0,0,4.5,1,163.0
4,2,0,0,concert,9,Madeira,urban,0.65,3,Shared_House,0,0,4.32,0,124.0
2,6,1,0,festival,45,Viseu,historic,0.32,4,Apartment,1,0,4.33,1,203.0
4,0,0,0,none,26,Setúbal,coastal,0.6,4,Shared_House,0,0,5.0,1,111.0
8,3,0,0,festival,45,Leiria,coastal,0.4,4,Apartment,1,0,4.26,1,210.0
6,3,0,0,none,63,Coimbra,urban,0.55,4,Room,0,0,3.74,1,72.0
10,3,0,0,none,77,Portalegre,rural,0.18,2,House,0,0,4.27,1,80.0
8,3,0,0,fair,54,Leiria,coastal,0.4,2,Apartment,1,0,4.21,0,146.0
5,5,1,0,sports_event,55,Bragança,rural,0.15,4,Apartment,0,0,3.65,1,151.0
8,1,0,0,sports_event,86,Leiria,coastal,0.4,3,Room,1,0,3.19,1,103.0
12,6,1,0,none,82,Coimbra,urban,0.55,3,House,0,0,4.17,1,200.0
5,6,1,0,none,71,Castelo Branco,historic,0.28,3,Apartment,1,0,4.67,1,117.0
2,1,0,0,concert,82,Leiria,coastal,0.4,1,Apartment,0,0,4.68,0,131.0
5,6,1,1,festival,43,Lisboa,urban,0.92,2,Room,0,0,4.34,1,220.0
11,1,0,0,festival,70,Braga,urban,0.58,3,House,1,1,4.99,1,274.0
3,0,0,0,national_holiday,49,Aveiro,coastal,0.48,3,House,0,1,4.29,1,243.0
12,2,0,0,none,56,Aveiro,coastal,0.48,4,House,1,0,4.1,0,182.0
8,5,1,0,concert,60,Leiria,coastal,0.4,3,Apartment,0,0,4.3,1,202.0
8,5,1,0,festival,8,Bragança,rural,0.15,2,Apartment,1,1,3.83,1,154.0
4,4,1,0,none,1,Aveiro,coastal,0.48,1,Apartment,0,0,3.57,1,116.0
12,5,1,1,national_holiday,86,Castelo Branco,historic,0.28,2,Shared_House,0,1,3.71,1,94.0
1,1,0,0,festival,33,Aveiro,coastal,0.48,2,Apartment,0,0,3.96,0,151.0
4,6,1,0,none,5,Viana do Castelo,coastal,0.38,4,House,1,1,4.63,1,271.0
6,4,1,0,sports_event,11,Setúbal,coastal,0.6,3,Apartment,0,0,3.48,1,259.0
6,0,0,0,sports_event,4,Coimbra,urban,0.55,4,Apartment,0,0,3.71,1,176.0
6,0,0,0,none,22,Bragança,rural,0.15,3,House,1,1,4.6,1,139.0
2,1,0,0,festival,66,Porto,urban,0.85,2,House,1,0,4.02,1,298.0
3,0,0,0,festival,75,Aveiro,coastal,0.48,3,Room,0,0,4.1,0,117.0
2,1,0,0,none,6,Leiria,coastal,0.4,2,Apartment,0,1,4.01,0,103.0
7,6,1,0,fair,50,Coimbra,urban,0.55,1,Room,1,1,5.0,1,123.0
5,1,0,0,none,60,Braga,urban,0.58,3,Shared_House,0,0,4.48,0,76.0
7,4,1,0,national_holiday,78,Évora,historic,0.52,3,Shared_House,0,1,4.33,1,154.0
8,6,1,1,national_holiday,82,Lisboa,urban,0.92,1,Apartment,0,0,4.3,1,336.0
9,1,0,0,none,80,Bragança,rural,0.15,4,House,1,1,4.4,0,137.0
7,4,1,0,sports_event,65,Braga,urban,0.58,3,Shared_House,0,0,5.0,1,123.0
8,3,0,0,none,73,Beja,rural,0.2,1,Room,1,0,4.01,0,49.0
8,1,0,0,none,68,Leiria,coastal,0.4,4,Apartment,0,0,4.28,0,138.0
8,6,1,0,none,69,Açores,rural,0.3,1,Room,0,0,4.21,0,63.0
8,4,1,0,sports_event,82,Açores,rural,0.3,3,Room,0,0,4.65,1,155.0
4,3,0,0,festival,15,Braga,urban,0.58,3,Room,0,0,5.0,0,130.0
3,5,1,0,none,8,Viana do Castelo,coastal,0.38,3,Apartment,0,0,3.91,0,126.0
10,6,1,0,none,25,Aveiro,coastal,0.48,4,House,1,0,4.43,1,257.0
5,5,1,0,none,86,Açores,rural,0.3,2,Room,0,0,4.29,1,93.0
7,6,1,0,national_holiday,64,Aveiro,coastal,0.48,2,Apartment,1,0,3.5,0,199.0
3,2,0,0,none,43,Aveiro,coastal,0.48,3,Room,0,0,4.69,0,68.0
6,2,0,0,festival,28,Faro,coastal,0.78,2,Apartment,0,0,4.98,1,364.0
7,1,0,0,none,18,Braga,urban,0.58,2,Apartment,1,0,4.61,1,131.0
8,4,1,0,festival,34,Açores,rural,0.3,3,Room,0,0,3.88,1,154.0
7,5,1,0,national_holiday,86,Setúbal,coastal,0.6,2,Apartment,0,0,3.52,1,227.0
5,4,1,1,national_holiday,85,Évora,historic,0.52,3,Apartment,1,0,4.52,1,234.0
12,4,1,0,concert,88,Beja,rural,0.2,3,Room,0,0,3.66,1,82.0
7,5,1,0,none,64,Guarda,rural,0.14,4,Room,0,0,3.71,1,78.0
10,1,0,0,sports_event,53,Beja,rural,0.2,4,Room,1,0,4.3,0,106.0
9,2,0,0,none,10,Açores,rural,0.3,3,Apartment,1,0,4.57,0,122.0
7,4,1,0,none,54,Beja,rural,0.2,5,House,1,0,4.03,1,176.0
11,0,0,0,none,65,Portalegre,rural,0.18,3,Apartment,0,0,4.1,0,54.0
2,6,1,0,none,38,Coimbra,urban,0.55,4,Apartment,0,0,4.14,1,144.0
12,1,0,0,national_holiday,72,Porto,urban,0.85,4,Apartment,0,0,3.74,0,239.0
11,5,1,0,concert,54,Bragança,rural,0.15,4,House,1,1,4.01,1,187.0
7,4,1,0,none,83,Vila Real,rural,0.22,4,House,1,0,3.39,1,140.0
9,5,1,0,festival,10,Aveiro,coastal,0.48,5,Apartment,1,0,4.57,0,250.0
7,5,1,0,sports_event,62,Porto,urban,0.85,3,Room,1,0,5.0,1,205.0
4,3,0,0,none,31,Portalegre,rural,0.18,5,Shared_House,1,0,4.23,0,72.0
10,5,1,0,none,9,Leiria,coastal,0.4,3,Apartment,0,0,4.8,1,159.0
3,2,0,0,sports_event,28,Lisboa,urban,0.92,1,Room,1,0,4.07,0,147.0
4,4,1,0,none,69,Castelo Branco,historic,0.28,2,House,1,1,3.53,0,153.0
7,6,1,0,festival,17,Faro,coastal,0.78,3,House,1,0,5.0,1,575.0
11,0,0,0,none,60,Madeira,urban,0.65,1,House,0,0,3.78,0,158.0
5,2,0,0,none,19,Lisboa,urban,0.92,2,Room,0,0,4.67,0,99.0
6,0,0,0,sports_event,42,Guarda,rural,0.14,2,Apartment,0,1,4.31,1,141.0
1,3,0,0,sports_event,14,Porto,urban,0.85,3,House,0,0,4.79,1,314.0
2,5,1,0,national_holiday,69,Porto,urban,0.85,2,Apartment,0,0,4.17,1,266.0
1,0,0,0,none,79,Açores,rural,0.3,3,Apartment,0,0,3.62,0,103.0
1,3,0,0,sports_event,48,Vila Real,rural,0.22,3,House,1,0,3.87,0,140.0
11,2,0,0,national_holiday,36,Castelo Branco,historic,0.28,4,Apartment,1,0,5.0,1,162.0
11,5,1,0,sports_event,84,Santarém,urban,0.35,3,Room,0,0,4.36,1,109.0
10,1,0,0,national_holiday,86,Guarda,rural,0.14,2,House,1,1,5.0,0,142.0
1,1,0,0,national_holiday,84,Beja,rural,0.2,5,Apartment,0,0,4.02,0,136.0
1,0,0,0,concert,71,Açores,rural,0.3,5,Room,0,0,4.56,0,138.0
4,2,0,0,national_holiday,21,Coimbra,urban,0.55,2,Apartment,1,0,3.56,1,141.0
7,3,0,0,festival,15,Leiria,coastal,0.4,1,Room,1,0,4.21,1,115.0
5,6,1,0,none,40,Setúbal,coastal,0.6,3,Apartment,0,0,5.0,1,243.0
6,3,0,0,fair,52,Castelo Branco,historic,0.28,4,Apartment,0,0,3.81,0,115.0
3,1,0,0,concert,18,Coimbra,urban,0.55,4,Room,0,0,3.85,1,104.0
9,4,1,0,none,14,Portalegre,rural,0.18,5,Shared_House,0,0,4.61,1,84.0
4,0,0,0,none,30,Vila Real,rural,0.22,5,Apartment,0,0,4.26,0,111.0
1,2,0,0,none,32,Setúbal,coastal,0.6,4,Apartment,0,0,5.0,1,138.0
9,4,1,0,fair,21,Açores,rural,0.3,2,Room,0,0,4.08,1,103.0
11,1,0,0,none,42,Viseu,historic,0.32,1,Apartment,0,0,4.23,0,69.0
1,4,1,0,none,47,Braga,urban,0.58,2,Room,0,0,4.36,0,76.0
6,3,0,0,none,9,Viana do Castelo,coastal,0.38,2,Apartment,0,0,3.66,0,79.0
10,6,1,0,none,1,Setúbal,coastal,0.6,1,Apartment,0,0,3.55,1,164.0
9,2,0,0,national_holiday,4,Santarém,urban,0.35,3,Apartment,0,1,3.51,1,153.0
11,6,1,0,none,72,Faro,coastal,0.78,4,Apartment,1,0,2.55,0,211.0
5,4,1,0,none,73,Leiria,coastal,0.4,1,Room,0,0,4.16,1,67.0
5,5,1,0,none,15,Guarda,rural,0.14,4,House,0,0,3.55,1,108.0
9,1,0,0,concert,85,Santarém,urban,0.35,5,Apartment,1,1,3.93,0,168.0
2,0,0,0,festival,25,Castelo Branco,historic,0.28,2,Apartment,0,0,4.71,0,136.0
3,5,1,0,none,81,Coimbra,urban,0.55,1,Apartment,1,0,3.73,0,105.0
8,3,0,0,none,16,Évora,historic,0.52,3,House,1,0,4.54,1,227.0
9,2,0,0,fair,74,Coimbra,urban,0.55,4,House,0,1,3.41,0,187.0
2,6,1,0,concert,32,Aveiro,coastal,0.48,4,Apartment,0,0,3.86,1,203.0
7,2,0,0,sports_event,71,Évora,historic,0.52,1,Room,0,0,5.0,1,122.0
5,3,0,0,none,7,Faro,coastal,0.78,3,House,0,1,3.99,0,356.0
7,5,1,0,national_holiday,52,Beja,rural,0.2,4,Shared_House,0,1,4.84,1,121.0
12,6,1,0,sports_event,78,Madeira,urban,0.65,2,House,0,0,5.0,1,432.0
1,6,1,0,none,12,Beja,rural,0.2,3,Apartment,1,0,3.99,1,82.0
12,4,1,0,national_holiday,38,Évora,historic,0.52,3,Apartment,1,0,3.87,1,230.0
6,0,0,0,fair,81,Açores,rural,0.3,2,Shared_House,1,0,3.12,0,64.0
10,0,0,0,sports_event,84,Viana do Castelo,coastal,0.38,5,Apartment,0,1,4.35,0,229.0
6,4,1,0,concert,46,Guarda,rural,0.14,2,Apartment,1,0,4.39,1,139.0
4,3,0,0,none,5,Viana do Castelo,coastal,0.38,4,House,1,1,4.59,1,209.0
10,0,0,0,none,85,Aveiro,coastal,0.48,4,House,0,0,4.9,0,196.0
9,4,1,0,none,16,Viana do Castelo,coastal,0.38,2,House,0,0,3.69,1,174.0
2,6,1,0,festival,37,Castelo Branco,historic,0.28,4,Room,0,0,5.0,1,139.0
9,0,0,0,none,76,Faro,coastal,0.78,1,Apartment,1,0,4.06,0,192.0
10,5,1,0,none,10,Braga,urban,0.58,2,Room,0,0,4.38,1,82.0
5,2,0,0,national_holiday,42,Aveiro,coastal,0.48,2,Room,1,0,4.17,1,109.0
12,2,0,0,none,57,Viana do Castelo,coastal,0.38,5,Apartment,1,0,3.81,0,127.0
8,5,1,0,concert,6,Bragança,rural,0.15,5,Apartment,0,0,3.6,1,154.0
5,1,0,0,none,44,Setúbal,coastal,0.6,2,Shared_House,0,0,4.31,0,57.0
1,1,0,0,none,5,Braga,urban,0.58,3,Apartment,0,0,3.72,0,84.0
9,6,1,0,none,59,Leiria,coastal,0.4,5,House,0,1,4.09,1,253.0
3,2,0,0,none,81,Lisboa,urban,0.92,3,Apartment,1,0,3.99,0,176.0
10,1,0,0,none,19,Guarda,rural,0.14,1,House,1,1,4.02,0,88.0
7,4,1,0,none,24,Castelo Branco,historic,0.28,2,Room,0,0,3.3,1,54.0
6,1,0,0,sports_event,12,Viana do Castelo,coastal,0.38,3,Room,1,0,2.62,1,91.0
2,5,1,0,none,37,Coimbra,urban,0.55,2,Apartment,1,0,4.62,0,160.0
9,0,0,0,none,1,Beja,rural,0.2,3,Apartment,0,0,4.76,0,92.0
2,3,0,0,none,81,Santarém,urban,0.35,4,House,1,0,2.92,0,96.0
6,2,0,0,none,9,Santarém,urban,0.35,3,Apartment,0,0,4.41,1,121.0
11,6,1,1,national_holiday,61,Vila Real,rural,0.22,2,House,1,1,4.31,1,214.0
12,3,0,0,none,29,Portalegre,rural,0.18,4,House,1,0,3.54,0,92.0
12,6,1,0,sports_event,70,Viana do Castelo,coastal,0.38,3,Room,0,0,4.65,1,129.0
12,1,0,0,sports_event,5,Bragança,rural,0.15,4,Apartment,0,0,4.77,0,148.0
7,3,0,0,fair,43,Guarda,rural,0.14,1,Apartment,0,0,4.73,0,77.0
3,5,1,0,concert,9,Vila Real,rural,0.22,3,Room,1,0,5.0,1,112.0
11,1,0,0,festival,63,Braga,urban,0.58,2,House,1,0,4.7,1,240.0
10,6,1,0,none,18,Bragança,rural,0.15,2,Apartment,1,0,3.78,1,71.0
12,5,1,0,none,53,Setúbal,coastal,0.6,3,Shared_House,0,0,4.21,1,98.0
8,4,1,0,sports_event,37,Porto,urban,0.85,3,House,1,1,4.39,1,493.0
2,1,0,0,none,16,Faro,coastal,0.78,2,House,1,0,4.96,0,298.0
7,5,1,0,none,18,Viseu,historic,0.32,3,Room,0,0,4.07,1,87.0
6,5,1,0,national_holiday,52,Beja,rural,0.2,4,House,1,0,3.88,1,228.0
11,2,0,0,none,20,Porto,urban,0.85,3,Apartment,0,0,3.37,0,128.0
5,4,1,0,none,84,Porto,urban,0.85,4,Apartment,1,0,4.64,1,276.0
4,0,0,0,national_holiday,69,Viana do Castelo,coastal,0.38,4,House,1,0,4.3,1,227.0
1,2,0,0,none,32,Guarda,rural,0.14,4,House,1,0,3.77,0,100.0
11,1,0,0,none,36,Madeira,urban,0.65,2,Room,0,0,4.59,0,77.0
10,3,0,0,none,45,Leiria,coastal,0.4,4,House,1,1,4.03,1,191.0
1,3,0,0,none,73,Braga,urban,0.58,2,Apartment,1,0,3.54,0,57.0
6,3,0,0,national_holiday,38,Viseu,historic,0.32,3,House,0,0,4.87,1,206.0
6,4,1,0,sports_event,37,Lisboa,urban,0.92,5,Apartment,0,0,3.17,1,379.0
6,6,1,0,none,62,Aveiro,coastal,0.48,2,Room,0,0,4.27,1,92.0
12,1,0,0,none,24,Aveiro,coastal,0.48,2,Room,1,0,4.14,0,52.0
2,1,0,0,none,57,Viana do Castelo,coastal,0.38,2,House,0,0,3.38,0,82.0
4,1,0,0,festival,35,Açores,rural,0.3,5,House,0,0,4.36,1,275.0
3,6,1,0,none,43,Viseu,historic,0.32,3,Apartment,0,0,3.85,0,105.0
3,0,0,0,none,70,Braga,urban,0.58,4,House,1,1,5.0,1,216.0
11,0,0,0,sports_event,5,Faro,coastal,0.78,1,Apartment,0,0,4.7,0,289.0
12,1,0,0,fair,59,Guarda,rural,0.14,2,House,1,1,4.31,1,115.0
1,5,1,0,fair,24,Lisboa,urban,0.92,1,Apartment,1,0,2.95,1,221.0
8,4,1,0,fair,1,Lisboa,urban,0.92,4,House,1,0,3.92,1,529.0
3,6,1,0,festival,29,Évora,historic,0.52,1,Apartment,1,0,3.88,1,223.0
3,1,0,0,concert,71,Viana do Castelo,coastal,0.38,5,Apartment,1,0,4.81,0,191.0
4,2,0,0,national_holiday,66,Bragança,rural,0.15,3,House,1,0,4.29,1,140.0
3,3,0,0,none,24,Coimbra,urban,0.55,5,Room,0,0,4.36,0,112.0
6,0,0,1,national_holiday,36,Bragança,rural,0.15,3,Apartment,0,0,4.71,1,126.0
12,6,1,0,none,79,Castelo Branco,historic,0.28,3,House,0,1,5.0,1,185.0
8,5,1,0,national_holiday,35,Leiria,coastal,0.4,1,Room,0,0,4.93,1,99.0
9,1,0,0,national_holiday,23,Viseu,historic,0.32,3,House,1,0,4.47,1,204.0
6,5,1,0,concert,41,Faro,coastal,0.78,3,House,1,1,4.06,1,539.0
1,3,0,0,none,71,Bragança,rural,0.15,1,Apartment,1,0,4.42,0,48.0
2,2,0,0,national_holiday,39,Lisboa,urban,0.92,5,Apartment,0,0,4.18,0,256.0
4,6,1,0,none,47,Beja,rural,0.2,1,Apartment,1,0,4.59,1,78.0
3,3,0,0,none,65,Viana do Castelo,coastal,0.38,2,Shared_House,0,0,3.92,1,50.0
11,1,0,0,festival,78,Porto,urban,0.85,3,Apartment,1,0,4.65,0,248.0
11,5,1,0,concert,61,Coimbra,urban,0.55,3,Apartment,0,0,4.22,1,195.0
11,5,1,0,fair,37,Braga,urban,0.58,2,Apartment,0,0,4.39,1,170.0
8,1,0,0,none,69,Coimbra,urban,0.55,5,Room,0,0,3.6,0,96.0
7,4,1,0,none,71,Faro,coastal,0.78,2,Apartment,0,0,4.06,1,310.0
8,4,1,0,none,19,Lisboa,urban,0.92,3,Room,0,0,4.42,1,174.0
5,1,0,0,none,63,Leiria,coastal,0.4,1,Apartment,1,0,4.11,1,93.0
9,3,0,0,fair,67,Castelo Branco,historic,0.28,1,Room,0,0,3.03,0,30.0
10,5,1,0,none,28,Faro,coastal,0.78,3,Room,0,0,3.58,1,148.0
10,1,0,0,none,27,Aveiro,coastal,0.48,4,Apartment,0,1,4.37,0,160.0
8,5,1,0,none,61,Porto,urban,0.85,3,Shared_House,0,0,4.95,1,138.0
1,5,1,0,sports_event,1,Braga,urban,0.58,2,Shared_House,0,0,4.08,1,92.0
9,6,1,0,fair,27,Vila Real,rural,0.22,1,Apartment,0,0,3.96,1,99.0
5,2,0,0,none,58,Braga,urban,0.58,5,House,0,0,4.73,0,195.0
9,1,0,0,none,41,Lisboa,urban,0.92,2,House,1,1,4.21,1,300.0
7,6,1,0,national_holiday,2,Viana do Castelo,coastal,0.38,3,Room,1,0,4.57,0,154.0
11,3,0,0,festival,12,Vila Real,rural,0.22,1,House,0,1,4.05,0,146.0
5,3,0,0,none,9,Guarda,rural,0.14,1,House,0,1,4.0,0,95.0
12,3,0,0,none,48,Setúbal,coastal,0.6,2,Apartment,0,0,4.61,0,142.0
11,3,0,1,national_holiday,4,Braga,urban,0.58,1,Room,0,0,4.54,0,86.0
4,4,1,0,sports_event,69,Setúbal,coastal,0.6,3,Apartment,0,0,4.04,1,257.0
6,2,0,0,none,55,Setúbal,coastal,0.6,2,House,1,1,3.64,0,208.0
7,2,0,0,none,46,Viana do Castelo,coastal,0.38,4,Apartment,0,0,3.37,0,107.0
10,2,0,0,none,19,Vila Real,rural,0.22,1,Room,1,0,3.43,0,15.0
9,4,1,0,none,17,Santarém,urban,0.35,3,Room,0,0,3.88,1,82.0
11,5,1,0,none,73,Lisboa,urban,0.92,3,Apartment,0,0,4.36,1,269.0
5,3,0,1,national_holiday,56,Setúbal,coastal,0.6,2,Room,1,0,3.37,0,129.0
7,4,1,0,none,33,Setúbal,coastal,0.6,1,Room,0,0,3.4,0,85.0
6,2,0,0,none,19,Évora,historic,0.52,1,Apartment,0,0,4.39,1,138.0
11,5,1,0,none,31,Guarda,rural,0.14,1,Apartment,0,1,4.98,1,94.0
4,2,0,0,none,28,Évora,historic,0.52,2,Apartment,0,0,4.74,1,132.0
8,2,0,0,concert,47,Beja,rural,0.2,1,Apartment,0,0,3.28,0,78.0
2,0,0,0,none,24,Braga,urban,0.58,2,Room,0,0,4.4,1,48.0
11,1,0,0,fair,70,Madeira,urban,0.65,3,Apartment,0,0,4.68,1,177.0
5,5,1,0,fair,6,Portalegre,rural,0.18,3,House,1,0,3.95,1,158.0
5,0,0,0,national_holiday,63,Vila Real,rural,0.22,2,Apartment,0,0,4.08,1,105.0
7,1,0,0,none,1,Beja,rural,0.2,3,Apartment,1,1,4.37,1,117.0
6,5,1,0,none,19,Beja,rural,0.2,2,House,1,1,4.44,0,172.0
11,6,1,0,festival,85,Faro,coastal,0.78,5,Apartment,1,0,4.39,1,431.0
7,2,0,0,none,69,Setúbal,coastal,0.6,1,Room,0,0,4.56,0,62.0
7,2,0,0,none,89,Leiria,coastal,0.4,1,Apartment,1,0,4.31,1,88.0
2,3,0,0,none,46,Santarém,urban,0.35,4,House,1,0,3.89,0,116.0
1,5,1,0,festival,13,Évora,historic,0.52,2,Room,0,0,3.98,1,129.0
5,3,0,0,concert,89,Leiria,coastal,0.4,2,House,0,0,3.81,1,164.0
12,1,0,0,none,69,Guarda,rural,0.14,4,House,1,0,3.97,0,95.0
12,3,0,0,national_holiday,47,Castelo Branco,historic,0.28,3,Apartment,0,0,4.48,1,141.0
8,1,0,0,concert,70,Évora,historic,0.52,3,Room,0,0,3.81,1,110.0
8,4,1,0,none,26,Madeira,urban,0.65,1,House,1,0,4.73,1,377.0
5,0,0,0,none,72,Évora,historic,0.52,2,Room,0,0,3.71,1,57.0
3,4,1,0,none,69,Aveiro,coastal,0.48,2,Apartment,1,0,4.3,0,127.0
1,0,0,0,fair,13,Guarda,rural,0.14,4,Apartment,0,0,4.62,0,112.0
5,6,1,0,concert,3,Vila Real,rural,0.22,2,Apartment,0,0,4.42,0,128.0
4,4,1,0,sports_event,77,Faro,coastal,0.78,3,Apartment,0,1,3.28,1,363.0
3,0,0,0,sports_event,66,Castelo Branco,historic,0.28,5,Apartment,1,0,4.27,1,166.0
4,6,1,0,none,27,Santarém,urban,0.35,5,Apartment,0,0,3.83,1,124.0
1,4,1,0,national_holiday,49,Setúbal,coastal,0.6,2,Apartment,1,0,3.54,1,217.0
8,4,1,0,national_holiday,3,Braga,urban,0.58,3,Apartment,0,0,4.31,1,215.0
12,0,0,0,sports_event,16,Vila Real,rural,0.22,3,Apartment,1,0,3.58,0,121.0
9,1,0,0,none,8,Lisboa,urban,0.92,4,Room,0,0,4.32,1,125.0
6,5,1,0,none,3,Castelo Branco,historic,0.28,5,Shared_House,0,0,4.93,1,112.0
6,3,0,0,none,13,Guarda,rural,0.14,4,Apartment,1,0,4.35,0,106.0
4,4,1,0,none,5,Porto,urban,0.85,3,Apartment,0,0,4.08,0,245.0
2,6,1,0,festival,85,Vila Real,rural,0.22,1,Apartment,0,0,4.12,1,120.0
8,2,0,0,concert,8,Santarém,urban,0.35,3,Room,0,0,4.66,1,113.0
7,2,0,0,national_holiday,12,Açores,rural,0.3,3,Shared_House,0,0,4.05,0,114.0
1,5,1,0,none,44,Leiria,coastal,0.4,3,Apartment,1,0,3.97,1,147.0
5,0,0,0,none,55,Vila Real,rural,0.22,3,Apartment,1,0,3.73,0,65.0
4,3,0,0,none,64,Leiria,coastal,0.4,3,Apartment,1,0,3.75,1,110.0
3,5,1,0,national_holiday,9,Portalegre,rural,0.18,3,Apartment,0,0,4.65,1,153.0
9,1,0,0,concert,13,Beja,rural,0.2,5,Apartment,0,0,3.96,0,138.0
7,2,0,0,none,2,Évora,historic,0.52,2,House,1,1,4.48,0,255.0
8,3,0,0,festival,15,Vila Real,rural,0.22,4,Apartment,0,0,4.52,1,156.0
9,0,0,0,festival,18,Viseu,historic,0.32,3,Apartment,1,0,3.72,1,170.0
12,0,0,0,none,74,Beja,rural,0.2,3,Room,0,0,3.8,0,53.0
10,1,0,0,none,54,Guarda,rural,0.14,3,Room,0,0,4.49,1,57.0
8,6,1,0,none,21,Portalegre,rural,0.18,3,Apartment,1,0,4.27,1,104.0
11,1,0,0,none,11,Viana do Castelo,coastal,0.38,4,Room,1,0,4.11,0,80.0
6,5,1,0,festival,75,Portalegre,rural,0.18,2,Apartment,0,0,4.43,1,151.0
12,2,0,0,none,65,Évora,historic,0.52,5,Apartment,1,0,4.71,1,169.0
10,5,1,0,sports_event,9,Aveiro,coastal,0.48,4,Apartment,0,0,4.18,1,233.0
8,2,0,0,festival,51,Madeira,urban,0.65,2,Apartment,0,1,3.92,0,269.0
11,6,1,0,festival,76,Guarda,rural,0.14,1,Apartment,0,0,4.26,1,104.0
7,2,0,0,national_holiday,25,Vila Real,rural,0.22,1,House,1,1,3.8,0,157.0
9,5,1,0,none,66,Guarda,rural,0.14,2,Room,0,0,4.27,1,48.0
4,5,1,0,festival,35,Coimbra,urban,0.55,1,Apartment,1,0,4.2,1,196.0
12,3,0,0,none,14,Coimbra,urban,0.55,1,Apartment,1,0,3.79,0,78.0
8,4,1,0,sports_event,26,Braga,urban,0.58,5,Apartment,0,0,4.0,1,229.0
10,0,0,0,none,31,Porto,urban,0.85,3,Apartment,1,0,4.04,0,165.0
6,3,0,1,national_holiday,4,Aveiro,coastal,0.48,4,Room,0,0,4.57,1,150.0
11,2,0,0,none,30,Bragança,rural,0.15,3,Apartment,0,0,3.76,0,68.0
1,6,1,0,sports_event,87,Guarda,rural,0.14,3,House,0,1,3.8,1,168.0
2,6,1,0,sports_event,13,Açores,rural,0.3,5,House,0,1,4.01,1,351.0
7,5,1,0,sports_event,2,Évora,historic,0.52,2,Room,0,0,4.48,1,143.0
9,6,1,0,none,34,Açores,rural,0.3,3,Apartment,1,0,4.56,1,194.0
10,6,1,0,festival,87,Viana do Castelo,coastal,0.38,5,Apartment,0,0,4.33,1,236.0
6,5,1,0,festival,62,Santarém,urban,0.35,5,Apartment,1,0,4.56,1,207.0
8,4,1,0,none,47,Guarda,rural,0.14,3,House,1,0,4.78,1,156.0
7,1,0,0,none,66,Guarda,rural,0.14,4,House,1,0,4.28,0,117.0
12,5,1,0,none,1,Guarda,rural,0.14,3,House,0,1,3.8,1,139.0
8,1,0,0,concert,19,Santarém,urban,0.35,2,Apartment,1,0,4.16,0,123.0
6,1,0,0,none,76,Faro,coastal,0.78,2,Apartment,0,0,3.52,0,162.0
12,6,1,0,none,65,Vila Real,rural,0.22,3,House,1,0,4.4,0,139.0
2,0,0,0,national_holiday,42,Lisboa,urban,0.92,2,Apartment,0,1,3.95,1,243.0
12,0,0,0,fair,24,Viseu,historic,0.32,1,Shared_House,0,0,4.26,1,49.0
2,3,0,0,none,21,Leiria,coastal,0.4,1,Room,0,0,4.16,0,41.0
4,4,1,0,fair,4,Madeira,urban,0.65,4,Apartment,0,0,4.01,0,269.0
10,0,0,0,none,80,Braga,urban,0.58,5,House,1,0,4.31,0,175.0
9,2,0,0,fair,18,Açores,rural,0.3,4,Apartment,0,1,4.14,1,185.0
12,1,0,0,none,74,Bragança,rural,0.15,3,Shared_House,0,0,3.88,0,50.0
9,2,0,0,none,31,Coimbra,urban,0.55,5,House,0,0,3.65,0,165.0
8,1,0,0,national_holiday,82,Lisboa,urban,0.92,3,Apartment,0,0,4.38,0,285.0
5,4,1,0,none,4,Açores,rural,0.3,3,House,1,1,3.6,1,272.0
1,3,0,0,concert,47,Évora,historic,0.52,3,Apartment,1,0,5.0,0,185.0
2,6,1,0,none,9,Beja,rural,0.2,2,Apartment,0,0,4.84,1,87.0
4,0,0,0,none,1,Viseu,historic,0.32,3,Apartment,1,0,3.41,0,70.0
1,5,1,0,national_holiday,33,Viana do Castelo,coastal,0.38,3,Apartment,1,0,4.51,1,189.0
7,6,1,0,festival,58,Leiria,coastal,0.4,5,Apartment,0,0,4.77,1,229.0
10,3,0,0,fair,84,Aveiro,coastal,0.48,2,Shared_House,1,0,3.91,0,83.0
12,4,1,1,fair,14,Porto,urban,0.85,1,House,0,1,4.38,1,433.0
6,3,0,0,none,58,Beja,rural,0.2,2,Room,0,0,4.14,0,44.0
11,4,1,0,none,73,Coimbra,urban,0.55,2,Apartment,1,0,4.54,0,133.0
12,6,1,0,none,85,Viana do Castelo,coastal,0.38,5,Room,0,0,3.98,1,86.0
11,3,0,0,festival,26,Lisboa,urban,0.92,3,House,1,1,4.71,1,472.0
6,4,1,0,none,4,Viana do Castelo,coastal,0.38,2,House,1,0,4.13,1,200.0
4,6,1,0,none,87,Porto,urban,0.85,3,Room,1,0,4.04,1,125.0
12,3,0,1,concert,79,Évora,historic,0.52,3,House,1,1,4.52,1,287.0
3,1,0,0,none,23,Braga,urban,0.58,2,House,1,0,4.65,0,147.0
5,4,1,0,sports_event,13,Aveiro,coastal,0.48,2,Room,0,0,3.03,1,107.0
1,4,1,0,none,49,Leiria,coastal,0.4,2,Apartment,1,0,2.75,1,83.0
10,1,0,0,none,22,Porto,urban,0.85,3,Apartment,0,0,4.37,0,159.0
8,5,1,0,none,51,Setúbal,coastal,0.6,4,Shared_House,0,1,3.87,1,135.0
2,0,0,0,none,10,Guarda,rural,0.14,2,Room,0,0,3.54,0,37.0
3,2,0,0,festival,84,Setúbal,coastal,0.6,3,House,1,1,4.01,0,318.0
7,5,1,0,none,38,Aveiro,coastal,0.48,4,Room,1,0,5.0,1,129.0
7,4,1,0,concert,13,Viseu,historic,0.32,2,Room,1,0,3.53,1,88.0
10,4,1,0,concert,19,Viseu,historic,0.32,3,House,1,0,4.64,1,241.0
4,4,1,0,none,60,Beja,rural,0.2,2,Apartment,0,0,3.82,1,70.0
12,1,0,0,fair,67,Setúbal,coastal,0.6,2,House,0,1,3.47,0,221.0
6,6,1,0,national_holiday,10,Beja,rural,0.2,3,Apartment,1,0,3.89,1,162.0
10,2,0,0,none,68,Vila Real,rural,0.22,2,Apartment,1,0,3.49,0,54.0
3,5,1,0,national_holiday,85,Viseu,historic,0.32,3,Shared_House,1,0,3.42,1,94.0
1,6,1,0,none,27,Lisboa,urban,0.92,4,Room,0,0,3.84,0,123.0
1,1,0,0,sports_event,56,Santarém,urban,0.35,2,Room,0,0,3.65,1,78.0
5,4,1,0,none,72,Portalegre,rural,0.18,5,House,1,1,4.13,0,186.0
12,0,0,1,concert,85,Leiria,coastal,0.4,2,Apartment,0,0,4.28,1,137.0
1,4,1,0,fair,15,Bragança,rural,0.15,3,House,1,0,3.81,0,143.0
5,3,0,0,national_holiday,80,Braga,urban,0.58,3,House,1,1,4.51,1,276.0
2,0,0,0,national_holiday,4,Vila Real,rural,0.22,3,House,0,1,3.87,1,151.0
12,4,1,0,none,50,Leiria,coastal,0.4,5,Apartment,0,0,4.12,1,155.0
9,6,1,0,sports_event,15,Castelo Branco,historic,0.28,2,Room,0,0,3.12,1,78.0
10,0,0,0,none,11,Porto,urban,0.85,2,Apartment,1,1,4.24,0,194.0
9,6,1,0,none,23,Santarém,urban,0.35,3,Apartment,0,0,5.0,1,149.0
8,5,1,0,none,15,Lisboa,urban,0.92,3,House,0,0,4.6,1,509.0
10,3,0,0,national_holiday,5,Aveiro,coastal,0.48,4,Shared_House,0,0,4.11,0,125.0
1,6,1,0,sports_event,28,Vila Real,rural,0.22,4,Apartment,1,0,3.62,1,140.0
11,2,0,0,none,10,Castelo Branco,historic,0.28,1,Apartment,0,0,5.0,0,64.0
9,5,1,0,national_holiday,35,Viseu,historic,0.32,4,Shared_House,0,1,4.12,1,136.0
9,4,1,0,concert,28,Castelo Branco,historic,0.28,4,Shared_House,0,0,3.86,1,100.0
5,4,1,0,none,47,Castelo Branco,historic,0.28,3,Apartment,0,0,3.88,1,95.0
10,5,1,0,none,77,Viseu,historic,0.32,2,Room,0,0,5.0,1,68.0
5,6,1,0,sports_event,13,Porto,urban,0.85,5,Shared_House,0,0,4.14,1,187.0
1,5,1,0,sports_event,77,Leiria,coastal,0.4,4,Apartment,0,0,4.43,1,207.0
11,4,1,0,none,49,Aveiro,coastal,0.48,2,Room,1,0,4.1,1,78.0
3,6,1,0,none,90,Castelo Branco,historic,0.28,2,Apartment,0,0,4.17,0,84.0
2,3,0,0,none,37,Setúbal,coastal,0.6,4,Room,0,0,3.99,0,100.0
8,4,1,0,none,9,Santarém,urban,0.35,5,Apartment,0,0,4.91,1,168.0
3,1,0,0,none,19,Viseu,historic,0.32,3,House,1,0,4.22,1,129.0
11,2,0,0,none,1,Évora,historic,0.52,4,Room,0,0,3.5,0,65.0
6,6,1,0,none,78,Setúbal,coastal,0.6,2,Apartment,1,0,4.4,1,231.0
1,3,0,0,sports_event,51,Beja,rural,0.2,2,Room,0,0,4.14,0,88.0
12,3,0,0,none,80,Madeira,urban,0.65,3,Apartment,0,0,4.39,1,148.0
7,5,1,0,none,55,Lisboa,urban,0.92,1,Apartment,0,0,4.03,1,268.0
4,2,0,0,none,85,Leiria,coastal,0.4,2,Shared_House,0,0,3.93,0,26.0
9,1,0,0,national_holiday,22,Castelo Branco,historic,0.28,4,Shared_House,0,0,4.65,1,115.0
7,0,0,0,none,30,Viseu,historic,0.32,2,Room,0,0,5.0,1,65.0
1,1,0,0,none,72,Lisboa,urban,0.92,2,Room,0,0,3.27,1,80.0
10,3,0,0,none,74,Évora,historic,0.52,1,Apartment,0,0,4.24,0,93.0
5,5,1,0,sports_event,87,Guarda,rural,0.14,2,House,0,1,3.93,1,168.0
9,2,0,0,none,80,Évora,historic,0.52,2,Room,0,0,3.74,0,62.0
11,3,0,0,none,30,Guarda,rural,0.14,2,Room,0,0,3.12,1,15.0
8,1,0,0,fair,61,Leiria,coastal,0.4,5,Apartment,1,0,4.38,1,186.0
9,5,1,0,concert,86,Braga,urban,0.58,3,Apartment,0,0,3.96,1,189.0
4,3,0,0,none,24,Évora,historic,0.52,3,House,1,0,3.93,0,178.0
3,1,0,0,none,10,Braga,urban,0.58,2,Apartment,0,0,4.8,0,94.0
5,4,1,0,national_holiday,46,Açores,rural,0.3,2,Room,0,0,3.98,1,122.0
11,2,0,0,national_holiday,43,Beja,rural,0.2,5,Apartment,0,1,3.96,1,150.0
7,6,1,0,sports_event,63,Porto,urban,0.85,3,House,0,0,3.53,1,440.0
5,1,0,0,concert,18,Guarda,rural,0.14,4,Apartment,0,0,3.75,0,113.0
10,6,1,0,fair,41,Açores,rural,0.3,2,Room,0,0,4.93,0,112.0
11,4,1,0,national_holiday,53,Aveiro,coastal,0.48,3,Shared_House,0,0,4.51,1,130.0
11,0,0,0,none,53,Évora,historic,0.52,3,House,1,0,4.84,0,179.0
4,5,1,0,national_holiday,7,Porto,urban,0.85,2,Shared_House,0,0,3.78,1,137.0
9,5,1,0,sports_event,10,Guarda,rural,0.14,4,Apartment,0,0,4.38,0,164.0
8,3,0,0,festival,46,Coimbra,urban,0.55,2,Apartment,0,0,4.72,1,190.0
6,1,0,0,none,34,Coimbra,urban,0.55,3,Room,1,0,4.49,1,85.0
5,3,0,0,none,16,Guarda,rural,0.14,2,Apartment,0,0,4.99,0,74.0
2,4,1,0,concert,73,Vila Real,rural,0.22,3,Apartment,0,0,4.4,0,101.0
4,0,0,0,sports_event,38,Leiria,coastal,0.4,4,House,1,0,4.2,0,237.0
7,2,0,0,none,53,Viseu,historic,0.32,3,Apartment,0,0,3.02,0,68.0
11,4,1,1,festival,62,Guarda,rural,0.14,5,Room,0,0,4.41,1,136.0
11,3,0,0,none,66,Setúbal,coastal,0.6,2,House,1,1,4.5,0,226.0
3,6,1,0,none,31,Beja,rural,0.2,4,Apartment,0,0,4.77,0,122.0
9,1,0,0,festival,3,Açores,rural,0.3,4,Apartment,1,0,3.8,0,219.0
2,5,1,0,festival,49,Portalegre,rural,0.18,5,Apartment,0,0,4.18,1,184.0
9,2,0,0,none,22,Setúbal,coastal,0.6,4,Room,0,0,3.4,0,85.0
5,1,0,0,none,88,Açores,rural,0.3,3,Apartment,0,0,3.39,0,90.0
6,6,1,0,none,81,Lisboa,urban,0.92,3,Room,0,0,4.46,1,177.0
9,4,1,0,festival,79,Santarém,urban,0.35,4,Apartment,0,0,4.83,1,192.0
6,3,0,0,national_holiday,71,Braga,urban,0.58,4,Apartment,0,0,4.85,1,206.0
10,2,0,0,concert,90,Beja,rural,0.2,3,House,1,1,4.42,0,163.0
7,6,1,0,concert,87,Leiria,coastal,0.4,4,Apartment,0,0,5.0,1,208.0
12,0,0,1,national_holiday,16,Bragança,rural,0.15,3,House,1,1,4.0,1,183.0
8,0,0,0,none,56,Faro,coastal,0.78,2,House,0,1,4.65,1,388.0
4,1,0,0,fair,45,Portalegre,rural,0.18,1,Apartment,0,0,3.54,0,48.0
10,4,1,0,none,3,Coimbra,urban,0.55,3,House,0,0,2.63,0,164.0
5,0,0,0,none,71,Castelo Branco,historic,0.28,3,Shared_House,0,1,3.96,0,52.0
7,5,1,0,festival,10,Viana do Castelo,coastal,0.38,3,Apartment,0,0,4.14,1,190.0
2,1,0,0,sports_event,84,Leiria,coastal,0.4,3,House,1,0,4.32,0,215.0
2,4,1,0,none,63,Aveiro,coastal,0.48,2,Apartment,0,0,4.11,0,123.0
7,5,1,0,none,22,Açores,rural,0.3,2,Room,0,0,4.38,1,107.0
3,6,1,0,festival,4,Leiria,coastal,0.4,1,Apartment,0,0,5.0,1,176.0
12,2,0,0,none,89,Faro,coastal,0.78,2,Apartment,0,0,4.57,0,188.0
11,0,0,0,none,73,Castelo Branco,historic,0.28,3,Apartment,0,0,3.82,1,64.0
9,5,1,0,concert,40,Açores,rural,0.3,4,House,0,0,2.94,1,257.0
9,3,0,0,national_holiday,73,Faro,coastal,0.78,5,Apartment,0,0,3.66,1,312.0
8,6,1,1,national_holiday,70,Braga,urban,0.58,1,Room,0,0,4.87,1,108.0
1,1,0,0,none,56,Évora,historic,0.52,4,Apartment,0,0,3.95,0,108.0
5,4,1,0,none,47,Santarém,urban,0.35,3,Shared_House,0,0,4.54,1,66.0
6,0,0,0,none,4,Leiria,coastal,0.4,2,Shared_House,0,1,4.52,0,92.0
11,3,0,0,fair,27,Açores,rural,0.3,4,Room,0,0,4.17,0,98.0
3,0,0,0,sports_event,28,Lisboa,urban,0.92,5,Room,0,0,4.16,1,191.0
6,5,1,0,none,10,Beja,rural,0.2,2,House,1,0,3.87,0,131.0
5,4,1,0,concert,64,Santarém,urban,0.35,3,Room,0,0,5.0,1,122.0
2,0,0,0,none,15,Évora,historic,0.52,2,Apartment,1,0,3.72,0,107.0
2,3,0,0,festival,24,Madeira,urban,0.65,2,Room,0,0,4.76,1,166.0
5,2,0,0,national_holiday,59,Coimbra,urban,0.55,2,House,1,1,4.62,0,251.0
1,4,1,0,none,47,Portalegre,rural,0.18,1,Room,0,0,4.51,1,41.0
1,3,0,0,none,50,Braga,urban,0.58,4,House,0,0,4.14,0,152.0
5,3,0,0,fair,77,Coimbra,urban,0.55,2,House,0,1,3.46,0,171.0
3,5,1,0,none,39,Aveiro,coastal,0.48,3,Apartment,0,0,3.63,1,145.0
7,3,0,0,none,56,Coimbra,urban,0.55,4,Apartment,1,0,3.81,1,135.0
1,5,1,0,none,57,Évora,historic,0.52,4,Apartment,0,0,4.38,1,167.0
4,6,1,0,none,12,Viseu,historic,0.32,2,Room,0,0,4.65,0,88.0
6,5,1,0,none,46,Porto,urban,0.85,2,Apartment,0,0,4.36,1,231.0
12,6,1,0,none,50,Lisboa,urban,0.92,3,Shared_House,0,0,4.33,1,121.0
8,4,1,0,none,13,Viana do Castelo,coastal,0.38,2,Room,0,0,4.72,1,83.0
11,3,0,0,none,12,Madeira,urban,0.65,2,Room,0,0,3.16,0,62.0
5,3,0,1,sports_event,24,Lisboa,urban,0.92,3,Shared_House,0,1,3.1,1,157.0
6,1,0,0,fair,39,Coimbra,urban,0.55,3,Apartment,0,0,3.43,0,140.0
6,5,1,1,sports_event,39,Madeira,urban,0.65,2,Room,1,1,4.66,1,204.0
11,4,1,0,sports_event,21,Viseu,historic,0.32,2,Apartment,1,0,3.2,1,139.0
12,6,1,0,concert,36,Portalegre,rural,0.18,4,Apartment,0,0,4.2,0,151.0
12,4,1,0,none,27,Lisboa,urban,0.92,5,Apartment,0,0,3.74,0,286.0
10,3,0,0,none,82,Porto,urban,0.85,3,Apartment,0,1,4.28,1,178.0
7,2,0,0,none,60,Bragança,rural,0.15,3,Apartment,0,0,4.13,0,69.0
7,6,1,0,none,85,Açores,rural,0.3,3,Apartment,0,0,4.33,1,188.0
12,5,1,1,national_holiday,59,Guarda,rural,0.14,2,Shared_House,1,0,4.0,1,81.0
4,6,1,0,none,49,Santarém,urban,0.35,5,Apartment,0,0,4.55,1,143.0
5,4,1,0,fair,45,Évora,historic,0.52,2,Shared_House,0,0,4.93,1,98.0
11,3,0,0,none,24,Coimbra,urban,0.55,3,Room,1,0,4.83,0,76.0
5,0,0,0,none,17,Santarém,urban,0.35,2,Room,0,1,4.02,0,71.0
3,0,0,0,none,72,Lisboa,urban,0.92,4,Room,1,0,3.77,0,109.0
7,4,1,0,none,36,Faro,coastal,0.78,4,Shared_House,0,0,4.3,1,166.0
4,1,0,0,none,17,Vila Real,rural,0.22,4,Apartment,0,0,5.0,0,105.0
11,0,0,0,sports_event,38,Leiria,coastal,0.4,3,House,0,1,4.17,0,234.0
11,5,1,0,none,45,Braga,urban,0.58,3,Apartment,0,0,4.62,1,148.0
4,4,1,0,fair,61,Braga,urban,0.58,3,Apartment,0,0,4.59,1,178.0
7,0,0,0,fair,90,Viana do Castelo,coastal,0.38,4,Apartment,0,1,4.59,1,187.0
12,3,0,0,none,88,Santarém,urban,0.35,3,House,1,1,4.84,0,167.0
9,3,0,0,national_holiday,79,Açores,rural,0.3,3,Shared_House,0,0,3.54,0,96.0
3,0,0,0,none,75,Coimbra,urban,0.55,3,Apartment,1,0,3.72,0,86.0
8,4,1,0,none,84,Bragança,rural,0.15,2,Shared_House,1,0,4.22,1,54.0
8,2,0,0,none,65,Bragança,rural,0.15,3,Apartment,1,0,4.82,1,98.0
8,6,1,0,festival,9,Guarda,rural,0.14,2,House,0,1,4.81,0,212.0
1,0,0,0,festival,22,Viseu,historic,0.32,4,Apartment,0,0,4.18,0,150.0
4,5,1,0,festival,42,Bragança,rural,0.15,2,Shared_House,0,0,4.7,1,85.0
11,0,0,0,fair,71,Guarda,rural,0.14,4,House,1,0,3.99,0,105.0
3,5,1,0,none,70,Beja,rural,0.2,1,Apartment,1,0,3.79,0,57.0
4,5,1,0,concert,80,Évora,historic,0.52,3,Shared_House,1,0,3.54,1,113.0
4,2,0,0,festival,15,Faro,coastal,0.78,2,Apartment,0,0,4.13,0,290.0
3,1,0,0,none,54,Castelo Branco,historic,0.28,4,Shared_House,0,1,4.03,0,70.0
2,0,0,0,none,70,Guarda,rural,0.14,2,Apartment,1,1,4.7,0,96.0
5,2,0,0,none,36,Coimbra,urban,0.55,3,Apartment,0,0,4.48,1,101.0
11,4,1,0,none,31,Viana do Castelo,coastal,0.38,1,Apartment,1,0,4.23,1,123.0
1,5,1,0,concert,60,Évora,historic,0.52,4,House,1,1,4.23,1,340.0
4,1,0,0,none,80,Leiria,coastal,0.4,2,Room,0,0,3.99,0,59.0
1,0,0,0,none,41,Bragança,rural,0.15,3,House,1,0,3.31,0,71.0
7,3,0,0,concert,38,Açores,rural,0.3,2,Apartment,0,0,3.61,0,131.0
4,4,1,0,sports_event,7,Santarém,urban,0.35,2,Apartment,0,0,4.59,1,156.0
10,6,1,0,national_holiday,23,Aveiro,coastal,0.48,1,House,0,1,4.13,1,271.0
8,5,1,0,festival,8,Braga,urban,0.58,3,Apartment,1,0,3.54,1,210.0
10,3,0,0,sports_event,83,Aveiro,coastal,0.48,1,Apartment,0,0,4.88,0,164.0
8,4,1,0,none,76,Santarém,urban,0.35,5,House,1,1,5.0,1,243.0
6,4,1,1,sports_event,65,Coimbra,urban,0.55,3,House,1,0,4.8,1,307.0
11,3,0,0,none,20,Guarda,rural,0.14,3,House,1,0,4.41,0,81.0
6,4,1,0,none,42,Portalegre,rural,0.18,2,Apartment,1,0,4.34,1,98.0
12,1,0,0,national_holiday,2,Porto,urban,0.85,2,Shared_House,1,0,4.19,1,130.0
12,5,1,0,sports_event,87,Açores,rural,0.3,4,Room,0,0,4.28,0,159.0
8,6,1,0,festival,5,Porto,urban,0.85,4,Room,0,0,4.51,1,189.0
9,3,0,0,none,55,Leiria,coastal,0.4,3,Room,0,0,4.55,0,79.0
4,3,0,0,sports_event,45,Madeira,urban,0.65,4,House,1,0,4.43,0,365.0
10,3,0,0,none,53,Lisboa,urban,0.92,2,Shared_House,0,0,2.56,0,51.0
9,5,1,0,none,8,Vila Real,rural,0.22,5,Apartment,0,0,4.78,1,136.0
11,1,0,0,none,33,Bragança,rural,0.15,3,Apartment,1,0,4.3,0,77.0
4,2,0,0,none,75,Madeira,urban,0.65,4,Room,0,0,3.52,0,93.0
10,4,1,0,none,76,Viseu,historic,0.32,4,Room,0,0,4.3,1,96.0
6,4,1,0,concert,37,Évora,historic,0.52,2,Apartment,0,0,4.35,1,211.0
3,2,0,0,none,53,Viana do Castelo,coastal,0.38,3,Room,0,0,3.41,0,59.0
3,0,0,0,concert,73,Braga,urban,0.58,5,House,0,1,3.88,0,233.0
7,3,0,0,fair,56,Coimbra,urban,0.55,1,Apartment,1,0,3.65,1,113.0
4,4,1,0,none,38,Coimbra,urban,0.55,3,Shared_House,0,0,3.71,1,70.0
2,5,1,0,sports_event,85,Évora,historic,0.52,3,House,1,0,4.49,1,340.0
6,0,0,0,none,90,Vila Real,rural,0.22,2,Room,1,0,3.89,1,56.0
8,0,0,0,fair,25,Aveiro,coastal,0.48,2,Room,0,0,4.25,1,88.0
4,2,0,0,none,5,Viseu,historic,0.32,4,Apartment,1,0,4.57,1,114.0
12,3,0,0,none,72,Guarda,rural,0.14,5,Room,0,0,3.98,0,67.0
10,0,0,0,none,10,Porto,urban,0.85,3,Apartment,0,0,4.59,0,165.0
7,1,0,0,fair,73,Braga,urban,0.58,5,Room,0,0,4.88,0,137.0
12,2,0,0,none,71,Porto,urban,0.85,1,Room,0,0,4.62,0,62.0
6,1,0,1,concert,6,Portalegre,rural,0.18,2,Room,0,0,4.5,0,82.0
2,4,1,0,none,50,Madeira,urban,0.65,1,Shared_House,1,0,4.63,0,84.0
1,0,0,0,sports_event,66,Beja,rural,0.2,3,House,1,1,4.4,0,161.0
12,6,1,0,none,8,Santarém,urban,0.35,3,Apartment,0,1,4.62,0,159.0
12,1,0,1,national_holiday,75,Viseu,historic,0.32,2,House,0,1,3.61,0,174.0
9,3,0,0,none,10,Beja,rural,0.2,3,House,1,1,4.16,1,139.0
2,6,1,0,none,49,Guarda,rural,0.14,3,Apartment,0,0,4.4,0,81.0
4,4,1,0,concert,2,Leiria,coastal,0.4,3,Apartment,0,0,4.16,1,198.0
1,6,1,0,sports_event,11,Faro,coastal,0.78,3,House,0,0,5.0,1,557.0
1,0,0,0,none,67,Coimbra,urban,0.55,3,Room,0,0,4.1,0,52.0
3,5,1,0,none,8,Braga,urban,0.58,5,House,0,1,3.31,0,213.0
7,0,0,0,none,81,Viseu,historic,0.32,4,Room,1,0,4.23,0,90.0
1,4,1,0,sports_event,3,Castelo Branco,historic,0.28,5,House,1,0,4.61,0,244.0
12,2,0,0,concert,57,Madeira,urban,0.65,5,Shared_House,0,1,3.76,1,160.0
6,5,1,0,fair,33,Guarda,rural,0.14,4,Room,1,0,4.18,1,89.0
4,0,0,0,fair,55,Leiria,coastal,0.4,1,Apartment,0,1,4.16,0,121.0
7,6,1,0,none,56,Portalegre,rural,0.18,3,Apartment,0,0,4.17,1,87.0
10,3,0,1,national_holiday,58,Guarda,rural,0.14,2,Shared_House,0,0,3.9,0,59.0
4,3,0,0,fair,52,Lisboa,urban,0.92,1,Shared_House,1,0,4.75,1,117.0
1,3,0,0,none,86,Faro,coastal,0.78,3,Apartment,0,1,5.0,1,227.0
1,0,0,0,none,46,Guarda,rural,0.14,2,Room,0,1,3.78,0,36.0
11,2,0,0,none,77,Setúbal,coastal,0.6,3,Shared_House,1,0,3.55,0,52.0
2,4,1,1,concert,38,Viana do Castelo,coastal,0.38,4,Apartment,1,0,3.98,1,196.0
8,6,1,0,sports_event,55,Santarém,urban,0.35,2,House,1,0,4.9,1,230.0
5,6,1,0,national_holiday,62,Faro,coastal,0.78,5,Room,0,0,4.07,1,245.0
10,3,0,0,none,35,Lisboa,urban,0.92,4,Apartment,0,0,4.38,0,226.0
1,1,0,0,none,80,Viana do Castelo,coastal,0.38,4,Room,0,0,3.74,0,71.0
11,3,0,0,none,25,Faro,coastal,0.78,1,Apartment,0,0,5.0,0,205.0
9,3,0,0,concert,75,Madeira,urban,0.65,5,House,1,0,4.05,1,366.0
6,2,0,0,none,18,Braga,urban,0.58,1,Apartment,0,0,4.32,0,83.0
3,2,0,0,national_holiday,65,Castelo Branco,historic,0.28,4,Room,0,0,3.8,1,107.0
12,6,1,0,none,75,Portalegre,rural,0.18,1,Apartment,0,0,3.75,1,36.0
4,2,0,0,concert,27,Santarém,urban,0.35,2,House,0,0,4.2,1,144.0
6,0,0,1,concert,24,Braga,urban,0.58,2,Apartment,1,0,4.25,0,156.0
5,5,1,0,none,85,Bragança,rural,0.15,4,Apartment,0,0,4.63,1,120.0
3,4,1,0,concert,58,Beja,rural,0.2,5,Room,1,0,3.36,0,108.0
5,2,0,0,none,78,Aveiro,coastal,0.48,3,Apartment,1,0,3.72,1,111.0
2,4,1,0,concert,86,Portalegre,rural,0.18,4,Apartment,1,1,3.86,1,143.0
1,6,1,0,concert,86,Leiria,coastal,0.4,2,Apartment,1,0,4.26,1,167.0
4,6,1,0,festival,74,Bragança,rural,0.15,5,House,1,0,3.64,1,211.0
2,5,1,0,none,56,Faro,coastal,0.78,3,Apartment,1,0,4.15,1,286.0
5,4,1,0,national_holiday,86,Faro,coastal,0.78,5,House,1,0,3.88,1,558.0
11,0,0,0,national_holiday,30,Leiria,coastal,0.4,4,Room,0,0,4.13,1,122.0
2,3,0,0,festival,50,Bragança,rural,0.15,2,Apartment,1,0,3.81,0,98.0
1,5,1,0,national_holiday,41,Santarém,urban,0.35,2,Apartment,1,0,3.69,1,133.0
2,5,1,0,none,31,Viseu,historic,0.32,3,Apartment,1,0,4.34,1,119.0
7,5,1,0,none,30,Braga,urban,0.58,5,Room,0,0,4.76,1,142.0
4,6,1,0,none,88,Leiria,coastal,0.4,3,Apartment,1,0,4.61,1,169.0
6,3,0,1,national_holiday,32,Guarda,rural,0.14,4,Room,0,0,4.76,0,122.0
1,0,0,1,festival,10,Portalegre,rural,0.18,5,Shared_House,0,0,4.82,0,127.0
4,3,0,0,sports_event,39,Portalegre,rural,0.18,2,Apartment,0,0,4.12,0,103.0
5,2,0,0,none,34,Faro,coastal,0.78,3,Apartment,0,0,5.0,0,249.0
6,5,1,0,none,85,Madeira,urban,0.65,3,Room,0,0,4.58,1,157.0
7,5,1,0,sports_event,71,Castelo Branco,historic,0.28,2,Shared_House,0,0,3.73,1,82.0
10,2,0,0,concert,45,Setúbal,coastal,0.6,4,Apartment,0,0,3.87,1,192.0
6,2,0,1,national_holiday,75,Setúbal,coastal,0.6,2,House,1,1,4.28,1,357.0
11,1,0,0,none,37,Castelo Branco,historic,0.28,4,Room,0,0,4.64,0,80.0
7,0,0,0,fair,21,Viseu,historic,0.32,3,Apartment,0,0,4.09,0,138.0
4,2,0,0,none,58,Aveiro,coastal,0.48,4,House,1,0,3.71,0,151.0
3,1,0,0,none,56,Santarém,urban,0.35,3,House,1,1,4.6,0,152.0
4,1,0,0,sports_event,26,Viana do Castelo,coastal,0.38,3,Shared_House,0,0,3.64,0,91.0
8,6,1,0,none,16,Madeira,urban,0.65,2,House,1,0,4.35,1,378.0
3,4,1,0,concert,1,Viseu,historic,0.32,4,House,0,1,4.22,1,246.0
11,3,0,0,none,35,Lisboa,urban,0.92,3,House,1,1,3.53,0,231.0
6,1,0,0,none,66,Porto,urban,0.85,3,Apartment,1,0,5.0,1,212.0
11,5,1,0,festival,73,Portalegre,rural,0.18,4,House,1,0,4.21,1,208.0
9,4,1,0,none,30,Beja,rural,0.2,3,Apartment,0,0,3.61,1,94.0
5,3,0,0,none,60,Lisboa,urban,0.92,2,House,0,0,4.22,1,285.0
3,3,0,0,none,22,Portalegre,rural,0.18,2,House,0,1,3.33,0,75.0
9,3,0,0,none,17,Viseu,historic,0.32,3,Room,0,0,4.38,0,64.0
4,5,1,0,concert,49,Faro,coastal,0.78,2,Room,0,0,4.63,1,193.0
3,5,1,0,none,29,Viseu,historic,0.32,2,Apartment,1,0,5.0,1,126.0
12,3,0,0,festival,15,Madeira,urban,0.65,2,House,1,0,4.25,1,356.0
6,4,1,0,festival,22,Vila Real,rural,0.22,3,Apartment,1,0,3.87,1,170.0
1,6,1,0,festival,26,Aveiro,coastal,0.48,3,Apartment,0,0,4.3,1,212.0
6,2,0,0,none,29,Vila Real,rural,0.22,3,Apartment,0,0,4.92,0,77.0
6,6,1,1,sports_event,47,Açores,rural,0.3,3,Apartment,0,1,4.45,0,265.0
11,4,1,0,fair,79,Setúbal,coastal,0.6,3,Room,0,0,4.62,1,129.0
9,1,0,0,none,88,Viseu,historic,0.32,2,Shared_House,0,0,4.58,1,59.0
3,6,1,0,concert,52,Guarda,rural,0.14,5,House,1,0,4.45,1,189.0
2,4,1,0,none,22,Aveiro,coastal,0.48,3,Apartment,1,0,3.5,1,139.0
8,2,0,0,none,18,Portalegre,rural,0.18,4,Apartment,0,0,3.47,0,85.0
1,1,0,0,none,43,Lisboa,urban,0.92,3,Apartment,0,0,3.41,0,144.0
4,6,1,0,none,61,Braga,urban,0.58,2,Room,0,0,3.6,0,67.0
2,5,1,0,none,48,Braga,urban,0.58,4,Apartment,0,0,3.66,0,139.0
1,0,0,0,none,12,Castelo Branco,historic,0.28,2,Room,1,0,5.0,0,75.0
12,4,1,0,none,65,Guarda,rural,0.14,5,Apartment,1,0,3.85,1,134.0
2,0,0,1,festival,28,Portalegre,rural,0.18,3,House,1,1,4.25,0,186.0
1,2,0,0,none,47,Viana do Castelo,coastal,0.38,1,House,1,0,4.08,0,108.0
12,3,0,0,concert,78,Portalegre,rural,0.18,3,Apartment,1,0,4.3,1,95.0
3,1,0,0,fair,67,Portalegre,rural,0.18,4,House,1,0,4.24,0,120.0
10,3,0,0,none,48,Faro,coastal,0.78,1,Room,0,0,3.57,0,72.0
1,3,0,0,none,78,Coimbra,urban,0.55,2,Apartment,1,0,4.5,0,88.0
2,4,1,0,none,19,Aveiro,coastal,0.48,5,Apartment,1,0,3.86,0,185.0
2,5,1,0,fair,26,Açores,rural,0.3,2,House,1,0,3.84,0,243.0
9,1,0,0,none,25,Santarém,urban,0.35,2,Shared_House,0,1,4.05,0,57.0
8,5,1,0,none,76,Braga,urban,0.58,1,Shared_House,0,0,4.6,1,80.0
6,1,0,0,national_holiday,76,Vila Real,rural,0.22,3,Apartment,0,0,3.89,1,126.0
3,0,0,0,none,24,Beja,rural,0.2,3,Room,0,0,4.25,0,55.0
2,3,0,0,none,18,Madeira,urban,0.65,3,Room,0,0,4.4,0,93.0
7,2,0,0,fair,73,Portalegre,rural,0.18,5,Room,0,0,4.33,0,98.0
3,1,0,0,national_holiday,41,Açores,rural,0.3,1,Apartment,0,0,4.3,1,138.0
8,2,0,0,none,58,Viana do Castelo,coastal,0.38,2,Shared_House,0,0,3.5,0,33.0
9,6,1,0,none,18,Viana do Castelo,coastal,0.38,2,Room,0,0,4.26,1,77.0
11,4,1,0,none,52,Faro,coastal,0.78,3,House,1,1,3.74,0,407.0
6,5,1,1,national_holiday,62,Coimbra,urban,0.55,2,Apartment,0,0,3.32,1,179.0
1,1,0,0,none,42,Évora,historic,0.52,3,Apartment,0,0,3.97,0,99.0
4,0,0,0,none,74,Évora,historic,0.52,4,Apartment,0,0,3.94,0,148.0
11,2,0,0,festival,50,Beja,rural,0.2,2,Room,1,0,5.0,1,88.0
7,5,1,0,concert,49,Bragança,rural,0.15,5,Room,0,0,4.69,1,115.0
8,6,1,0,national_holiday,22,Portalegre,rural,0.18,5,Shared_House,0,0,4.59,1,122.0
6,0,0,0,fair,61,Castelo Branco,historic,0.28,3,Apartment,0,0,4.0,1,109.0
2,3,0,0,none,45,Braga,urban,0.58,4,Shared_House,0,1,4.11,0,90.0
11,2,0,0,none,59,Porto,urban,0.85,4,Room,0,0,5.0,0,102.0
10,5,1,0,festival,55,Vila Real,rural,0.22,2,Apartment,1,0,3.88,1,156.0
12,1,0,1,national_holiday,34,Portalegre,rural,0.18,3,Apartment,0,1,4.33,1,149.0
11,3,0,0,none,35,Madeira,urban,0.65,1,Room,0,0,5.0,0,78.0
4,5,1,0,concert,29,Castelo Branco,historic,0.28,3,House,1,0,3.84,1,185.0
4,3,0,0,none,35,Guarda,rural,0.14,4,Apartment,0,0,4.27,0,80.0
3,5,1,0,none,77,Porto,urban,0.85,3,Room,0,0,4.19,0,121.0
12,4,1,0,none,32,Aveiro,coastal,0.48,2,Apartment,0,0,3.76,0,135.0
7,4,1,0,national_holiday,11,Bragança,rural,0.15,3,House,1,0,4.59,1,186.0
6,1,0,0,sports_event,74,Faro,coastal,0.78,5,Shared_House,1,0,3.64,0,176.0
12,6,1,0,none,20,Viseu,historic,0.32,1,Apartment,1,0,4.59,1,121.0
8,1,0,0,none,35,Açores,rural,0.3,2,Apartment,0,1,4.41,0,132.0
11,6,1,0,fair,19,Aveiro,coastal,0.48,2,House,1,0,4.65,1,263.0
12,6,1,0,none,53,Bragança,rural,0.15,5,Room,0,0,4.1,1,88.0
1,3,0,0,festival,24,Vila Real,rural,0.22,3,Apartment,1,0,4.39,1,133.0
5,6,1,0,sports_event,88,Viseu,historic,0.32,2,House,1,0,4.71,1,216.0
9,5,1,0,sports_event,39,Beja,rural,0.2,3,House,0,0,3.5,1,184.0
10,5,1,0,none,3,Madeira,urban,0.65,3,Room,0,0,3.6,1,116.0
2,0,0,0,fair,50,Guarda,rural,0.14,1,House,1,1,4.49,0,90.0
4,0,0,0,none,20,Aveiro,coastal,0.48,4,Apartment,1,0,4.61,1,166.0
7,0,0,0,none,32,Guarda,rural,0.14,4,Apartment,1,0,4.27,0,101.0
10,0,0,0,none,84,Guarda,rural,0.14,1,Apartment,1,0,4.66,1,42.0
2,5,1,0,none,17,Viana do Castelo,coastal,0.38,5,Apartment,0,0,4.02,0,153.0
8,1,0,0,none,65,Beja,rural,0.2,2,Apartment,0,0,4.83,0,73.0
4,0,0,0,concert,63,Portalegre,rural,0.18,1,Room,0,0,4.16,0,44.0
3,6,1,0,fair,34,Portalegre,rural,0.18,3,Room,0,0,3.81,0,79.0
7,1,0,0,none,40,Vila Real,rural,0.22,2,Apartment,1,0,4.91,1,101.0
5,5,1,0,concert,9,Guarda,rural,0.14,3,Room,0,0,4.61,1,94.0
8,6,1,0,national_holiday,43,Leiria,coastal,0.4,2,House,0,0,3.97,0,242.0
4,3,0,0,none,47,Santarém,urban,0.35,2,Room,0,0,3.98,1,36.0
10,6,1,1,sports_event,54,Viana do Castelo,coastal,0.38,5,Room,0,0,4.5,1,140.0
1,6,1,0,national_holiday,71,Faro,coastal,0.78,2,Apartment,0,0,3.7,1,319.0
11,1,0,0,concert,84,Braga,urban,0.58,3,House,1,0,4.36,1,200.0
1,1,0,0,none,39,Madeira,urban,0.65,2,Apartment,0,1,4.12,0,131.0
9,2,0,0,fair,80,Évora,historic,0.52,4,Shared_House,0,0,4.31,0,104.0
5,3,0,0,sports_event,76,Guarda,rural,0.14,2,Apartment,0,1,3.19,1,101.0
5,5,1,0,none,28,Castelo Branco,historic,0.28,2,House,1,0,3.75,1,135.0
1,1,0,0,none,27,Lisboa,urban,0.92,5,Apartment,0,0,4.33,0,193.0
9,1,0,0,none,49,Santarém,urban,0.35,2,Apartment,1,0,4.73,0,116.0
2,2,0,0,none,45,Açores,rural,0.3,4,Apartment,0,0,4.13,0,122.0
8,1,0,1,national_holiday,34,Braga,urban,0.58,3,Room,0,0,4.56,1,136.0
9,6,1,0,none,9,Coimbra,urban,0.55,4,Apartment,0,1,3.46,0,196.0
11,2,0,0,fair,72,Portalegre,rural,0.18,1,Apartment,0,1,3.98,0,72.0
9,6,1,0,sports_event,48,Lisboa,urban,0.92,5,Apartment,0,0,4.34,1,391.0
4,0,0,1,national_holiday,16,Madeira,urban,0.65,2,Apartment,0,0,4.17,1,231.0
9,0,0,0,none,78,Açores,rural,0.3,1,Apartment,0,0,4.58,0,111.0
10,5,1,0,none,84,Faro,coastal,0.78,4,House,1,0,4.07,1,465.0
4,1,0,0,none,14,Beja,rural,0.2,2,Apartment,0,0,4.08,0,54.0
2,0,0,1,festival,48,Faro,coastal,0.78,2,Shared_House,1,0,4.53,1,162.0
11,4,1,0,none,55,Vila Real,rural,0.22,3,House,1,0,3.93,1,117.0
2,1,0,0,national_holiday,22,Leiria,coastal,0.4,1,Apartment,1,0,3.75,1,123.0
8,0,0,0,none,29,Vila Real,rural,0.22,2,Room,0,0,4.43,0,63.0
3,2,0,0,none,35,Guarda,rural,0.14,3,Apartment,0,0,3.72,0,59.0
2,3,0,0,fair,32,Castelo Branco,historic,0.28,3,Room,1,0,4.91,0,87.0
10,3,0,0,none,61,Viana do Castelo,coastal,0.38,3,Apartment,0,0,3.28,0,68.0
2,4,1,0,none,1,Braga,urban,0.58,4,Apartment,0,0,4.05,1,160.0
9,0,0,0,none,59,Porto,urban,0.85,2,Shared_House,0,0,5.0,0,100.0
9,2,0,0,sports_event,48,Portalegre,rural,0.18,3,House,1,0,5.0,0,190.0
1,2,0,0,none,69,Vila Real,rural,0.22,2,Room,0,0,4.15,0,60.0
3,2,0,0,concert,89,Castelo Branco,historic,0.28,2,Apartment,0,0,4.75,0,95.0
10,3,0,0,festival,39,Viana do Castelo,coastal,0.38,1,House,0,0,4.59,0,204.0
7,1,0,0,fair,14,Évora,historic,0.52,3,Apartment,0,0,3.95,0,165.0
2,4,1,0,festival,40,Portalegre,rural,0.18,2,Apartment,0,0,4.43,1,129.0
12,6,1,0,concert,22,Castelo Branco,historic,0.28,4,Room,0,0,3.77,1,99.0
4,4,1,0,sports_event,46,Vila Real,rural,0.22,1,Apartment,1,0,3.42,1,112.0
1,2,0,0,none,21,Aveiro,coastal,0.48,1,House,0,0,4.45,0,113.0
12,3,0,0,sports_event,1,Castelo Branco,historic,0.28,2,Apartment,0,0,4.48,1,133.0
1,4,1,0,sports_event,51,Aveiro,coastal,0.48,3,House,1,1,3.61,0,296.0
7,5,1,0,none,29,Viseu,historic,0.32,3,Apartment,0,0,4.13,1,127.0
12,2,0,0,sports_event,18,Viseu,historic,0.32,3,Apartment,0,0,3.61,1,135.0
7,0,0,0,none,1,Coimbra,urban,0.55,5,House,1,1,3.97,1,251.0
8,4,1,0,festival,86,Guarda,rural,0.14,2,Room,0,0,3.98,1,99.0
5,4,1,0,none,76,Açores,rural,0.3,1,Shared_House,1,0,4.57,1,68.0
2,0,0,0,none,63,Santarém,urban,0.35,4,Apartment,0,0,3.95,0,81.0
7,4,1,0,none,34,Porto,urban,0.85,4,House,1,0,3.57,1,383.0
11,0,0,0,none,57,Setúbal,coastal,0.6,1,Apartment,1,0,5.0,0,135.0
2,4,1,0,none,49,Aveiro,coastal,0.48,1,House,1,1,4.45,1,226.0
11,5,1,0,none,1,Porto,urban,0.85,3,Apartment,0,0,4.65,0,250.0
5,0,0,0,festival,83,Porto,urban,0.85,2,Apartment,1,0,4.5,1,281.0
7,5,1,0,none,43,Guarda,rural,0.14,3,House,1,1,4.67,1,175.0
2,0,0,0,national_holiday,42,Vila Real,rural,0.22,2,Apartment,0,0,4.42,0,103.0
8,1,0,0,concert,73,Leiria,coastal,0.4,5,Apartment,0,0,4.43,1,191.0
3,4,1,0,none,65,Setúbal,coastal,0.6,3,Room,0,0,4.26,1,117.0
4,2,0,0,none,46,Évora,historic,0.52,4,Room,0,0,3.98,0,91.0
9,6,1,0,none,77,Lisboa,urban,0.92,2,House,1,0,4.64,1,463.0
1,6,1,0,none,67,Bragança,rural,0.15,3,Apartment,0,0,4.07,0,70.0
6,6,1,0,none,52,Coimbra,urban,0.55,4,Apartment,0,0,4.26,1,170.0
8,0,0,0,sports_event,62,Porto,urban,0.85,1,Apartment,0,0,4.39,1,246.0
2,1,0,0,sports_event,15,Porto,urban,0.85,3,Room,0,0,4.43,0,141.0
4,1,0,0,none,84,Viseu,historic,0.32,2,Room,0,0,3.69,0,29.0
5,4,1,0,sports_event,80,Faro,coastal,0.78,3,Apartment,0,0,4.3,1,387.0
8,3,0,0,none,33,Vila Real,rural,0.22,4,Apartment,1,0,3.69,0,85.0
12,5,1,0,concert,4,Coimbra,urban,0.55,3,Apartment,1,0,4.29,1,209.0
11,1,0,0,national_holiday,75,Viana do Castelo,coastal,0.38,4,Room,0,0,4.59,0,140.0
3,1,0,0,none,46,Viseu,historic,0.32,2,Apartment,0,0,5.0,1,86.0
1,4,1,0,concert,24,Leiria,coastal,0.4,4,Room,0,0,4.49,0,118.0
1,4,1,0,concert,90,Évora,historic,0.52,3,Room,0,0,4.63,1,128.0
8,4,1,0,none,51,Faro,coastal,0.78,1,Apartment,0,0,3.66,1,260.0
2,2,0,0,none,19,Braga,urban,0.58,4,Room,0,0,4.47,0,69.0
3,3,0,0,concert,56,Bragança,rural,0.15,1,Room,0,0,3.64,0,44.0
11,6,1,0,none,69,Lisboa,urban,0.92,1,House,0,1,4.8,1,405.0
11,4,1,0,none,40,Madeira,urban,0.65,4,Apartment,1,0,3.67,1,213.0
11,6,1,0,festival,62,Lisboa,urban,0.92,1,Apartment,0,0,3.71,0,302.0
4,3,0,0,none,10,Beja,rural,0.2,1,Apartment,0,0,4.58,0,63.0
8,0,0,0,none,25,Aveiro,coastal,0.48,1,House,1,1,5.0,1,218.0
8,5,1,0,national_holiday,40,Açores,rural,0.3,5,Apartment,0,1,4.73,1,283.0
3,3,0,0,none,11,Viseu,historic,0.32,1,Room,0,0,4.02,0,21.0
7,0,0,0,none,18,Bragança,rural,0.15,2,Apartment,0,0,3.71,0,51.0
7,0,0,0,sports_event,49,Coimbra,urban,0.55,2,House,1,1,3.99,1,256.0
5,2,0,0,none,44,Braga,urban,0.58,2,Shared_House,0,0,4.26,0,41.0
10,1,0,0,sports_event,33,Porto,urban,0.85,2,House,0,1,4.16,0,314.0
9,4,1,0,sports_event,2,Braga,urban,0.58,5,Apartment,0,0,3.69,1,239.0
7,4,1,0,none,36,Aveiro,coastal,0.48,4,Shared_House,1,0,4.84,1,113.0
9,2,0,0,festival,44,Beja,rural,0.2,5,House,1,0,4.85,0,220.0
10,0,0,0,national_holiday,89,Bragança,rural,0.15,4,House,1,1,5.0,0,204.0
7,0,0,0,fair,34,Beja,rural,0.2,2,Apartment,1,0,3.37,1,89.0
4,6,1,0,none,47,Évora,historic,0.52,2,House,0,0,3.8,1,207.0
10,2,0,0,none,2,Castelo Branco,historic,0.28,3,Room,0,1,4.33,0,81.0
9,0,0,0,none,17,Açores,rural,0.3,2,House,1,0,4.2,0,160.0
12,4,1,0,fair,57,Castelo Branco,historic,0.28,3,Apartment,0,1,3.98,1,144.0
2,6,1,0,concert,44,Bragança,rural,0.15,1,Shared_House,1,1,3.77,0,73.0
6,0,0,0,none,29,Porto,urban,0.85,4,House,1,0,3.7,0,253.0
12,6,1,0,fair,36,Aveiro,coastal,0.48,2,Room,1,0,5.0,1,105.0
7,5,1,0,none,53,Coimbra,urban,0.55,3,Apartment,0,0,3.49,1,152.0
12,1,0,1,national_holiday,39,Bragança,rural,0.15,5,House,0,1,3.42,0,170.0
1,5,1,0,festival,80,Viseu,historic,0.32,2,Shared_House,0,0,3.61,1,91.0
1,2,0,0,none,20,Beja,rural,0.2,1,House,1,0,4.3,1,68.0
10,4,1,0,festival,78,Bragança,rural,0.15,2,Apartment,1,0,4.06,1,143.0
5,0,0,0,none,84,Viana do Castelo,coastal,0.38,2,Room,0,0,4.41,1,63.0
7,1,0,0,concert,46,Portalegre,rural,0.18,3,Apartment,1,0,3.85,0,110.0
6,5,1,0,national_holiday,16,Bragança,rural,0.15,5,Apartment,0,0,4.24,0,175.0
5,5,1,0,none,43,Coimbra,urban,0.55,4,Apartment,0,0,4.24,1,177.0
12,0,0,0,none,82,Castelo Branco,historic,0.28,4,Apartment,0,0,4.99,0,106.0
2,1,0,0,sports_event,48,Vila Real,rural,0.22,4,Apartment,1,0,5.0,1,133.0
10,4,1,0,none,57,Setúbal,coastal,0.6,2,House,1,0,4.12,1,289.0
11,6,1,0,concert,36,Coimbra,urban,0.55,5,Room,0,0,4.63,1,160.0
8,4,1,0,festival,53,Setúbal,coastal,0.6,3,Apartment,0,0,4.28,1,292.0
5,4,1,0,none,27,Coimbra,urban,0.55,2,House,1,1,4.59,1,252.0
2,2,0,0,fair,24,Viana do Castelo,coastal,0.38,5,House,0,0,4.39,1,189.0
9,0,0,0,none,15,Portalegre,rural,0.18,3,Shared_House,0,0,4.57,0,60.0
6,5,1,0,none,63,Açores,rural,0.3,2,Room,0,0,4.63,0,106.0
2,5,1,0,none,83,Açores,rural,0.3,4,Shared_House,0,0,4.41,1,98.0
5,3,0,0,concert,33,Lisboa,urban,0.92,2,Room,0,0,4.27,0,147.0
12,3,0,0,national_holiday,6,Madeira,urban,0.65,2,House,0,0,4.72,1,363.0
4,1,0,0,none,37,Faro,coastal,0.78,2,Apartment,0,0,4.13,0,168.0
3,3,0,0,none,32,Leiria,coastal,0.4,3,Room,0,0,3.91,0,59.0
9,1,0,0,none,56,Coimbra,urban,0.55,2,Room,1,0,3.42,0,60.0
3,2,0,0,sports_event,15,Braga,urban,0.58,1,Apartment,1,0,4.41,1,150.0
12,0,0,0,none,71,Madeira,urban,0.65,2,Apartment,0,0,4.55,0,147.0
11,4,1,1,national_holiday,6,Guarda,rural,0.14,2,House,1,1,3.34,1,168.0
12,1,0,0,none,35,Guarda,rural,0.14,3,Apartment,0,0,3.89,0,78.0
11,5,1,0,none,16,Portalegre,rural,0.18,3,Shared_House,0,0,4.58,0,61.0
3,3,0,0,sports_event,79,Bragança,rural,0.15,1,Apartment,1,0,4.13,0,82.0
3,6,1,0,festival,42,Castelo Branco,historic,0.28,2,Apartment,1,0,4.23,1,153.0
5,1,0,0,none,82,Faro,coastal,0.78,2,Apartment,0,0,4.66,0,221.0
6,1,0,0,none,51,Aveiro,coastal,0.48,3,House,0,0,4.15,1,169.0
11,1,0,0,none,69,Açores,rural,0.3,4,Room,0,0,4.39,0,94.0
9,4,1,0,festival,81,Castelo Branco,historic,0.28,2,House,0,0,3.66,1,180.0
8,0,0,0,none,75,Açores,rural,0.3,2,Apartment,0,0,4.38,0,109.0
11,4,1,0,none,62,Aveiro,coastal,0.48,1,Shared_House,0,0,3.53,1,46.0
8,5,1,0,festival,72,Viseu,historic,0.32,3,Apartment,1,0,3.55,1,164.0
5,4,1,0,none,73,Braga,urban,0.58,2,Apartment,0,0,3.95,1,121.0
5,0,0,0,festival,61,Lisboa,urban,0.92,3,Apartment,1,0,4.47,1,328.0
7,3,0,0,none,50,Beja,rural,0.2,3,Apartment,1,0,4.23,1,82.0
2,3,0,0,none,46,Santarém,urban,0.35,1,House,1,0,3.81,0,65.0
9,2,0,0,sports_event,19,Leiria,coastal,0.4,3,House,1,0,4.64,1,243.0
8,3,0,0,none,52,Açores,rural,0.3,5,Apartment,0,0,4.36,1,170.0
9,5,1,0,none,77,Bragança,rural,0.15,2,Room,0,0,4.72,0,45.0
7,5,1,0,concert,77,Lisboa,urban,0.92,3,Apartment,0,0,3.75,1,371.0
10,2,0,0,none,43,Viseu,historic,0.32,3,Apartment,1,0,4.92,0,114.0
12,2,0,0,fair,44,Setúbal,coastal,0.6,2,House,1,0,4.99,0,302.0
7,1,0,0,none,70,Porto,urban,0.85,4,House,1,0,4.66,1,311.0
6,2,0,0,fair,89,Porto,urban,0.85,1,Shared_House,0,0,4.44,0,83.0
2,3,0,0,concert,1,Lisboa,urban,0.92,2,Apartment,0,0,4.45,0,249.0
10,4,1,0,none,64,Santarém,urban,0.35,3,Apartment,0,0,4.37,1,111.0
11,1,0,0,festival,41,Madeira,urban,0.65,5,Shared_House,1,0,3.51,1,161.0
9,1,0,0,sports_event,21,Aveiro,coastal,0.48,1,House,0,1,3.9,0,228.0
11,0,0,0,none,31,Évora,historic,0.52,3,House,1,1,4.15,0,197.0
11,0,0,0,none,90,Madeira,urban,0.65,1,Apartment,0,0,3.68,0,106.0
10,0,0,0,national_holiday,27,Vila Real,rural,0.22,3,Apartment,0,0,4.92,1,132.0
7,1,0,0,sports_event,46,Vila Real,rural,0.22,3,Shared_House,0,0,4.45,0,89.0
2,4,1,0,national_holiday,61,Porto,urban,0.85,3,Shared_House,1,0,5.0,1,164.0
1,5,1,0,fair,24,Évora,historic,0.52,5,Shared_House,0,0,4.6,1,128.0
3,6,1,0,concert,75,Évora,historic,0.52,3,Room,0,0,3.5,1,113.0
6,3,0,0,sports_event,7,Portalegre,rural,0.18,2,House,1,0,4.85,1,170.0
9,3,0,0,sports_event,78,Açores,rural,0.3,5,House,0,1,3.97,0,279.0
6,6,1,0,fair,63,Braga,urban,0.58,2,Apartment,1,0,4.88,1,190.0
1,1,0,0,festival,73,Leiria,coastal,0.4,3,Room,0,0,4.95,0,135.0
3,4,1,0,none,9,Braga,urban,0.58,3,Room,0,0,4.88,1,96.0
12,5,1,0,festival,74,Braga,urban,0.58,4,Room,0,0,4.74,1,157.0
12,3,0,0,none,26,Coimbra,urban,0.55,2,Apartment,0,0,4.42,0,111.0
5,1,0,0,national_holiday,76,Madeira,urban,0.65,3,Apartment,0,0,4.19,0,237.0
10,4,1,0,sports_event,32,Viana do Castelo,coastal,0.38,3,Room,0,0,5.0,0,135.0
9,6,1,0,festival,63,Porto,urban,0.85,3,Shared_House,0,1,4.34,1,181.0
12,1,0,0,none,90,Lisboa,urban,0.92,5,Apartment,0,0,4.01,0,195.0
11,3,0,0,none,69,Braga,urban,0.58,2,Apartment,0,0,4.42,0,82.0
8,0,0,0,none,8,Setúbal,coastal,0.6,2,Shared_House,0,0,4.77,1,74.0
5,1,0,0,sports_event,20,Açores,rural,0.3,3,House,0,0,4.76,1,248.0
8,5,1,0,festival,12,Viseu,historic,0.32,2,House,1,1,3.66,0,227.0
4,3,0,0,none,87,Leiria,coastal,0.4,4,Shared_House,0,0,4.74,1,79.0
5,1,0,1,national_holiday,30,Beja,rural,0.2,2,House,0,0,4.54,1,156.0
8,2,0,0,festival,46,Viseu,historic,0.32,3,House,1,0,4.03,1,195.0
7,0,0,0,none,52,Lisboa,urban,0.92,3,Room,0,0,3.79,0,115.0
7,5,1,0,fair,24,Guarda,rural,0.14,5,House,0,0,4.92,1,192.0
5,6,1,0,fair,34,Portalegre,rural,0.18,3,Apartment,1,0,4.96,1,149.0
5,0,0,0,concert,41,Guarda,rural,0.14,1,Apartment,1,0,4.98,1,95.0
1,1,0,0,none,2,Viseu,historic,0.32,2,Room,1,0,3.55,0,49.0
8,5,1,0,none,75,Porto,urban,0.85,4,Apartment,0,0,4.1,0,268.0
7,6,1,0,national_holiday,82,Viana do Castelo,coastal,0.38,5,Shared_House,0,0,4.23,1,137.0
12,5,1,0,national_holiday,63,Aveiro,coastal,0.48,3,Apartment,1,1,4.95,1,231.0
7,5,1,0,none,40,Madeira,urban,0.65,3,House,1,1,4.6,1,419.0
6,6,1,0,sports_event,14,Portalegre,rural,0.18,2,Apartment,0,0,4.09,1,143.0
1,2,0,0,none,30,Viana do Castelo,coastal,0.38,3,Apartment,0,0,4.28,0,94.0
3,6,1,0,none,40,Portalegre,rural,0.18,3,Apartment,1,0,4.56,1,95.0
5,6,1,0,national_holiday,18,Aveiro,coastal,0.48,1,Room,0,0,4.57,1,113.0
5,1,0,0,national_holiday,68,Viana do Castelo,coastal,0.38,1,Apartment,0,0,5.0,1,148.0
5,0,0,0,national_holiday,41,Setúbal,coastal,0.6,3,Apartment,0,0,4.93,1,246.0
5,3,0,0,none,63,Coimbra,urban,0.55,3,Room,0,0,4.82,0,81.0
10,5,1,0,none,47,Coimbra,urban,0.55,2,House,0,1,3.82,1,208.0
2,5,1,0,fair,18,Castelo Branco,historic,0.28,5,Room,0,0,3.85,1,109.0
4,0,0,0,sports_event,59,Santarém,urban,0.35,2,Room,1,0,3.7,1,93.0
2,2,0,0,none,67,Leiria,coastal,0.4,4,House,1,1,4.41,0,167.0
4,5,1,0,none,39,Leiria,coastal,0.4,4,Apartment,0,0,3.97,1,148.0
9,0,0,0,none,61,Portalegre,rural,0.18,4,Apartment,1,0,4.5,1,113.0
1,5,1,0,festival,89,Castelo Branco,historic,0.28,4,Apartment,0,1,4.57,1,188.0
5,2,0,0,fair,22,Madeira,urban,0.65,4,Apartment,0,0,4.32,0,208.0
1,0,0,0,none,81,Leiria,coastal,0.4,3,House,1,1,4.65,0,188.0
12,1,0,0,none,28,Coimbra,urban,0.55,3,Room,0,0,3.89,0,61.0
9,5,1,0,none,4,Setúbal,coastal,0.6,4,House,0,1,3.48,1,343.0
3,6,1,0,festival,38,Madeira,urban,0.65,3,Apartment,1,0,3.86,1,289.0
3,0,0,0,none,74,Setúbal,coastal,0.6,3,Room,0,0,4.63,0,95.0
2,3,0,0,none,61,Portalegre,rural,0.18,2,Apartment,1,0,5.0,1,85.0
6,1,0,0,concert,30,Setúbal,coastal,0.6,3,Apartment,1,0,4.96,1,251.0
10,4,1,0,none,86,Bragança,rural,0.15,2,Apartment,1,0,4.12,0,82.0
8,5,1,0,sports_event,89,Santarém,urban,0.35,3,Room,0,0,4.7,1,128.0
11,6,1,0,festival,90,Açores,rural,0.3,2,House,0,1,3.52,1,267.0
5,2,0,0,none,50,Faro,coastal,0.78,2,House,1,1,4.99,1,392.0
4,2,0,0,festival,63,Coimbra,urban,0.55,2,Room,1,0,4.48,0,123.0
6,2,0,0,sports_event,48,Bragança,rural,0.15,4,House,0,0,4.62,1,172.0
3,5,1,0,festival,38,Madeira,urban,0.65,5,Apartment,1,0,3.26,1,307.0
12,3,0,0,festival,48,Castelo Branco,historic,0.28,1,House,1,0,4.45,1,146.0
3,0,0,0,none,7,Faro,coastal,0.78,2,Apartment,1,1,5.0,1,263.0
6,6,1,0,none,15,Viseu,historic,0.32,4,Apartment,1,0,4.37,1,160.0
7,0,0,0,none,54,Santarém,urban,0.35,3,House,0,0,4.18,0,130.0
1,6,1,0,none,38,Guarda,rural,0.14,2,Apartment,0,0,4.1,1,70.0
6,1,0,0,none,44,Évora,historic,0.52,3,Room,0,0,3.86,0,80.0
6,3,0,0,none,83,Vila Real,rural,0.22,4,Apartment,0,1,4.27,1,109.0
4,2,0,0,sports_event,61,Leiria,coastal,0.4,2,Apartment,0,0,3.62,0,138.0
2,4,1,1,national_holiday,7,Viseu,historic,0.32,3,House,1,0,4.45,1,230.0
1,2,0,0,fair,87,Bragança,rural,0.15,1,House,1,0,4.78,0,89.0
1,2,0,0,festival,78,Porto,urban,0.85,5,Apartment,1,0,4.01,0,251.0
6,3,0,0,none,16,Santarém,urban,0.35,4,Room,0,1,4.42,1,97.0
2,6,1,0,sports_event,77,Beja,rural,0.2,3,Apartment,1,0,4.19,1,140.0
12,1,0,0,none,34,Santarém,urban,0.35,5,Apartment,0,0,4.42,0,108.0
3,1,0,0,national_holiday,34,Lisboa,urban,0.92,2,Apartment,1,0,4.68,0,267.0
8,0,0,0,national_holiday,52,Évora,historic,0.52,4,Shared_House,0,0,4.43,0,136.0
9,5,1,0,fair,82,Portalegre,rural,0.18,4,Apartment,1,0,4.66,1,153.0
6,4,1,0,festival,32,Leiria,coastal,0.4,4,Apartment,0,0,4.49,1,226.0
11,4,1,0,fair,52,Vila Real,rural,0.22,3,Apartment,0,0,4.66,1,128.0
2,0,0,0,sports_event,16,Viana do Castelo,coastal,0.38,2,House,0,0,4.38,0,200.0
3,5,1,0,fair,8,Faro,coastal,0.78,1,Apartment,0,1,4.39,1,361.0
4,5,1,0,none,54,Setúbal,coastal,0.6,2,Apartment,0,0,4.57,1,200.0
2,6,1,0,fair,22,Faro,coastal,0.78,4,Room,0,0,4.19,1,194.0
4,6,1,0,sports_event,4,Açores,rural,0.3,3,Room,1,0,4.45,1,166.0
4,1,0,0,none,1,Braga,urban,0.58,3,Apartment,1,0,3.78,0,118.0
10,4,1,0,national_holiday,34,Guarda,rural,0.14,1,Apartment,1,1,3.32,0,115.0
4,2,0,0,sports_event,23,Setúbal,coastal,0.6,3,Apartment,0,0,4.27,1,209.0
11,4,1,0,fair,88,Castelo Branco,historic,0.28,3,Shared_House,0,0,3.83,0,73.0
10,2,0,0,none,44,Porto,urban,0.85,3,House,1,0,5.0,1,248.0
11,4,1,0,festival,44,Beja,rural,0.2,2,Apartment,0,1,3.82,1,145.0
2,6,1,0,sports_event,15,Açores,rural,0.3,1,House,1,1,4.61,1,315.0
12,4,1,1,national_holiday,10,Viseu,historic,0.32,1,Apartment,0,0,3.87,1,149.0
8,6,1,0,concert,27,Bragança,rural,0.15,5,Apartment,0,0,4.21,1,149.0
12,6,1,1,sports_event,76,Braga,urban,0.58,3,Shared_House,1,0,3.66,1,100.0
5,0,0,0,none,56,Leiria,coastal,0.4,3,Apartment,0,0,3.62,0,85.0
12,6,1,0,sports_event,17,Faro,coastal,0.78,5,Apartment,0,0,4.36,1,398.0
8,5,1,0,none,4,Coimbra,urban,0.55,3,House,1,0,4.02,1,233.0
1,2,0,0,concert,23,Évora,historic,0.52,3,House,1,1,4.59,0,251.0
5,4,1,0,fair,25,Faro,coastal,0.78,3,Apartment,1,0,4.85,0,364.0
2,4,1,0,none,87,Braga,urban,0.58,2,House,0,0,3.42,0,145.0
12,5,1,0,none,16,Viseu,historic,0.32,2,Room,1,0,4.75,1,74.0
4,5,1,1,national_holiday,70,Vila Real,rural,0.22,5,Room,0,0,3.72,0,117.0
3,0,0,0,none,35,Açores,rural,0.3,3,Apartment,1,0,4.03,0,94.0
7,0,0,0,fair,29,Viana do Castelo,coastal,0.38,2,Apartment,1,0,3.5,1,134.0
6,1,0,0,none,19,Leiria,coastal,0.4,4,Shared_House,0,0,3.51,0,80.0
2,3,0,0,none,59,Évora,historic,0.52,1,House,1,1,3.23,0,124.0
10,5,1,0,none,63,Madeira,urban,0.65,3,House,1,1,4.0,1,351.0
11,4,1,1,sports_event,44,Porto,urban,0.85,4,Room,0,0,4.23,1,203.0
9,0,0,0,concert,86,Madeira,urban,0.65,2,Apartment,0,0,4.01,0,207.0
8,5,1,0,none,81,Bragança,rural,0.15,2,Shared_House,0,0,3.3,1,23.0
5,3,0,0,none,71,Vila Real,rural,0.22,3,House,1,0,3.22,0,81.0
7,2,0,0,none,51,Açores,rural,0.3,4,Room,0,0,4.21,0,100.0
7,5,1,0,none,47,Leiria,coastal,0.4,5,House,0,1,4.59,1,278.0
2,2,0,0,none,60,Porto,urban,0.85,4,Room,1,0,4.32,0,105.0
1,4,1,0,concert,53,Aveiro,coastal,0.48,1,Apartment,0,0,5.0,1,189.0
4,1,0,0,festival,14,Aveiro,coastal,0.48,2,Apartment,0,0,4.18,1,191.0
6,2,0,0,none,59,Santarém,urban,0.35,3,Apartment,1,0,4.36,1,111.0
2,3,0,0,festival,23,Beja,rural,0.2,4,Room,0,0,4.19,0,102.0
2,4,1,0,concert,67,Vila Real,rural,0.22,1,House,1,0,3.81,1,124.0
11,6,1,0,none,3,Leiria,coastal,0.4,2,House,1,1,4.12,1,226.0
5,2,0,0,none,5,Aveiro,coastal,0.48,1,Apartment,0,0,4.62,0,99.0
8,6,1,0,concert,53,Leiria,coastal,0.4,2,House,1,0,4.64,1,258.0
7,5,1,0,none,71,Madeira,urban,0.65,3,House,1,0,4.38,1,406.0
9,2,0,0,concert,51,Beja,rural,0.2,5,House,1,0,4.99,0,204.0
9,0,0,0,concert,16,Santarém,urban,0.35,1,Room,0,0,4.43,1,84.0
4,1,0,0,fair,28,Leiria,coastal,0.4,3,Apartment,0,0,4.36,1,129.0
11,4,1,0,none,40,Lisboa,urban,0.92,2,House,0,0,4.95,0,394.0
5,5,1,0,none,21,Leiria,coastal,0.4,2,Apartment,1,1,3.84,1,154.0
11,4,1,0,fair,87,Aveiro,coastal,0.48,1,Apartment,1,0,4.91,1,171.0
5,5,1,0,none,41,Porto,urban,0.85,2,Apartment,1,0,3.71,1,210.0
2,0,0,0,none,81,Castelo Branco,historic,0.28,2,Room,0,0,4.07,0,32.0
10,3,0,0,festival,10,Santarém,urban,0.35,4,Apartment,1,0,3.28,0,150.0
1,6,1,0,none,42,Vila Real,rural,0.22,3,Apartment,0,0,4.33,1,87.0
10,2,0,0,sports_event,77,Madeira,urban,0.65,3,House,1,1,4.86,1,383.0
1,6,1,0,national_holiday,26,Leiria,coastal,0.4,3,Apartment,0,0,3.73,1,177.0
3,0,0,0,sports_event,75,Braga,urban,0.58,2,Room,0,0,4.06,0,90.0
8,6,1,0,none,69,Castelo Branco,historic,0.28,2,Room,0,0,4.09,1,67.0
12,5,1,0,national_holiday,54,Porto,urban,0.85,1,House,1,0,4.09,1,442.0
5,4,1,0,sports_event,4,Porto,urban,0.85,2,Apartment,1,0,3.68,1,296.0
2,4,1,0,none,82,Bragança,rural,0.15,2,Apartment,0,0,4.22,1,63.0
3,6,1,0,sports_event,43,Setúbal,coastal,0.6,5,Apartment,1,0,4.99,1,293.0
11,2,0,0,none,56,Portalegre,rural,0.18,5,House,1,1,3.95,0,133.0
9,1,0,0,none,62,Braga,urban,0.58,4,Apartment,1,0,4.32,0,123.0
2,6,1,0,festival,45,Coimbra,urban,0.55,3,Room,0,0,4.31,1,145.0
5,0,0,0,none,15,Viana do Castelo,coastal,0.38,3,Shared_House,0,0,4.0,0,75.0
4,4,1,0,none,54,Viseu,historic,0.32,3,Room,0,0,4.34,1,73.0
3,1,0,0,festival,54,Beja,rural,0.2,3,Apartment,1,0,4.01,1,121.0
11,6,1,0,none,8,Viseu,historic,0.32,2,Room,0,0,4.41,1,70.0
8,6,1,0,festival,18,Santarém,urban,0.35,5,Apartment,0,0,4.16,1,194.0
3,3,0,0,none,20,Coimbra,urban,0.55,4,Shared_House,1,0,3.5,0,57.0
8,3,0,0,sports_event,33,Beja,rural,0.2,2,Apartment,1,0,3.3,0,115.0
5,3,0,0,fair,51,Leiria,coastal,0.4,3,House,1,1,3.13,0,176.0
1,2,0,0,none,56,Coimbra,urban,0.55,4,Apartment,0,0,3.99,0,101.0
6,6,1,1,concert,11,Beja,rural,0.2,5,House,1,1,4.62,1,247.0
3,2,0,0,none,78,Beja,rural,0.2,2,Apartment,0,0,3.83,0,48.0
3,6,1,0,none,73,Braga,urban,0.58,3,Apartment,0,0,4.08,0,134.0
11,4,1,0,none,9,Coimbra,urban,0.55,2,Apartment,0,0,3.87,0,103.0
9,6,1,0,none,16,Coimbra,urban,0.55,2,Apartment,0,0,3.78,1,132.0
2,4,1,0,none,76,Vila Real,rural,0.22,2,Apartment,0,0,5.0,0,83.0
11,5,1,0,concert,38,Évora,historic,0.52,1,Room,0,0,3.8,0,95.0
7,3,0,0,concert,40,Leiria,coastal,0.4,3,Apartment,0,0,3.52,1,145.0
11,3,0,0,national_holiday,44,Setúbal,coastal,0.6,3,House,1,0,3.75,1,273.0
9,1,0,0,national_holiday,90,Faro,coastal,0.78,4,Apartment,0,0,4.24,0,318.0
5,1,0,0,none,15,Viana do Castelo,coastal,0.38,3,Room,0,0,3.91,1,64.0
7,0,0,0,none,85,Viana do Castelo,coastal,0.38,2,Shared_House,0,0,4.34,1,54.0
7,2,0,0,none,22,Porto,urban,0.85,3,Apartment,0,0,3.83,0,159.0
9,6,1,0,festival,81,Bragança,rural,0.15,4,Shared_House,0,0,3.91,1,113.0
3,6,1,0,fair,44,Vila Real,rural,0.22,3,House,1,1,3.85,1,178.0
4,4,1,0,none,69,Évora,historic,0.52,3,House,1,0,4.15,0,251.0
3,2,0,0,none,10,Guarda,rural,0.14,2,Apartment,0,0,4.56,0,68.0
4,3,0,0,none,33,Beja,rural,0.2,1,Shared_House,0,0,4.61,1,27.0
2,5,1,0,fair,17,Coimbra,urban,0.55,5,Room,1,0,4.9,1,171.0
1,0,0,0,none,52,Viseu,historic,0.32,2,Apartment,0,0,3.54,0,39.0
12,6,1,0,sports_event,3,Coimbra,urban,0.55,2,Apartment,0,0,3.68,1,180.0
1,6,1,0,none,35,Coimbra,urban,0.55,1,Apartment,1,0,3.74,0,91.0
11,6,1,0,none,46,Açores,rural,0.3,3,Apartment,1,0,4.2,0,148.0
1,0,0,0,none,43,Madeira,urban,0.65,4,Apartment,1,0,3.66,0,147.0
10,6,1,0,concert,75,Beja,rural,0.2,3,Shared_House,0,0,3.86,1,99.0
4,4,1,0,concert,55,Évora,historic,0.52,4,Room,0,0,4.54,1,156.0
7,3,0,0,none,73,Beja,rural,0.2,2,Apartment,0,0,4.74,1,87.0
4,1,0,0,none,46,Guarda,rural,0.14,2,Apartment,0,0,4.55,0,51.0
6,3,0,0,none,32,Faro,coastal,0.78,5,House,1,0,4.36,1,396.0
6,2,0,0,none,27,Lisboa,urban,0.92,3,Shared_House,0,0,3.87,0,101.0
7,6,1,0,none,62,Leiria,coastal,0.4,4,Room,1,0,4.21,1,105.0
5,2,0,0,none,83,Castelo Branco,historic,0.28,3,Room,0,0,4.77,1,60.0
7,1,0,0,sports_event,90,Braga,urban,0.58,2,Room,0,0,4.53,1,111.0
10,6,1,0,concert,21,Coimbra,urban,0.55,5,House,0,0,4.64,1,301.0
6,1,0,0,sports_event,39,Portalegre,rural,0.18,2,Apartment,0,0,4.68,1,120.0
5,6,1,0,sports_event,56,Viana do Castelo,coastal,0.38,3,Room,0,0,4.04,1,111.0
2,6,1,0,national_holiday,83,Madeira,urban,0.65,2,House,1,0,4.52,1,411.0
5,2,0,0,national_holiday,28,Porto,urban,0.85,3,Room,0,0,4.01,0,144.0
2,4,1,0,none,71,Setúbal,coastal,0.6,3,Room,1,0,4.5,0,120.0
3,5,1,0,none,76,Leiria,coastal,0.4,2,Apartment,1,0,4.81,1,153.0
12,3,0,0,none,16,Bragança,rural,0.15,5,Apartment,0,0,4.98,0,117.0
2,4,1,0,fair,29,Madeira,urban,0.65,2,Room,0,0,4.5,1,128.0
6,0,0,0,none,40,Vila Real,rural,0.22,3,Apartment,0,0,4.4,1,87.0
11,3,0,0,none,77,Setúbal,coastal,0.6,1,Apartment,1,0,4.89,0,114.0
12,3,0,0,festival,84,Vila Real,rural,0.22,3,House,1,0,3.77,1,156.0
2,3,0,0,festival,15,Viana do Castelo,coastal,0.38,3,Apartment,1,0,4.92,1,193.0
2,6,1,0,festival,16,Santarém,urban,0.35,3,House,1,0,4.27,1,233.0
5,5,1,0,concert,35,Aveiro,coastal,0.48,3,House,1,0,4.27,1,290.0
7,4,1,0,festival,6,Braga,urban,0.58,4,House,1,0,3.97,1,291.0
12,2,0,0,fair,47,Coimbra,urban,0.55,5,Shared_House,0,0,3.61,1,118.0
3,2,0,0,none,25,Açores,rural,0.3,4,Apartment,1,0,4.94,0,137.0
2,0,0,0,fair,35,Braga,urban,0.58,2,Shared_House,0,0,4.4,0,49.0
4,3,0,0,festival,1,Braga,urban,0.58,4,Room,0,0,4.02,1,126.0
11,1,0,0,none,21,Braga,urban,0.58,1,Room,0,0,4.38,0,62.0
1,6,1,0,national_holiday,12,Braga,urban,0.58,2,Room,0,0,4.03,1,118.0
5,5,1,0,national_holiday,21,Castelo Branco,historic,0.28,3,Apartment,1,0,3.35,1,138.0
2,6,1,0,fair,39,Viana do Castelo,coastal,0.38,3,House,1,0,4.11,0,233.0
2,6,1,0,fair,22,Braga,urban,0.58,3,Apartment,0,0,3.5,0,159.0
12,2,0,0,none,69,Castelo Branco,historic,0.28,3,House,1,0,4.32,0,100.0
1,2,0,0,none,41,Guarda,rural,0.14,3,Apartment,0,0,4.99,0,84.0
4,4,1,0,none,20,Leiria,coastal,0.4,5,Apartment,0,0,3.88,1,165.0
11,3,0,0,fair,57,Coimbra,urban,0.55,2,Shared_House,1,0,4.6,0,83.0
8,1,0,0,concert,77,Évora,historic,0.52,2,Shared_House,0,0,3.88,1,93.0
1,4,1,0,national_holiday,45,Madeira,urban,0.65,1,House,1,1,4.19,1,424.0
6,3,0,0,fair,89,Madeira,urban,0.65,2,House,1,1,3.76,1,293.0
12,6,1,0,festival,33,Vila Real,rural,0.22,5,Room,0,0,4.51,1,141.0
5,1,0,0,none,42,Castelo Branco,historic,0.28,1,Shared_House,0,0,4.87,0,41.0
7,3,0,0,none,39,Faro,coastal,0.78,2,Apartment,0,0,4.3,0,246.0
7,3,0,0,none,90,Açores,rural,0.3,3,Apartment,0,0,4.47,0,139.0
8,6,1,0,concert,65,Viseu,historic,0.32,2,Shared_House,0,0,4.47,1,85.0
3,4,1,0,none,53,Madeira,urban,0.65,3,Apartment,0,0,4.08,0,208.0
11,0,0,0,fair,33,Madeira,urban,0.65,5,Room,0,1,4.85,0,164.0
12,2,0,0,sports_event,6,Guarda,rural,0.14,4,House,0,0,3.94,0,150.0
2,6,1,0,none,82,Porto,urban,0.85,3,House,1,0,3.41,0,263.0
10,1,0,0,fair,10,Viseu,historic,0.32,3,Apartment,0,0,3.74,0,114.0
10,2,0,0,festival,66,Beja,rural,0.2,4,Room,0,0,4.51,1,119.0
9,1,0,0,sports_event,47,Vila Real,rural,0.22,2,House,1,0,4.01,0,146.0
5,5,1,0,none,63,Viana do Castelo,coastal,0.38,4,Shared_House,1,0,4.25,1,103.0
6,0,0,1,national_holiday,83,Évora,historic,0.52,3,House,1,1,4.08,1,326.0
11,2,0,0,none,18,Évora,historic,0.52,4,Shared_House,0,0,4.29,0,72.0
2,4,1,0,festival,9,Viana do Castelo,coastal,0.38,1,Apartment,1,0,4.75,1,187.0
10,6,1,0,concert,34,Porto,urban,0.85,4,Apartment,1,0,4.96,1,333.0
12,1,0,0,national_holiday,52,Madeira,urban,0.65,4,Shared_House,0,0,3.72,0,135.0
9,2,0,0,fair,7,Aveiro,coastal,0.48,3,Apartment,1,0,4.67,1,176.0
5,0,0,0,none,73,Castelo Branco,historic,0.28,2,Apartment,0,0,4.3,0,76.0
7,3,0,0,national_holiday,55,Viseu,historic,0.32,2,Apartment,0,1,3.59,1,157.0
1,6,1,0,none,89,Madeira,urban,0.65,4,Room,0,0,4.45,1,127.0
12,2,0,0,none,26,Braga,urban,0.58,3,Room,0,0,5.0,0,91.0
5,1,0,0,concert,82,Lisboa,urban,0.92,5,Shared_House,0,0,3.83,0,161.0
1,2,0,0,fair,35,Faro,coastal,0.78,3,Apartment,0,0,4.09,1,193.0
10,6,1,0,national_holiday,10,Coimbra,urban,0.55,2,Apartment,0,0,3.4,1,160.0
8,3,0,0,concert,76,Açores,rural,0.3,4,Apartment,0,0,4.14,1,189.0
8,4,1,0,none,7,Guarda,rural,0.14,4,Shared_House,0,0,4.28,1,76.0
1,5,1,0,none,65,Porto,urban,0.85,3,House,1,0,5.0,0,352.0
10,5,1,0,none,19,Viseu,historic,0.32,4,Apartment,0,0,3.73,1,133.0
8,4,1,0,festival,61,Açores,rural,0.3,2,Apartment,0,0,4.68,1,244.0
10,3,0,0,none,26,Porto,urban,0.85,2,Apartment,0,0,4.35,0,172.0
10,3,0,0,none,8,Braga,urban,0.58,2,Room,1,0,5.0,0,89.0
3,1,0,0,none,78,Vila Real,rural,0.22,2,House,0,1,4.29,0,89.0
3,2,0,0,festival,32,Vila Real,rural,0.22,3,House,0,0,4.17,0,154.0
12,5,1,0,sports_event,59,Castelo Branco,historic,0.28,2,House,1,1,4.62,1,216.0
7,0,0,0,none,4,Aveiro,coastal,0.48,5,Apartment,0,0,4.44,0,176.0
6,5,1,0,none,85,Aveiro,coastal,0.48,2,House,1,1,4.67,1,274.0
4,3,0,0,sports_event,56,Leiria,coastal,0.4,3,Room,0,0,4.48,1,106.0
8,2,0,0,sports_event,38,Beja,rural,0.2,3,Apartment,1,0,3.46,1,110.0
10,0,0,0,none,82,Setúbal,coastal,0.6,2,House,1,0,4.46,1,202.0
1,5,1,0,none,37,Faro,coastal,0.78,3,Room,0,0,4.45,0,159.0
7,0,0,0,national_holiday,30,Beja,rural,0.2,5,House,1,0,3.83,1,187.0
12,3,0,1,concert,26,Santarém,urban,0.35,5,House,1,1,4.34,1,246.0
4,1,0,0,none,59,Castelo Branco,historic,0.28,2,Room,0,0,3.28,0,35.0
4,6,1,0,festival,40,Setúbal,coastal,0.6,3,Apartment,0,1,4.33,1,281.0
11,1,0,0,festival,52,Viana do Castelo,coastal,0.38,2,Apartment,0,0,4.54,1,150.0
1,5,1,0,none,72,Viana do Castelo,coastal,0.38,3,House,1,0,4.68,1,217.0
5,4,1,0,none,59,Viseu,historic,0.32,2,Apartment,0,0,4.55,1,127.0
6,0,0,0,national_holiday,63,Açores,rural,0.3,5,House,0,1,3.76,1,280.0
10,5,1,0,none,55,Madeira,urban,0.65,3,Room,0,0,3.47,1,100.0
2,6,1,0,none,72,Leiria,coastal,0.4,2,Apartment,0,0,4.67,1,136.0
6,1,0,0,concert,66,Beja,rural,0.2,5,Shared_House,1,0,4.4,1,107.0
2,6,1,0,none,75,Guarda,rural,0.14,3,Shared_House,1,0,4.45,1,67.0
10,5,1,0,festival,57,Aveiro,coastal,0.48,2,Apartment,1,0,5.0,1,217.0
8,5,1,0,none,1,Viseu,historic,0.32,4,House,1,1,3.4,1,217.0
6,2,0,0,none,82,Porto,urban,0.85,3,Apartment,0,0,5.0,0,174.0
5,0,0,0,none,22,Setúbal,coastal,0.6,3,Shared_House,0,0,3.92,0,84.0
2,3,0,0,national_holiday,65,Guarda,rural,0.14,2,House,1,1,4.61,1,146.0
12,5,1,0,festival,59,Madeira,urban,0.65,2,Room,0,0,4.19,1,167.0
8,4,1,0,concert,60,Évora,historic,0.52,2,Shared_House,0,0,4.03,1,109.0
4,4,1,0,none,41,Viana do Castelo,coastal,0.38,4,House,1,1,3.45,0,215.0
5,5,1,0,concert,41,Porto,urban,0.85,2,Room,0,0,3.86,1,152.0
9,2,0,0,none,11,Castelo Branco,historic,0.28,3,Apartment,1,0,4.43,1,97.0
9,0,0,0,sports_event,23,Madeira,urban,0.65,5,Apartment,0,0,4.38,1,284.0
6,6,1,0,none,6,Guarda,rural,0.14,5,Apartment,0,0,4.68,0,128.0
4,4,1,0,festival,82,Beja,rural,0.2,4,Room,0,0,3.85,0,125.0
8,3,0,0,none,85,Guarda,rural,0.14,4,Apartment,0,0,4.57,0,87.0
8,4,1,0,none,10,Beja,rural,0.2,5,Apartment,0,0,4.23,1,129.0
8,5,1,0,concert,77,Coimbra,urban,0.55,4,Room,0,0,4.52,1,142.0
1,5,1,0,none,62,Leiria,coastal,0.4,3,Apartment,0,0,4.46,1,143.0
6,4,1,0,none,29,Portalegre,rural,0.18,1,House,0,0,3.96,1,96.0
8,5,1,0,fair,15,Évora,historic,0.52,2,Apartment,0,1,4.33,1,214.0
12,2,0,0,none,58,Açores,rural,0.3,3,Apartment,1,0,4.43,0,112.0
7,4,1,0,festival,3,Beja,rural,0.2,2,Apartment,0,0,4.59,1,144.0
5,6,1,0,concert,14,Santarém,urban,0.35,2,Room,0,0,4.95,1,100.0
7,1,0,0,concert,10,Viseu,historic,0.32,1,Apartment,0,0,3.88,1,85.0
3,3,0,0,none,13,Beja,rural,0.2,3,Apartment,0,0,3.62,0,76.0
2,4,1,0,festival,1,Açores,rural,0.3,2,Room,1,0,4.84,1,157.0
9,3,0,0,festival,31,Lisboa,urban,0.92,2,Apartment,1,0,3.56,1,268.0
12,6,1,0,none,73,Lisboa,urban,0.92,3,House,1,1,4.72,0,470.0
11,2,0,0,concert,26,Lisboa,urban,0.92,2,House,1,0,3.75,0,280.0
8,1,0,1,national_holiday,23,Leiria,coastal,0.4,3,Shared_House,0,0,3.89,1,104.0
1,0,0,0,none,89,Santarém,urban,0.35,2,Room,0,0,4.16,0,30.0
12,5,1,0,none,44,Porto,urban,0.85,3,Apartment,1,0,3.47,0,221.0
6,4,1,0,sports_event,3,Setúbal,coastal,0.6,4,House,1,1,3.71,1,409.0
4,4,1,0,none,53,Portalegre,rural,0.18,1,House,1,1,3.36,1,92.0
11,3,0,0,concert,50,Beja,rural,0.2,4,Apartment,0,0,4.53,1,126.0
9,2,0,0,none,39,Viana do Castelo,coastal,0.38,4,House,0,0,4.19,0,152.0
9,6,1,0,none,77,Setúbal,coastal,0.6,5,Room,0,0,4.21,1,135.0
4,4,1,0,sports_event,62,Viseu,historic,0.32,4,Room,0,0,4.17,1,123.0
12,6,1,0,national_holiday,3,Aveiro,coastal,0.48,3,House,1,1,4.19,1,315.0
6,5,1,0,none,34,Setúbal,coastal,0.6,1,Apartment,0,0,3.96,1,183.0
7,5,1,0,fair,50,Porto,urban,0.85,1,House,1,0,4.68,1,413.0
10,3,0,0,none,60,Açores,rural,0.3,2,House,0,0,3.32,0,107.0
8,1,0,0,none,35,Faro,coastal,0.78,3,Apartment,0,1,3.48,0,239.0
3,4,1,0,none,41,Castelo Branco,historic,0.28,5,Shared_House,0,0,4.88,1,97.0
4,5,1,1,national_holiday,20,Évora,historic,0.52,2,Shared_House,1,0,4.33,1,125.0
5,3,0,0,sports_event,55,Braga,urban,0.58,3,Shared_House,1,0,3.19,1,86.0
12,0,0,0,none,22,Castelo Branco,historic,0.28,5,Room,1,0,4.36,0,112.0
9,6,1,0,none,44,Viseu,historic,0.32,1,House,1,0,3.41,1,143.0
5,5,1,0,none,74,Leiria,coastal,0.4,1,Apartment,1,1,4.85,1,146.0
9,2,0,0,concert,83,Açores,rural,0.3,2,Shared_House,0,0,4.66,0,100.0
9,3,0,0,national_holiday,42,Viana do Castelo,coastal,0.38,2,House,1,0,5.0,1,256.0
5,0,0,0,none,19,Lisboa,urban,0.92,3,Apartment,1,0,4.05,1,214.0
5,6,1,0,none,5,Aveiro,coastal,0.48,3,Apartment,0,0,3.59,0,146.0
11,1,0,0,national_holiday,77,Évora,historic,0.52,3,Room,0,0,3.93,0,115.0
7,2,0,0,none,37,Évora,historic,0.52,2,Apartment,1,0,3.94,0,120.0
2,2,0,0,concert,17,Leiria,coastal,0.4,3,Room,0,0,4.39,1,86.0
9,1,0,0,festival,74,Braga,urban,0.58,2,House,1,0,3.28,0,190.0
8,4,1,0,fair,44,Guarda,rural,0.14,3,Apartment,1,0,4.2,1,119.0
7,6,1,0,none,63,Bragança,rural,0.15,1,Room,0,0,3.69,0,31.0
9,5,1,0,none,6,Coimbra,urban,0.55,4,Room,0,0,3.94,1,105.0
11,3,0,1,national_holiday,86,Viseu,historic,0.32,3,Apartment,0,0,4.89,0,148.0
4,0,0,0,none,29,Bragança,rural,0.15,2,Apartment,1,0,4.7,0,68.0
6,6,1,0,none,70,Lisboa,urban,0.92,3,House,1,1,4.56,1,497.0
3,1,0,0,national_holiday,27,Setúbal,coastal,0.6,3,Apartment,1,0,4.52,0,212.0
8,6,1,0,none,16,Aveiro,coastal,0.48,4,Apartment,0,0,4.07,1,196.0
5,2,0,0,none,37,Açores,rural,0.3,5,Shared_House,0,0,4.18,0,90.0
5,3,0,0,none,7,Coimbra,urban,0.55,2,Apartment,0,0,3.41,0,81.0
9,3,0,0,none,46,Portalegre,rural,0.18,3,House,1,1,3.58,0,101.0
5,3,0,0,festival,42,Coimbra,urban,0.55,2,Apartment,0,0,4.26,0,184.0
6,1,0,0,none,7,Bragança,rural,0.15,4,Apartment,0,1,3.64,0,81.0
6,3,0,0,concert,41,Coimbra,urban,0.55,1,Apartment,0,0,4.54,1,148.0
4,2,0,0,concert,52,Viseu,historic,0.32,3,Apartment,0,0,4.18,1,121.0
2,5,1,0,none,50,Açores,rural,0.3,4,Room,0,0,4.05,1,95.0
10,3,0,0,concert,7,Guarda,rural,0.14,2,Room,0,0,3.9,0,49.0
2,6,1,0,none,61,Setúbal,coastal,0.6,4,House,1,0,4.43,0,304.0
4,2,0,0,none,30,Castelo Branco,historic,0.28,2,Room,0,0,4.54,0,68.0
9,2,0,0,national_holiday,23,Braga,urban,0.58,5,Apartment,0,0,3.76,1,193.0
2,0,0,0,fair,77,Viana do Castelo,coastal,0.38,4,House,1,0,3.94,0,181.0
8,5,1,0,none,89,Portalegre,rural,0.18,2,Room,1,0,4.11,0,64.0
9,0,0,0,none,11,Açores,rural,0.3,2,House,1,1,4.36,0,202.0
8,1,0,0,none,45,Madeira,urban,0.65,3,Shared_House,0,0,4.35,1,102.0
4,6,1,0,none,24,Portalegre,rural,0.18,3,House,0,1,4.15,1,149.0
1,4,1,0,sports_event,65,Santarém,urban,0.35,2,Shared_House,0,0,4.55,1,112.0
11,3,0,0,none,55,Castelo Branco,historic,0.28,5,Apartment,0,0,4.13,0,113.0
4,5,1,0,fair,37,Castelo Branco,historic,0.28,4,Apartment,0,0,3.5,1,137.0
10,5,1,0,sports_event,68,Bragança,rural,0.15,5,Apartment,0,1,4.87,1,204.0
3,6,1,0,none,62,Faro,coastal,0.78,2,Room,0,0,4.69,1,143.0
2,4,1,0,fair,84,Portalegre,rural,0.18,3,Apartment,1,0,3.51,0,111.0
10,3,0,0,concert,89,Portalegre,rural,0.18,2,Apartment,1,0,4.29,0,91.0
12,0,0,0,none,38,Açores,rural,0.3,2,Shared_House,0,0,4.85,0,69.0
11,2,0,0,festival,14,Évora,historic,0.52,2,House,1,0,4.05,0,236.0
10,4,1,0,fair,84,Santarém,urban,0.35,2,Apartment,0,0,4.59,1,127.0
3,1,0,0,national_holiday,40,Santarém,urban,0.35,3,Apartment,0,0,4.76,1,148.0
11,4,1,0,none,80,Viseu,historic,0.32,2,Room,0,0,4.33,1,38.0
9,0,0,0,sports_event,63,Coimbra,urban,0.55,2,Shared_House,1,0,5.0,1,123.0
3,0,0,0,fair,48,Guarda,rural,0.14,3,Room,0,0,4.52,0,85.0
2,2,0,0,national_holiday,78,Porto,urban,0.85,4,Apartment,0,0,4.25,0,224.0
11,1,0,0,none,68,Braga,urban,0.58,4,House,1,1,4.12,0,161.0
4,6,1,0,none,58,Bragança,rural,0.15,3,Apartment,0,0,4.18,1,89.0
10,2,0,0,fair,47,Coimbra,urban,0.55,2,Shared_House,1,0,3.92,0,77.0
2,2,0,0,none,21,Faro,coastal,0.78,3,Room,0,0,3.64,0,101.0
4,2,0,0,none,20,Castelo Branco,historic,0.28,3,Room,0,0,3.75,0,61.0
4,2,0,0,festival,59,Castelo Branco,historic,0.28,2,Apartment,0,0,4.13,1,129.0
4,6,1,0,festival,35,Braga,urban,0.58,2,Apartment,0,0,4.6,1,204.0
9,5,1,0,sports_event,57,Aveiro,coastal,0.48,5,Room,0,0,4.36,1,150.0
11,1,0,0,none,65,Santarém,urban,0.35,1,House,1,0,4.28,0,81.0
11,1,0,0,concert,4,Guarda,rural,0.14,2,Apartment,0,0,5.0,1,105.0
9,0,0,0,none,8,Portalegre,rural,0.18,2,Room,0,0,5.0,0,61.0
3,1,0,0,concert,55,Viana do Castelo,coastal,0.38,5,Apartment,0,0,3.74,0,146.0
12,4,1,0,none,88,Porto,urban,0.85,3,Room,0,0,4.55,1,121.0
7,6,1,0,none,48,Madeira,urban,0.65,5,Room,0,0,3.61,1,161.0
7,3,0,0,national_holiday,61,Coimbra,urban,0.55,4,Apartment,0,0,4.33,1,197.0
9,0,0,0,concert,27,Santarém,urban,0.35,4,Room,0,0,3.51,0,90.0
10,0,0,0,none,20,Beja,rural,0.2,2,Apartment,0,1,3.9,0,82.0
12,2,0,0,none,22,Santarém,urban,0.35,2,House,1,0,4.51,1,120.0
7,1,0,0,festival,85,Portalegre,rural,0.18,4,Shared_House,0,0,3.97,1,115.0
8,4,1,0,national_holiday,70,Lisboa,urban,0.92,5,Shared_House,0,0,3.66,1,191.0
9,0,0,0,none,33,Santarém,urban,0.35,4,Apartment,0,0,3.86,1,102.0
4,1,0,0,national_holiday,6,Castelo Branco,historic,0.28,5,Room,1,0,3.73,1,112.0
4,3,0,0,none,78,Bragança,rural,0.15,3,House,0,1,4.41,0,119.0
8,1,0,0,sports_event,26,Coimbra,urban,0.55,3,Room,0,0,4.8,1,139.0
1,2,0,0,none,22,Braga,urban,0.58,3,Apartment,0,0,4.1,0,82.0
4,1,0,0,none,64,Lisboa,urban,0.92,3,House,1,0,4.71,0,291.0
9,0,0,0,national_holiday,12,Viana do Castelo,coastal,0.38,2,Apartment,0,0,3.91,1,151.0
12,2,0,1,national_holiday,19,Setúbal,coastal,0.6,2,Shared_House,0,0,4.15,1,106.0
7,2,0,0,national_holiday,46,Portalegre,rural,0.18,1,Shared_House,0,0,5.0,1,59.0
5,6,1,0,none,11,Coimbra,urban,0.55,1,Apartment,0,0,4.11,1,121.0
6,6,1,0,none,83,Braga,urban,0.58,2,House,1,1,4.73,1,269.0
9,3,0,0,national_holiday,89,Portalegre,rural,0.18,3,Apartment,1,0,3.84,0,111.0
7,2,0,0,sports_event,75,Guarda,rural,0.14,3,Apartment,1,0,4.19,1,137.0
1,2,0,0,none,51,Viana do Castelo,coastal,0.38,3,Apartment,0,0,3.77,0,82.0
7,4,1,0,festival,50,Coimbra,urban,0.55,4,Room,0,0,4.23,1,164.0
5,2,0,0,none,25,Portalegre,rural,0.18,3,Apartment,1,0,4.32,0,73.0
9,5,1,0,fair,14,Braga,urban,0.58,3,House,0,1,4.58,1,276.0
11,6,1,0,none,14,Vila Real,rural,0.22,3,Shared_House,0,0,3.91,1,47.0
12,2,0,0,festival,14,Viseu,historic,0.32,1,Apartment,1,0,4.12,1,142.0
8,0,0,0,none,1,Beja,rural,0.2,3,House,0,1,4.79,0,155.0
5,0,0,0,sports_event,67,Castelo Branco,historic,0.28,4,Shared_House,0,0,3.6,1,96.0
6,6,1,0,national_holiday,68,Aveiro,coastal,0.48,2,Room,0,0,2.96,1,116.0
3,2,0,0,concert,66,Portalegre,rural,0.18,4,Apartment,0,1,3.87,0,115.0
12,2,0,0,none,33,Évora,historic,0.52,2,Apartment,1,0,4.51,0,126.0
11,4,1,0,none,10,Setúbal,coastal,0.6,3,Room,0,0,4.24,0,112.0
11,6,1,0,none,18,Portalegre,rural,0.18,4,Apartment,0,0,3.72,0,104.0
4,2,0,0,fair,74,Braga,urban,0.58,4,House,1,0,4.24,0,200.0
4,2,0,0,none,82,Lisboa,urban,0.92,3,Apartment,0,0,4.02,1,161.0
11,6,1,0,festival,6,Viseu,historic,0.32,3,Room,0,0,3.42,1,123.0
7,0,0,0,none,63,Braga,urban,0.58,1,Apartment,1,0,4.03,1,102.0
9,5,1,0,national_holiday,81,Aveiro,coastal,0.48,3,Apartment,0,0,4.57,1,217.0
6,3,0,0,none,73,Coimbra,urban,0.55,3,Room,0,0,4.06,0,75.0
6,0,0,0,festival,23,Beja,rural,0.2,1,Apartment,0,0,3.44,0,109.0
8,1,0,0,fair,60,Porto,urban,0.85,2,House,1,0,5.0,1,338.0
10,4,1,0,national_holiday,74,Bragança,rural,0.15,5,Shared_House,0,0,3.7,1,117.0
5,5,1,0,festival,83,Faro,coastal,0.78,2,House,0,0,4.39,0,557.0
10,1,0,0,concert,62,Braga,urban,0.58,5,Apartment,1,0,4.62,1,175.0
3,4,1,0,festival,32,Viana do Castelo,coastal,0.38,2,Shared_House,1,0,4.41,1,107.0
5,6,1,0,none,61,Faro,coastal,0.78,2,Apartment,1,0,4.08,0,287.0
11,4,1,1,national_holiday,15,Viseu,historic,0.32,3,Apartment,0,0,3.29,1,161.0
12,4,1,0,sports_event,8,Viana do Castelo,coastal,0.38,3,Apartment,1,0,4.79,1,205.0
12,1,0,0,sports_event,1,Santarém,urban,0.35,3,Room,0,0,3.62,0,92.0
4,4,1,0,none,50,Açores,rural,0.3,2,Apartment,0,0,4.69,0,157.0
11,4,1,0,none,4,Viana do Castelo,coastal,0.38,3,Apartment,0,0,4.76,1,146.0
12,0,0,0,sports_event,13,Setúbal,coastal,0.6,4,Apartment,1,0,3.59,1,222.0
12,2,0,0,none,77,Madeira,urban,0.65,2,Apartment,0,0,3.58,0,97.0
1,6,1,0,sports_event,37,Lisboa,urban,0.92,3,Room,0,0,4.0,1,212.0
9,6,1,0,sports_event,56,Braga,urban,0.58,2,House,0,1,4.66,1,290.0
12,1,0,0,none,40,Bragança,rural,0.15,2,House,1,0,3.9,0,64.0
10,5,1,0,none,5,Leiria,coastal,0.4,2,Apartment,0,0,4.25,1,146.0
3,3,0,0,none,54,Lisboa,urban,0.92,2,Shared_House,0,0,3.95,0,49.0
10,4,1,0,none,10,Setúbal,coastal,0.6,4,Apartment,0,0,4.59,0,216.0
2,3,0,0,festival,61,Vila Real,rural,0.22,5,Apartment,0,0,3.88,0,146.0
6,6,1,1,concert,63,Braga,urban,0.58,1,Apartment,1,0,3.84,1,167.0
8,3,0,0,fair,65,Évora,historic,0.52,2,Shared_House,1,1,3.68,0,105.0
6,4,1,0,none,35,Castelo Branco,historic,0.28,5,House,0,0,3.67,1,164.0
9,4,1,0,sports_event,44,Santarém,urban,0.35,2,Apartment,0,1,4.73,1,174.0
3,3,0,0,none,70,Faro,coastal,0.78,2,Apartment,0,0,4.02,0,160.0
8,6,1,0,concert,40,Braga,urban,0.58,3,House,1,0,3.72,1,262.0
8,1,0,0,none,85,Vila Real,rural,0.22,2,Apartment,1,0,3.36,0,43.0
8,6,1,0,festival,59,Castelo Branco,historic,0.28,3,House,0,0,4.06,1,218.0
4,4,1,0,festival,69,Vila Real,rural,0.22,5,Apartment,0,0,3.79,0,164.0
4,6,1,0,none,60,Évora,historic,0.52,3,Apartment,0,0,3.69,1,154.0
4,2,0,0,national_holiday,17,Coimbra,urban,0.55,3,Room,1,0,3.81,0,104.0
6,3,0,0,none,42,Coimbra,urban,0.55,2,House,1,0,4.26,1,156.0
8,0,0,0,none,59,Guarda,rural,0.14,2,Apartment,0,0,3.62,0,39.0
5,6,1,0,sports_event,47,Viana do Castelo,coastal,0.38,5,Apartment,0,0,4.05,0,205.0
5,5,1,0,none,54,Évora,historic,0.52,5,Room,1,0,4.64,1,145.0
4,2,0,0,none,82,Madeira,urban,0.65,4,Room,0,0,3.92,0,93.0
3,0,0,0,none,77,Portalegre,rural,0.18,2,Room,0,0,3.67,0,33.0
8,4,1,0,none,20,Lisboa,urban,0.92,4,Room,0,1,4.73,1,235.0
10,4,1,0,fair,19,Braga,urban,0.58,1,Apartment,1,0,4.16,1,155.0
4,3,0,0,festival,14,Viseu,historic,0.32,3,Apartment,1,0,4.11,1,154.0
11,1,0,0,none,65,Viseu,historic,0.32,3,Apartment,0,0,4.46,0,65.0
7,6,1,0,none,45,Bragança,rural,0.15,3,Apartment,0,0,4.16,0,87.0
3,3,0,0,fair,54,Faro,coastal,0.78,3,Room,0,0,4.23,0,152.0
5,5,1,0,fair,79,Castelo Branco,historic,0.28,4,Apartment,0,1,3.41,0,155.0
1,6,1,0,none,43,Aveiro,coastal,0.48,5,House,1,1,3.78,1,251.0
1,3,0,0,sports_event,57,Açores,rural,0.3,2,Apartment,1,1,5.0,0,199.0
5,0,0,0,none,27,Vila Real,rural,0.22,2,Room,0,0,3.68,0,23.0
6,6,1,0,none,75,Bragança,rural,0.15,3,Room,0,0,4.23,1,66.0
10,4,1,0,fair,3,Braga,urban,0.58,2,Room,0,0,5.0,1,110.0
2,6,1,0,fair,52,Bragança,rural,0.15,2,Apartment,0,1,4.54,0,129.0
11,4,1,0,none,73,Porto,urban,0.85,2,Shared_House,0,0,4.35,0,90.0
3,6,1,0,fair,65,Viseu,historic,0.32,2,Room,0,0,3.8,0,65.0
2,6,1,0,sports_event,10,Viana do Castelo,coastal,0.38,3,House,1,1,3.89,1,278.0
9,1,0,0,concert,77,Santarém,urban,0.35,5,House,1,1,4.05,1,209.0
10,1,0,0,concert,34,Vila Real,rural,0.22,4,Apartment,0,0,4.37,1,127.0
8,1,0,0,none,47,Setúbal,coastal,0.6,3,Room,0,0,4.84,0,113.0
2,5,1,0,national_holiday,45,Lisboa,urban,0.92,1,Shared_House,0,0,4.26,1,154.0
2,1,0,0,none,32,Braga,urban,0.58,3,Apartment,1,0,3.91,0,85.0
5,3,0,0,none,30,Setúbal,coastal,0.6,3,Apartment,1,1,4.15,1,191.0
6,5,1,1,national_holiday,83,Lisboa,urban,0.92,4,Apartment,1,1,4.46,1,411.0
12,3,0,0,concert,60,Viseu,historic,0.32,3,Shared_House,0,0,4.37,1,88.0
4,0,0,0,none,90,Faro,coastal,0.78,3,House,0,1,4.08,0,322.0
3,2,0,0,none,30,Viana do Castelo,coastal,0.38,2,Shared_House,1,0,3.64,1,47.0
12,0,0,0,concert,27,Portalegre,rural,0.18,4,House,1,1,4.74,1,191.0
2,2,0,0,none,47,Braga,urban,0.58,4,Apartment,1,0,4.07,0,112.0
1,5,1,0,none,55,Coimbra,urban,0.55,2,House,0,1,4.32,1,207.0
6,3,0,0,none,9,Beja,rural,0.2,5,Apartment,0,0,3.86,0,102.0
5,4,1,0,sports_event,33,Bragança,rural,0.15,2,Apartment,1,0,3.85,1,133.0
8,0,0,0,none,40,Açores,rural,0.3,1,Apartment,1,0,4.45,0,114.0
11,5,1,0,none,8,Setúbal,coastal,0.6,4,House,0,1,3.57,1,288.0
12,2,0,0,festival,53,Guarda,rural,0.14,3,Apartment,0,0,3.62,0,101.0
4,2,0,0,national_holiday,11,Bragança,rural,0.15,1,House,1,1,4.95,0,145.0
12,4,1,0,concert,78,Leiria,coastal,0.4,2,Room,0,0,4.61,1,100.0
8,0,0,0,none,47,Vila Real,rural,0.22,2,Apartment,1,0,4.41,1,76.0
1,3,0,0,fair,17,Coimbra,urban,0.55,2,Shared_House,0,1,3.66,1,63.0
12,2,0,0,fair,48,Porto,urban,0.85,3,House,1,0,4.31,1,280.0
2,1,0,0,concert,31,Guarda,rural,0.14,1,House,1,1,4.16,1,116.0
8,6,1,0,none,40,Castelo Branco,historic,0.28,3,Apartment,1,0,3.98,1,118.0
10,2,0,0,none,24,Braga,urban,0.58,3,Apartment,0,0,4.16,0,102.0
3,0,0,0,sports_event,39,Coimbra,urban,0.55,4,Room,0,0,3.48,1,112.0
4,3,0,1,national_holiday,14,Bragança,rural,0.15,5,Shared_House,0,0,3.17,0,79.0
6,6,1,0,none,27,Setúbal,coastal,0.6,1,House,1,1,4.35,1,337.0
11,4,1,1,national_holiday,35,Santarém,urban,0.35,1,Apartment,0,1,4.28,1,161.0
3,4,1,0,none,71,Bragança,rural,0.15,2,Room,0,0,4.33,0,56.0
8,6,1,0,festival,82,Vila Real,rural,0.22,2,Shared_House,0,0,4.58,1,94.0
6,0,0,0,none,79,Portalegre,rural,0.18,3,House,1,0,4.46,0,126.0
2,3,0,0,sports_event,34,Lisboa,urban,0.92,1,Apartment,0,0,4.94,1,247.0
9,2,0,0,concert,34,Setúbal,coastal,0.6,3,Apartment,0,1,4.79,1,246.0
10,4,1,0,none,25,Madeira,urban,0.65,5,Shared_House,0,0,4.23,0,137.0
7,5,1,0,none,47,Évora,historic,0.52,2,Apartment,1,0,4.28,1,203.0
3,0,0,0,none,87,Porto,urban,0.85,1,Apartment,1,0,4.31,0,122.0
2,1,0,0,none,23,Madeira,urban,0.65,4,Room,0,0,3.43,0,88.0
6,6,1,1,concert,65,Bragança,rural,0.15,4,House,1,0,4.66,1,203.0
7,3,0,0,festival,23,Santarém,urban,0.35,1,Apartment,0,0,4.49,1,132.0
7,2,0,0,fair,34,Setúbal,coastal,0.6,3,House,0,1,3.37,0,277.0
3,1,0,0,national_holiday,48,Faro,coastal,0.78,2,Shared_House,1,0,4.97,1,155.0
7,2,0,0,none,68,Castelo Branco,historic,0.28,3,Room,0,0,3.99,1,48.0
4,0,0,0,sports_event,76,Leiria,coastal,0.4,4,Apartment,0,0,4.14,1,172.0
9,1,0,0,none,58,Coimbra,urban,0.55,2,Room,0,0,4.13,1,62.0
10,1,0,0,none,55,Beja,rural,0.2,2,House,1,0,4.11,0,93.0
8,0,0,1,national_holiday,77,Aveiro,coastal,0.48,3,Apartment,0,1,5.0,1,228.0
1,6,1,0,none,57,Açores,rural,0.3,3,Apartment,1,0,4.07,0,145.0
12,5,1,0,sports_event,10,Porto,urban,0.85,5,Shared_House,0,0,4.04,1,183.0
1,6,1,0,festival,5,Vila Real,rural,0.22,3,Apartment,0,0,4.21,1,128.0
12,1,0,0,none,49,Setúbal,coastal,0.6,4,Apartment,0,0,3.78,0,145.0
1,2,0,0,none,1,Santarém,urban,0.35,4,House,1,0,4.35,1,124.0
7,1,0,0,festival,64,Açores,rural,0.3,3,Room,0,0,3.79,1,134.0
2,3,0,0,sports_event,71,Viseu,historic,0.32,2,Apartment,0,0,4.45,1,130.0
2,1,0,0,festival,90,Portalegre,rural,0.18,2,Room,0,0,3.68,0,69.0
9,1,0,0,none,3,Beja,rural,0.2,3,Room,0,0,3.91,0,54.0
9,6,1,0,none,55,Bragança,rural,0.15,1,Room,0,0,3.7,0,34.0
2,2,0,0,concert,85,Lisboa,urban,0.92,1,Room,0,0,3.93,1,86.0
12,5,1,0,concert,13,Santarém,urban,0.35,1,Apartment,0,0,3.31,1,114.0
4,1,0,0,none,70,Aveiro,coastal,0.48,5,Room,0,0,2.98,0,81.0
4,6,1,0,none,88,Braga,urban,0.58,3,House,1,0,4.04,0,204.0
4,4,1,0,none,7,Faro,coastal,0.78,4,Apartment,0,0,3.43,1,294.0
6,6,1,0,sports_event,42,Coimbra,urban,0.55,5,Apartment,0,0,5.0,1,244.0
3,3,0,0,none,7,Bragança,rural,0.15,4,House,0,0,4.02,0,113.0
6,6,1,0,festival,44,Viana do Castelo,coastal,0.38,3,Apartment,0,0,4.55,1,211.0
3,2,0,0,national_holiday,77,Santarém,urban,0.35,3,House,0,1,4.35,0,206.0
1,3,0,0,none,23,Évora,historic,0.52,4,Apartment,0,0,3.67,0,115.0
5,0,0,0,none,72,Setúbal,coastal,0.6,4,House,0,1,3.99,0,257.0
9,1,0,0,none,74,Portalegre,rural,0.18,4,Apartment,1,0,4.57,0,94.0
10,5,1,0,none,2,Guarda,rural,0.14,3,House,0,0,4.54,1,148.0
5,2,0,0,national_holiday,48,Setúbal,coastal,0.6,4,House,1,0,4.63,1,347.0
4,0,0,0,national_holiday,23,Aveiro,coastal,0.48,3,Apartment,1,0,3.87,1,195.0
10,2,0,1,national_holiday,88,Aveiro,coastal,0.48,2,Shared_House,1,0,4.49,1,106.0
9,2,0,0,fair,63,Braga,urban,0.58,2,House,1,1,3.9,0,180.0
10,5,1,0,none,47,Leiria,coastal,0.4,1,Room,0,0,4.71,1,76.0
11,0,0,0,festival,59,Aveiro,coastal,0.48,2,Apartment,0,0,4.69,1,175.0
10,0,0,0,sports_event,17,Santarém,urban,0.35,4,Room,0,0,3.51,0,110.0
12,5,1,1,national_holiday,46,Castelo Branco,historic,0.28,2,Room,0,0,4.34,1,111.0
5,0,0,0,festival,70,Aveiro,coastal,0.48,5,Apartment,0,0,3.65,1,193.0
5,2,0,0,festival,86,Évora,historic,0.52,1,Shared_House,1,0,4.61,1,122.0
4,4,1,0,none,14,Porto,urban,0.85,1,Apartment,1,0,3.64,1,202.0
3,3,0,0,national_holiday,82,Viana do Castelo,coastal,0.38,3,Room,1,0,4.36,1,123.0
9,0,0,0,none,26,Leiria,coastal,0.4,2,House,1,0,4.57,1,158.0
9,5,1,0,none,78,Guarda,rural,0.14,1,Apartment,0,0,4.23,0,71.0
10,0,0,0,national_holiday,85,Leiria,coastal,0.4,1,House,0,0,4.63,1,212.0
3,1,0,0,none,72,Viana do Castelo,coastal,0.38,3,Apartment,1,0,4.35,0,116.0
6,0,0,0,none,88,Bragança,rural,0.15,2,Room,0,0,4.98,1,42.0
3,3,0,0,none,50,Viseu,historic,0.32,3,Room,0,0,3.65,0,47.0
11,4,1,0,none,70,Açores,rural,0.3,2,House,1,0,4.01,0,199.0
4,4,1,0,none,82,Aveiro,coastal,0.48,1,Apartment,0,0,3.24,1,77.0
2,0,0,0,none,19,Setúbal,coastal,0.6,1,Shared_House,0,0,4.05,1,51.0
7,2,0,0,festival,65,Beja,rural,0.2,1,Room,0,0,3.61,0,68.0
11,1,0,0,none,67,Viana do Castelo,coastal,0.38,4,Room,1,0,3.51,1,66.0
11,2,0,0,fair,45,Lisboa,urban,0.92,3,Apartment,1,1,3.42,0,193.0
2,1,0,0,fair,54,Braga,urban,0.58,3,House,1,1,3.96,0,199.0
4,5,1,0,none,59,Portalegre,rural,0.18,4,Apartment,0,0,4.33,1,117.0
2,5,1,0,national_holiday,41,Guarda,rural,0.14,2,Room,0,0,4.44,1,85.0
4,5,1,0,fair,54,Portalegre,rural,0.18,4,Apartment,1,0,4.7,1,145.0
7,1,0,0,national_holiday,41,Castelo Branco,historic,0.28,4,Apartment,1,1,4.67,1,200.0
4,0,0,0,sports_event,43,Santarém,urban,0.35,4,Apartment,0,0,3.64,1,141.0
1,0,0,0,none,41,Évora,historic,0.52,4,Apartment,0,0,3.83,0,105.0
7,5,1,0,none,42,Faro,coastal,0.78,2,House,1,0,4.3,1,505.0
1,6,1,0,fair,30,Castelo Branco,historic,0.28,3,Room,0,0,4.3,1,93.0
3,1,0,0,none,10,Braga,urban,0.58,3,Shared_House,1,0,4.89,0,78.0
1,6,1,0,fair,49,Madeira,urban,0.65,3,Apartment,0,0,4.06,0,242.0
2,3,0,0,sports_event,39,Setúbal,coastal,0.6,2,Apartment,0,0,4.58,0,204.0
6,1,0,0,none,4,Aveiro,coastal,0.48,2,Apartment,0,0,4.13,1,108.0
11,2,0,0,none,48,Açores,rural,0.3,5,Room,1,0,4.38,0,112.0
10,1,0,0,national_holiday,77,Setúbal,coastal,0.6,3,Shared_House,0,0,4.39,0,120.0
2,5,1,0,none,24,Castelo Branco,historic,0.28,2,Apartment,0,0,4.19,1,88.0
1,1,0,0,sports_event,81,Lisboa,urban,0.92,2,Apartment,0,0,3.71,0,190.0
5,1,0,1,national_holiday,49,Braga,urban,0.58,3,Shared_House,1,0,4.34,1,113.0
8,5,1,0,none,36,Santarém,urban,0.35,2,House,1,0,4.52,0,194.0
9,2,0,0,none,79,Bragança,rural,0.15,2,Apartment,1,0,4.25,0,73.0
10,1,0,0,festival,86,Leiria,coastal,0.4,5,Apartment,0,0,2.82,0,150.0
5,5,1,0,fair,84,Beja,rural,0.2,1,Apartment,0,1,4.11,1,128.0
3,6,1,0,none,70,Vila Real,rural,0.22,2,Apartment,1,0,4.54,0,95.0
1,3,0,0,none,57,Braga,urban,0.58,3,House,1,0,3.71,0,104.0
2,5,1,0,none,77,Beja,rural,0.2,2,Room,0,0,4.73,0,58.0
1,5,1,0,none,78,Madeira,urban,0.65,2,Apartment,1,0,3.89,0,182.0
11,4,1,0,none,81,Madeira,urban,0.65,3,House,1,0,4.04,0,291.0
4,5,1,0,none,75,Viseu,historic,0.32,3,Apartment,0,0,4.3,1,143.0
10,0,0,0,fair,31,Madeira,urban,0.65,3,Apartment,0,0,3.74,0,168.0
7,0,0,0,none,88,Guarda,rural,0.14,4,Apartment,0,1,4.66,0,123.0
7,6,1,0,concert,74,Castelo Branco,historic,0.28,4,Apartment,1,0,4.83,1,166.0
6,0,0,0,national_holiday,78,Leiria,coastal,0.4,3,Shared_House,0,0,3.65,1,94.0
10,5,1,0,festival,14,Vila Real,rural,0.22,3,Apartment,0,0,4.11,1,155.0
1,2,0,1,festival,2,Braga,urban,0.58,4,Apartment,0,0,5.0,0,205.0
2,5,1,1,national_holiday,88,Bragança,rural,0.15,1,Room,0,0,4.75,1,78.0
6,4,1,0,festival,56,Viseu,historic,0.32,3,Apartment,1,0,3.39,1,166.0
5,0,0,0,none,54,Lisboa,urban,0.92,2,Apartment,0,0,4.78,1,195.0
7,2,0,0,none,64,Guarda,rural,0.14,2,Apartment,0,0,2.49,0,28.0
9,4,1,0,festival,63,Beja,rural,0.2,5,Apartment,1,0,4.51,1,215.0
8,6,1,0,none,4,Bragança,rural,0.15,1,Apartment,0,0,3.77,1,58.0
4,5,1,0,none,28,Açores,rural,0.3,2,House,0,1,4.43,1,257.0
4,6,1,0,sports_event,49,Braga,urban,0.58,2,Apartment,0,0,4.32,1,192.0
10,6,1,0,none,3,Guarda,rural,0.14,3,Apartment,0,1,4.27,1,124.0
3,6,1,0,none,80,Aveiro,coastal,0.48,4,Room,0,0,4.49,1,113.0
7,4,1,0,none,15,Bragança,rural,0.15,2,Apartment,0,0,3.95,0,78.0
7,2,0,0,none,39,Setúbal,coastal,0.6,4,Apartment,0,0,3.9,0,149.0
10,3,0,0,festival,13,Viana do Castelo,coastal,0.38,3,Apartment,1,0,4.67,1,185.0
9,5,1,0,festival,6,Setúbal,coastal,0.6,5,Apartment,0,0,4.2,1,298.0
6,2,0,0,none,40,Portalegre,rural,0.18,4,House,1,0,3.92,0,99.0
4,5,1,0,festival,70,Lisboa,urban,0.92,2,Apartment,1,0,4.11,1,376.0
5,4,1,0,national_holiday,27,Lisboa,urban,0.92,5,Apartment,0,0,4.07,1,390.0
5,1,0,0,festival,42,Lisboa,urban,0.92,2,House,1,1,4.03,0,448.0
3,6,1,0,festival,85,Viseu,historic,0.32,3,Room,0,0,4.42,1,122.0
8,5,1,0,festival,34,Madeira,urban,0.65,2,House,1,1,3.76,1,433.0
3,4,1,0,fair,76,Beja,rural,0.2,2,Apartment,0,0,4.96,0,107.0
8,1,0,0,national_holiday,89,Leiria,coastal,0.4,5,Apartment,0,0,4.31,1,206.0
10,1,0,0,none,49,Castelo Branco,historic,0.28,4,Apartment,0,0,3.28,0,84.0
12,5,1,0,none,56,Leiria,coastal,0.4,3,Apartment,1,0,4.34,0,160.0
2,0,0,0,none,77,Setúbal,coastal,0.6,5,Apartment,0,0,3.73,0,133.0
10,3,0,0,concert,62,Setúbal,coastal,0.6,2,House,0,0,4.19,1,257.0
2,4,1,0,none,53,Beja,rural,0.2,2,Shared_House,1,0,4.12,1,46.0
5,1,0,0,fair,80,Vila Real,rural,0.22,4,Room,1,0,4.54,1,81.0
3,6,1,0,none,83,Viana do Castelo,coastal,0.38,1,Apartment,1,0,4.53,1,121.0
2,3,0,1,festival,28,Madeira,urban,0.65,4,Room,0,0,4.31,0,181.0
3,0,0,0,none,68,Braga,urban,0.58,1,Apartment,1,1,5.0,1,136.0
1,2,0,0,none,24,Coimbra,urban,0.55,2,Room,0,0,3.84,0,51.0
10,2,0,0,none,67,Leiria,coastal,0.4,2,House,1,1,4.88,0,163.0
1,1,0,1,concert,8,Aveiro,coastal,0.48,2,House,0,0,4.9,0,217.0
5,6,1,0,none,25,Viseu,historic,0.32,2,Apartment,0,0,4.37,1,119.0
9,2,0,0,none,72,Porto,urban,0.85,1,Room,0,0,4.43,0,62.0
12,3,0,1,sports_event,72,Leiria,coastal,0.4,1,House,0,0,4.68,1,227.0
11,3,0,0,national_holiday,43,Évora,historic,0.52,4,House,1,1,4.04,1,285.0
2,1,0,0,concert,70,Coimbra,urban,0.55,3,House,1,0,3.95,0,169.0
12,3,0,0,sports_event,44,Lisboa,urban,0.92,2,Apartment,1,0,3.97,1,261.0
8,2,0,0,none,8,Vila Real,rural,0.22,1,House,1,0,4.35,1,92.0
3,0,0,0,fair,74,Porto,urban,0.85,2,Apartment,0,0,3.97,1,166.0
6,2,0,0,none,6,Santarém,urban,0.35,2,Apartment,0,0,3.84,0,86.0
12,4,1,0,national_holiday,73,Beja,rural,0.2,3,House,0,1,3.68,1,190.0
5,0,0,0,concert,80,Vila Real,rural,0.22,1,Apartment,0,0,3.71,0,88.0
3,5,1,0,none,1,Bragança,rural,0.15,5,Apartment,0,0,3.88,1,120.0
11,4,1,0,none,89,Santarém,urban,0.35,2,Apartment,1,0,3.89,0,91.0
12,2,0,0,concert,56,Coimbra,urban,0.55,3,House,0,0,4.25,0,184.0
12,4,1,0,sports_event,55,Setúbal,coastal,0.6,4,Shared_House,0,0,3.81,1,150.0
12,2,0,0,festival,30,Leiria,coastal,0.4,2,House,1,0,4.45,1,225.0
11,4,1,0,national_holiday,16,Guarda,rural,0.14,1,Room,0,0,5.0,1,81.0
6,1,0,0,festival,3,Bragança,rural,0.15,2,Apartment,1,0,4.82,1,139.0
3,4,1,0,none,38,Lisboa,urban,0.92,3,Apartment,1,0,3.67,1,248.0
8,0,0,0,festival,72,Madeira,urban,0.65,4,Apartment,1,0,4.05,0,295.0
3,0,0,0,none,2,Açores,rural,0.3,2,Apartment,1,0,3.56,0,98.0
6,1,0,0,festival,21,Viseu,historic,0.32,5,Shared_House,0,0,4.3,1,146.0
8,1,0,0,fair,74,Braga,urban,0.58,3,Apartment,0,0,4.33,1,141.0
12,3,0,0,none,40,Castelo Branco,historic,0.28,4,Apartment,1,1,4.29,0,119.0
4,1,0,0,fair,10,Portalegre,rural,0.18,1,House,0,0,3.68,0,71.0
4,1,0,0,concert,89,Castelo Branco,historic,0.28,5,Room,0,0,3.88,0,108.0
9,0,0,0,none,31,Santarém,urban,0.35,2,House,1,0,4.68,0,136.0
1,6,1,0,fair,16,Castelo Branco,historic,0.28,2,Apartment,0,0,4.4,1,134.0
7,5,1,0,concert,51,Portalegre,rural,0.18,3,Shared_House,1,0,3.77,1,93.0
9,1,0,0,none,8,Porto,urban,0.85,5,Apartment,1,0,3.56,1,182.0
7,0,0,0,none,63,Setúbal,coastal,0.6,2,Apartment,0,0,4.16,0,154.0
5,5,1,0,none,59,Castelo Branco,historic,0.28,2,Room,0,0,4.14,1,60.0
10,4,1,0,festival,82,Viseu,historic,0.32,5,Shared_House,1,0,3.56,1,132.0
5,6,1,0,none,27,Madeira,urban,0.65,4,Shared_House,0,0,4.05,1,131.0
9,1,0,0,none,38,Leiria,coastal,0.4,3,House,1,1,3.96,0,174.0
6,2,0,0,national_holiday,61,Madeira,urban,0.65,3,Room,0,0,3.91,0,133.0
1,0,0,0,sports_event,18,Portalegre,rural,0.18,3,Apartment,1,1,3.99,0,132.0
7,2,0,0,sports_event,33,Bragança,rural,0.15,5,Room,1,0,4.34,1,128.0
1,1,0,0,national_holiday,10,Viana do Castelo,coastal,0.38,1,Room,0,0,4.24,0,79.0
12,0,0,0,none,64,Viana do Castelo,coastal,0.38,4,Apartment,1,0,4.83,0,133.0
8,3,0,0,none,60,Porto,urban,0.85,3,Apartment,0,1,4.3,1,221.0
5,6,1,0,sports_event,9,Setúbal,coastal,0.6,5,Room,0,0,4.6,1,197.0
6,4,1,0,none,12,Beja,rural,0.2,3,Apartment,0,0,3.54,0,64.0
8,5,1,0,none,37,Guarda,rural,0.14,2,Shared_House,0,0,4.28,1,57.0
4,5,1,0,concert,60,Santarém,urban,0.35,4,Room,1,1,4.01,1,145.0
4,6,1,0,none,72,Beja,rural,0.2,5,Room,0,0,4.56,1,98.0
6,0,0,0,festival,42,Guarda,rural,0.14,5,Apartment,0,0,4.33,1,154.0
4,1,0,0,festival,73,Madeira,urban,0.65,2,Room,0,0,4.99,1,163.0
10,4,1,0,festival,38,Beja,rural,0.2,2,Room,0,0,3.73,1,86.0
2,5,1,0,none,54,Viana do Castelo,coastal,0.38,4,Apartment,1,0,3.84,0,140.0
10,5,1,0,none,24,Leiria,coastal,0.4,3,Apartment,0,0,4.37,1,148.0
5,5,1,0,fair,58,Madeira,urban,0.65,1,Room,0,0,4.14,1,127.0
7,2,0,0,national_holiday,82,Guarda,rural,0.14,2,Apartment,1,0,3.73,0,99.0
2,2,0,0,none,26,Portalegre,rural,0.18,1,Apartment,0,0,4.39,0,29.0
5,0,0,0,none,65,Porto,urban,0.85,2,Apartment,0,0,3.95,0,150.0
10,2,0,0,festival,41,Setúbal,coastal,0.6,2,Apartment,0,0,4.43,1,206.0
4,1,0,0,none,48,Évora,historic,0.52,5,House,1,0,3.35,1,165.0
2,6,1,0,none,53,Viseu,historic,0.32,3,Apartment,1,0,4.05,1,111.0
7,0,0,0,none,39,Viana do Castelo,coastal,0.38,1,House,0,1,4.28,1,167.0
2,2,0,0,none,60,Santarém,urban,0.35,3,Room,1,0,4.28,0,61.0
4,6,1,0,none,33,Porto,urban,0.85,3,House,1,1,4.55,0,409.0
6,6,1,1,national_holiday,15,Braga,urban,0.58,4,House,1,1,4.08,1,314.0
7,2,0,0,concert,36,Portalegre,rural,0.18,5,Apartment,0,1,4.42,0,171.0
8,3,0,0,none,40,Santarém,urban,0.35,1,Apartment,0,0,4.17,0,74.0
9,3,0,0,none,77,Madeira,urban,0.65,5,House,1,0,4.57,1,303.0
11,5,1,0,none,58,Aveiro,coastal,0.48,1,Room,1,0,3.43,1,66.0
1,5,1,0,fair,38,Madeira,urban,0.65,4,Room,0,0,2.9,1,125.0
5,3,0,0,none,77,Beja,rural,0.2,5,House,1,0,4.83,0,162.0
1,2,0,0,none,1,Bragança,rural,0.15,4,Apartment,1,0,3.92,0,80.0
1,2,0,0,festival,62,Braga,urban,0.58,2,Room,1,0,3.35,0,81.0
3,4,1,0,sports_event,84,Faro,coastal,0.78,2,Shared_House,0,0,4.12,1,164.0
8,5,1,0,concert,63,Viana do Castelo,coastal,0.38,1,Shared_House,1,0,3.94,1,84.0
11,0,0,0,none,54,Porto,urban,0.85,2,Shared_House,0,0,4.38,0,82.0
10,5,1,0,none,48,Coimbra,urban,0.55,1,Apartment,1,1,4.45,1,168.0
8,3,0,0,none,15,Setúbal,coastal,0.6,1,Room,0,0,3.99,1,80.0
10,1,0,0,festival,14,Aveiro,coastal,0.48,3,Apartment,0,0,4.66,1,208.0
3,0,0,0,none,12,Beja,rural,0.2,1,Apartment,1,1,3.59,0,55.0
11,2,0,0,none,85,Beja,rural,0.2,3,House,1,0,3.02,0,85.0
11,1,0,0,none,34,Setúbal,coastal,0.6,4,Apartment,0,0,4.27,1,138.0
2,0,0,0,national_holiday,87,Guarda,rural,0.14,1,Apartment,0,0,4.07,0,75.0
6,2,0,0,none,56,Açores,rural,0.3,3,Apartment,0,0,3.25,0,94.0
10,5,1,1,national_holiday,68,Açores,rural,0.3,4,Apartment,1,0,4.5,1,266.0
6,5,1,0,national_holiday,85,Setúbal,coastal,0.6,3,Apartment,0,0,3.35,1,264.0
11,1,0,0,sports_event,47,Porto,urban,0.85,3,House,0,1,4.14,1,327.0
12,4,1,0,festival,5,Faro,coastal,0.78,4,Apartment,1,0,4.58,1,406.0
6,3,0,0,sports_event,75,Aveiro,coastal,0.48,3,House,1,1,4.33,1,286.0
1,5,1,0,none,32,Portalegre,rural,0.18,3,House,1,0,4.3,0,135.0
5,1,0,0,concert,14,Açores,rural,0.3,4,Apartment,0,0,3.96,0,164.0
3,0,0,0,none,24,Viana do Castelo,coastal,0.38,4,Room,0,0,4.28,1,94.0
6,2,0,0,national_holiday,90,Santarém,urban,0.35,2,Apartment,0,0,4.45,1,116.0
8,6,1,0,none,38,Aveiro,coastal,0.48,3,Room,0,0,3.88,0,94.0
6,3,0,0,festival,52,Portalegre,rural,0.18,4,Shared_House,0,0,3.63,1,112.0
3,0,0,0,festival,72,Castelo Branco,historic,0.28,3,Shared_House,1,0,4.59,1,101.0
4,6,1,0,none,53,Braga,urban,0.58,3,House,1,1,5.0,1,257.0
9,5,1,0,none,15,Açores,rural,0.3,1,Room,0,0,4.95,1,80.0
1,3,0,0,concert,8,Leiria,coastal,0.4,1,Apartment,0,0,2.89,0,77.0
3,5,1,0,none,85,Braga,urban,0.58,3,Shared_House,1,0,4.83,0,88.0
11,1,0,0,national_holiday,19,Bragança,rural,0.15,4,Apartment,0,0,3.88,0,120.0
2,4,1,0,none,24,Porto,urban,0.85,2,House,1,1,5.0,1,392.0
5,6,1,0,festival,4,Bragança,rural,0.15,5,House,1,1,3.68,1,231.0
3,3,0,0,festival,68,Viana do Castelo,coastal,0.38,4,Room,0,0,3.64,0,125.0
2,0,0,0,none,46,Beja,rural,0.2,4,Room,0,0,4.17,0,67.0
6,5,1,0,sports_event,58,Évora,historic,0.52,4,Apartment,0,0,4.0,1,228.0
7,5,1,0,concert,17,Aveiro,coastal,0.48,2,Apartment,0,0,4.02,1,176.0
3,5,1,0,festival,50,Coimbra,urban,0.55,2,Room,0,0,4.67,1,135.0
1,4,1,0,festival,50,Braga,urban,0.58,1,Shared_House,1,0,4.82,1,116.0
2,0,0,0,festival,76,Évora,historic,0.52,2,Apartment,0,0,3.73,0,145.0
8,0,0,0,none,65,Porto,urban,0.85,1,Room,0,0,5.0,0,95.0
11,5,1,0,none,55,Santarém,urban,0.35,4,House,0,1,3.58,0,152.0
3,5,1,0,none,61,Setúbal,coastal,0.6,4,Apartment,0,0,3.9,1,201.0
4,0,0,0,festival,71,Madeira,urban,0.65,2,Apartment,1,0,5.0,1,284.0
5,4,1,0,national_holiday,21,Bragança,rural,0.15,3,Room,0,0,4.38,1,92.0
5,3,0,0,none,54,Beja,rural,0.2,3,Apartment,0,0,3.87,0,59.0
3,2,0,0,festival,85,Braga,urban,0.58,4,Room,1,0,4.33,1,128.0
1,4,1,0,none,65,Beja,rural,0.2,5,Apartment,0,1,4.55,1,143.0
7,6,1,0,festival,76,Viana do Castelo,coastal,0.38,2,House,1,1,4.37,1,279.0
5,5,1,0,concert,5,Santarém,urban,0.35,2,Apartment,1,0,4.84,1,170.0
5,1,0,0,sports_event,76,Braga,urban,0.58,4,Room,1,0,3.77,1,116.0
4,3,0,0,sports_event,59,Coimbra,urban,0.55,1,Apartment,0,1,3.87,0,157.0
12,6,1,1,concert,17,Viseu,historic,0.32,4,Apartment,1,0,3.75,1,181.0
8,1,0,0,none,81,Coimbra,urban,0.55,2,House,1,0,3.78,1,138.0
6,5,1,0,none,79,Bragança,rural,0.15,3,House,0,0,4.22,1,122.0
3,3,0,0,none,59,Castelo Branco,historic,0.28,3,House,1,0,3.67,0,97.0
10,3,0,0,national_holiday,87,Açores,rural,0.3,4,Apartment,0,0,4.35,0,188.0
11,1,0,0,concert,74,Setúbal,coastal,0.6,1,Apartment,0,0,4.52,0,159.0
1,6,1,0,none,38,Madeira,urban,0.65,4,Apartment,1,0,3.59,1,203.0
12,3,0,0,none,90,Leiria,coastal,0.4,4,Apartment,0,0,3.88,0,122.0
9,4,1,0,none,43,Castelo Branco,historic,0.28,4,Apartment,0,0,3.94,1,111.0
2,3,0,0,national_holiday,15,Lisboa,urban,0.92,5,Apartment,0,0,4.09,0,279.0
10,0,0,0,none,11,Guarda,rural,0.14,4,House,1,1,4.12,0,118.0
2,5,1,0,festival,63,Leiria,coastal,0.4,4,Apartment,0,0,4.65,1,219.0
1,2,0,0,none,13,Braga,urban,0.58,3,Apartment,1,0,4.69,0,114.0
2,1,0,0,sports_event,81,Viana do Castelo,coastal,0.38,4,Room,0,0,3.8,0,117.0
6,5,1,0,sports_event,84,Madeira,urban,0.65,5,Room,0,0,4.55,1,206.0
8,1,0,0,none,3,Castelo Branco,historic,0.28,3,House,1,0,4.89,1,164.0
5,4,1,0,concert,16,Setúbal,coastal,0.6,2,Apartment,0,0,4.8,1,258.0
2,3,0,0,none,16,Guarda,rural,0.14,2,House,1,0,4.3,0,81.0
3,5,1,0,concert,64,Braga,urban,0.58,4,Apartment,0,0,4.17,1,211.0
11,0,0,0,none,23,Viana do Castelo,coastal,0.38,5,House,1,1,3.5,1,172.0
12,5,1,0,festival,61,Santarém,urban,0.35,2,Shared_House,0,0,3.99,1,83.0
10,1,0,0,none,80,Guarda,rural,0.14,5,House,0,1,3.45,0,108.0
2,6,1,0,festival,60,Portalegre,rural,0.18,2,Shared_House,1,0,4.77,1,103.0
10,2,0,0,none,88,Aveiro,coastal,0.48,3,Apartment,1,0,4.07,0,109.0
9,0,0,0,festival,44,Vila Real,rural,0.22,5,Apartment,0,0,4.16,0,156.0
7,3,0,0,none,83,Açores,rural,0.3,5,Apartment,0,0,3.89,0,144.0
2,0,0,1,national_holiday,70,Coimbra,urban,0.55,3,Apartment,1,0,3.49,1,149.0
12,1,0,0,concert,43,Castelo Branco,historic,0.28,5,Apartment,1,0,4.56,1,149.0
6,5,1,0,none,26,Lisboa,urban,0.92,4,Shared_House,1,0,4.45,1,158.0
1,3,0,0,none,61,Santarém,urban,0.35,4,House,1,1,4.67,1,162.0
3,4,1,0,festival,70,Beja,rural,0.2,4,Shared_House,0,1,3.32,1,111.0
5,6,1,0,none,10,Beja,rural,0.2,2,Room,0,0,4.86,0,53.0
1,3,0,0,fair,29,Santarém,urban,0.35,1,Room,0,0,4.14,0,59.0
4,3,0,0,none,89,Santarém,urban,0.35,2,Shared_House,0,0,4.59,1,55.0
6,0,0,0,national_holiday,13,Santarém,urban,0.35,1,Apartment,1,0,2.88,1,110.0
12,2,0,0,fair,85,Porto,urban,0.85,2,Room,0,0,4.41,1,113.0
2,5,1,0,none,12,Leiria,coastal,0.4,1,House,1,0,4.16,0,181.0
7,0,0,0,none,54,Lisboa,urban,0.92,2,House,1,1,4.09,0,343.0
11,2,0,0,sports_event,29,Bragança,rural,0.15,3,House,1,1,4.15,0,154.0
10,0,0,0,concert,13,Açores,rural,0.3,2,Shared_House,0,0,3.9,0,83.0
12,6,1,0,none,21,Portalegre,rural,0.18,2,Shared_House,0,0,3.49,1,26.0
3,3,0,0,none,86,Vila Real,rural,0.22,2,Apartment,0,0,3.57,0,47.0
10,4,1,1,national_holiday,25,Guarda,rural,0.14,1,Apartment,1,0,4.21,1,108.0
12,4,1,0,concert,81,Castelo Branco,historic,0.28,3,Apartment,0,0,4.86,1,154.0
4,1,0,0,sports_event,58,Beja,rural,0.2,5,Room,0,0,4.75,0,134.0
6,0,0,1,national_holiday,90,Portalegre,rural,0.18,4,Apartment,1,0,4.32,0,154.0
7,2,0,0,festival,42,Viana do Castelo,coastal,0.38,3,House,1,0,3.96,1,229.0
6,1,0,0,concert,46,Leiria,coastal,0.4,5,Apartment,0,0,5.0,1,212.0
4,2,0,0,national_holiday,8,Braga,urban,0.58,4,Shared_House,0,0,4.54,0,119.0
12,2,0,0,none,32,Castelo Branco,historic,0.28,1,Room,1,0,4.5,0,39.0
12,5,1,0,none,54,Guarda,rural,0.14,2,House,1,0,3.53,1,101.0
5,2,0,0,none,34,Santarém,urban,0.35,3,Apartment,0,0,4.33,0,94.0
10,1,0,0,festival,16,Açores,rural,0.3,3,Room,1,0,3.58,0,116.0
5,6,1,0,none,45,Coimbra,urban,0.55,4,Apartment,0,0,5.0,1,209.0
10,0,0,0,none,88,Santarém,urban,0.35,2,House,1,1,3.78,0,116.0
8,1,0,0,concert,83,Madeira,urban,0.65,5,Shared_House,0,0,3.9,0,146.0
6,2,0,1,festival,34,Setúbal,coastal,0.6,3,House,1,0,3.88,1,347.0
2,0,0,0,none,12,Portalegre,rural,0.18,5,Shared_House,1,0,4.01,0,77.0
8,6,1,0,none,2,Setúbal,coastal,0.6,3,Apartment,0,1,4.54,1,254.0
4,2,0,0,none,59,Madeira,urban,0.65,2,House,0,0,4.2,0,188.0
3,5,1,0,none,62,Coimbra,urban,0.55,2,Shared_House,0,0,4.22,1,55.0
3,0,0,0,none,83,Viseu,historic,0.32,2,Room,0,0,4.56,0,49.0
12,3,0,0,none,53,Bragança,rural,0.15,2,Shared_House,0,0,3.44,0,30.0
2,0,0,0,none,25,Lisboa,urban,0.92,5,Room,1,0,4.57,0,155.0
10,1,0,0,fair,3,Évora,historic,0.52,2,Apartment,0,0,4.27,1,134.0
11,2,0,0,fair,48,Guarda,rural,0.14,2,Apartment,0,0,3.85,0,64.0
1,6,1,0,none,26,Vila Real,rural,0.22,2,Room,0,0,4.27,1,48.0
8,2,0,0,sports_event,72,Leiria,coastal,0.4,3,Room,0,0,4.26,1,139.0
7,5,1,0,none,58,Santarém,urban,0.35,2,Room,0,0,2.89,1,42.0
5,0,0,0,concert,47,Vila Real,rural,0.22,1,Apartment,1,0,4.89,1,96.0
9,1,0,0,fair,67,Évora,historic,0.52,4,House,0,0,4.8,1,270.0
5,4,1,0,festival,48,Aveiro,coastal,0.48,2,House,1,1,3.55,1,302.0
6,3,0,0,festival,59,Leiria,coastal,0.4,5,Apartment,1,1,3.82,1,235.0
6,3,0,0,none,69,Portalegre,rural,0.18,1,House,1,1,4.88,0,123.0
10,4,1,0,none,7,Porto,urban,0.85,3,Shared_House,0,0,4.53,1,125.0
8,0,0,0,none,15,Bragança,rural,0.15,3,House,0,0,4.39,0,116.0
5,4,1,0,none,44,Vila Real,rural,0.22,2,Apartment,1,0,4.42,1,104.0
12,6,1,0,sports_event,65,Faro,coastal,0.78,3,House,1,0,4.39,1,548.0
10,5,1,0,none,38,Santarém,urban,0.35,2,Apartment,0,0,3.67,1,82.0
12,1,0,0,none,83,Leiria,coastal,0.4,2,House,1,1,3.92,0,135.0
9,2,0,0,festival,89,Portalegre,rural,0.18,4,Shared_House,1,0,4.7,0,130.0
5,6,1,0,concert,10,Santarém,urban,0.35,5,House,1,1,4.53,1,271.0
10,5,1,0,festival,60,Vila Real,rural,0.22,2,Room,0,0,4.34,1,84.0
4,6,1,0,festival,6,Braga,urban,0.58,3,Room,0,0,3.88,1,120.0
4,6,1,0,fair,71,Leiria,coastal,0.4,2,Apartment,1,0,4.69,1,155.0
6,3,0,1,national_holiday,8,Vila Real,rural,0.22,1,House,1,1,3.72,1,172.0
12,0,0,0,festival,10,Viseu,historic,0.32,2,House,0,1,4.94,1,233.0
7,1,0,0,none,67,Setúbal,coastal,0.6,3,Apartment,0,0,3.84,0,146.0
5,2,0,0,none,36,Beja,rural,0.2,4,Apartment,0,0,3.76,0,79.0
6,5,1,0,national_holiday,36,Porto,urban,0.85,3,Room,0,0,4.22,1,180.0
4,1,0,0,none,39,Aveiro,coastal,0.48,5,Apartment,0,1,4.31,1,159.0
8,2,0,0,none,42,Braga,urban,0.58,4,Apartment,0,0,4.25,1,145.0
5,5,1,0,none,61,Guarda,rural,0.14,2,House,1,1,3.54,0,125.0
7,1,0,0,national_holiday,66,Leiria,coastal,0.4,2,Shared_House,0,0,4.41,1,105.0
5,4,1,0,fair,86,Coimbra,urban,0.55,3,Apartment,1,0,4.69,1,212.0
4,3,0,0,none,48,Braga,urban,0.58,2,Room,0,0,4.16,0,64.0
12,6,1,0,festival,77,Bragança,rural,0.15,1,Apartment,1,0,3.43,1,101.0
5,3,0,0,none,55,Vila Real,rural,0.22,1,Apartment,1,1,4.09,0,75.0
1,3,0,0,sports_event,7,Guarda,rural,0.14,3,Apartment,1,0,3.63,0,88.0
5,5,1,0,none,77,Bragança,rural,0.15,3,Apartment,1,0,3.23,1,73.0
7,6,1,0,none,40,Faro,coastal,0.78,3,Apartment,0,0,3.93,1,327.0
2,5,1,0,festival,41,Madeira,urban,0.65,4,Apartment,1,0,5.0,1,331.0
4,4,1,0,fair,76,Setúbal,coastal,0.6,5,House,0,0,4.16,1,358.0
2,6,1,0,none,79,Porto,urban,0.85,4,Apartment,0,0,4.06,1,220.0
7,6,1,0,none,90,Portalegre,rural,0.18,2,Apartment,0,0,4.56,0,93.0
9,5,1,0,national_holiday,48,Viana do Castelo,coastal,0.38,3,Apartment,0,1,4.51,1,206.0
12,2,0,0,none,40,Viana do Castelo,coastal,0.38,2,Room,0,0,3.47,0,35.0
5,4,1,0,none,37,Aveiro,coastal,0.48,5,Apartment,0,0,5.0,1,212.0
11,1,0,0,festival,31,Lisboa,urban,0.92,3,House,1,0,4.3,0,385.0
3,3,0,0,none,24,Santarém,urban,0.35,2,Room,0,0,4.65,0,53.0
10,3,0,0,none,29,Santarém,urban,0.35,4,Apartment,1,0,3.9,1,107.0
7,6,1,0,none,66,Aveiro,coastal,0.48,3,Apartment,0,1,3.22,1,165.0
10,3,0,0,none,27,Viana do Castelo,coastal,0.38,5,House,1,0,4.14,0,171.0
10,6,1,0,none,56,Aveiro,coastal,0.48,1,Shared_House,0,0,3.65,1,41.0
7,5,1,0,fair,22,Viana do Castelo,coastal,0.38,2,Room,0,0,4.79,1,93.0
4,5,1,0,none,73,Viseu,historic,0.32,5,Apartment,0,0,3.49,1,130.0
7,1,0,0,sports_event,38,Aveiro,coastal,0.48,3,Apartment,0,0,4.21,1,200.0
10,5,1,0,none,50,Setúbal,coastal,0.6,2,Apartment,0,1,4.5,1,221.0
12,1,0,0,none,88,Castelo Branco,historic,0.28,3,Apartment,0,0,4.41,1,87.0
12,4,1,0,festival,79,Évora,historic,0.52,3,Shared_House,0,0,3.95,1,139.0
3,3,0,0,none,30,Vila Real,rural,0.22,1,Apartment,0,0,3.31,0,46.0
8,1,0,0,festival,26,Évora,historic,0.52,2,Apartment,0,0,3.45,0,183.0
2,6,1,0,none,50,Madeira,urban,0.65,2,Apartment,0,0,3.82,0,163.0
9,6,1,0,sports_event,66,Bragança,rural,0.15,2,Room,0,0,3.49,1,78.0
12,4,1,0,fair,88,Évora,historic,0.52,2,House,0,0,4.16,0,257.0
1,0,0,0,none,36,Lisboa,urban,0.92,2,Apartment,1,0,3.82,0,142.0
8,1,0,0,national_holiday,53,Leiria,coastal,0.4,4,Apartment,0,0,3.55,1,162.0
12,1,0,0,none,11,Bragança,rural,0.15,3,Apartment,1,0,3.49,0,64.0
11,6,1,0,none,66,Madeira,urban,0.65,3,Apartment,0,0,3.4,1,176.0
5,2,0,0,none,48,Lisboa,urban,0.92,2,Shared_House,0,0,4.17,0,90.0
2,0,0,0,concert,59,Lisboa,urban,0.92,3,House,0,0,3.83,0,311.0
12,4,1,0,sports_event,21,Faro,coastal,0.78,2,House,1,0,4.21,1,531.0
12,6,1,0,national_holiday,39,Évora,historic,0.52,5,House,1,0,4.16,1,358.0
7,3,0,0,sports_event,6,Coimbra,urban,0.55,2,House,1,0,4.1,1,241.0
12,3,0,1,national_holiday,33,Aveiro,coastal,0.48,4,Room,1,0,4.52,1,150.0
1,1,0,0,fair,33,Aveiro,coastal,0.48,3,Apartment,1,0,3.46,0,122.0
8,6,1,0,national_holiday,42,Coimbra,urban,0.55,4,House,1,1,4.53,0,317.0
1,0,0,0,concert,88,Santarém,urban,0.35,5,House,1,1,4.4,1,208.0
12,6,1,1,festival,56,Santarém,urban,0.35,4,Apartment,1,0,4.1,1,195.0
9,1,0,0,concert,81,Bragança,rural,0.15,3,Apartment,0,0,3.8,0,82.0
11,0,0,0,none,19,Castelo Branco,historic,0.28,2,Room,0,0,4.22,0,40.0
7,2,0,0,fair,89,Guarda,rural,0.14,3,Shared_House,1,0,4.42,1,87.0
1,0,0,0,national_holiday,55,Braga,urban,0.58,1,Apartment,0,0,3.5,0,116.0
1,0,0,0,sports_event,3,Viana do Castelo,coastal,0.38,2,Apartment,0,0,4.5,1,146.0
5,1,0,0,none,78,Castelo Branco,historic,0.28,4,House,1,0,5.0,1,142.0
9,4,1,0,none,14,Leiria,coastal,0.4,3,Room,0,0,4.17,1,89.0
2,5,1,0,national_holiday,73,Guarda,rural,0.14,2,House,0,1,4.85,1,154.0
11,1,0,0,fair,22,Setúbal,coastal,0.6,5,Shared_House,0,1,4.44,0,162.0
3,4,1,0,concert,61,Madeira,urban,0.65,1,Room,0,0,4.33,1,136.0
6,2,0,0,national_holiday,67,Açores,rural,0.3,5,Apartment,1,0,3.85,0,195.0
3,3,0,0,none,11,Castelo Branco,historic,0.28,4,Apartment,1,0,4.03,0,89.0
6,2,0,0,fair,89,Coimbra,urban,0.55,2,Apartment,0,0,3.71,0,117.0
6,6,1,0,none,80,Coimbra,urban,0.55,1,Room,0,0,4.67,0,78.0
1,3,0,0,none,37,Porto,urban,0.85,5,House,0,1,3.83,0,244.0
7,3,0,0,none,23,Santarém,urban,0.35,1,Shared_House,0,0,5.0,1,41.0
10,6,1,0,none,53,Faro,coastal,0.78,5,Room,0,0,4.42,1,196.0
12,4,1,0,none,72,Setúbal,coastal,0.6,3,Room,1,0,4.4,1,125.0
4,1,0,0,concert,8,Guarda,rural,0.14,2,Apartment,1,0,3.54,0,79.0
11,1,0,0,none,14,Faro,coastal,0.78,3,Apartment,1,0,4.53,0,220.0
11,2,0,0,sports_event,57,Porto,urban,0.85,3,Shared_House,0,0,4.09,0,140.0
12,0,0,0,none,26,Vila Real,rural,0.22,2,House,1,1,3.92,0,109.0
5,4,1,0,fair,82,Faro,coastal,0.78,3,Shared_House,0,0,3.87,0,144.0
11,3,0,0,none,49,Madeira,urban,0.65,2,Apartment,1,0,3.58,1,127.0
7,0,0,0,sports_event,60,Santarém,urban,0.35,1,House,1,0,4.2,1,182.0
1,2,0,0,festival,32,Porto,urban,0.85,4,House,1,1,4.12,0,369.0
4,5,1,0,none,59,Bragança,rural,0.15,3,Apartment,0,0,3.54,0,76.0
9,6,1,0,none,24,Guarda,rural,0.14,3,House,0,0,4.46,0,122.0
2,6,1,0,none,44,Santarém,urban,0.35,3,Shared_House,1,1,5.0,1,107.0
6,6,1,0,none,3,Faro,coastal,0.78,3,House,1,1,3.49,0,478.0
10,4,1,0,none,41,Açores,rural,0.3,2,House,1,0,4.14,0,211.0
2,6,1,0,none,69,Aveiro,coastal,0.48,5,Room,0,0,5.0,1,132.0
6,6,1,0,sports_event,34,Vila Real,rural,0.22,3,Room,1,0,3.81,1,112.0
3,4,1,0,none,6,Porto,urban,0.85,5,Room,1,0,4.42,1,156.0
7,2,0,0,none,74,Castelo Branco,historic,0.28,4,House,1,0,4.4,1,152.0
3,6,1,0,none,27,Guarda,rural,0.14,4,Apartment,0,0,4.53,0,101.0
12,2,0,0,none,59,Madeira,urban,0.65,3,House,0,1,5.0,0,280.0
1,1,0,0,none,65,Setúbal,coastal,0.6,1,Shared_House,1,0,3.31,0,51.0
12,0,0,0,sports_event,27,Portalegre,rural,0.18,2,Shared_House,0,1,4.3,0,87.0
10,3,0,0,festival,27,Beja,rural,0.2,3,House,1,0,3.95,1,168.0
11,0,0,0,none,47,Lisboa,urban,0.92,2,Apartment,1,0,4.18,0,154.0
11,0,0,0,none,42,Porto,urban,0.85,1,Shared_House,1,0,4.22,0,51.0
3,1,0,0,none,11,Guarda,rural,0.14,3,Apartment,1,0,4.05,0,60.0
12,3,0,0,sports_event,8,Leiria,coastal,0.4,2,Apartment,0,0,3.66,0,140.0
8,3,0,0,none,5,Castelo Branco,historic,0.28,2,Apartment,0,0,3.69,1,65.0
12,3,0,0,fair,29,Bragança,rural,0.15,3,House,1,0,5.0,0,154.0
11,3,0,0,festival,13,Castelo Branco,historic,0.28,1,Apartment,1,1,3.51,1,125.0
7,6,1,0,festival,69,Porto,urban,0.85,1,Apartment,0,0,4.81,1,286.0
5,1,0,0,none,79,Castelo Branco,historic,0.28,2,Room,0,1,3.68,1,57.0
2,3,0,0,national_holiday,72,Castelo Branco,historic,0.28,3,House,1,0,4.25,0,167.0
2,4,1,0,none,24,Portalegre,rural,0.18,5,Apartment,1,0,5.0,1,131.0
5,1,0,0,none,31,Portalegre,rural,0.18,2,Apartment,1,0,4.6,0,72.0
10,1,0,0,fair,87,Madeira,urban,0.65,4,Room,0,0,3.48,0,113.0
7,0,0,0,festival,13,Faro,coastal,0.78,2,Apartment,0,0,4.03,0,358.0
6,2,0,0,none,31,Coimbra,urban,0.55,3,Apartment,0,0,4.19,0,106.0
3,1,0,0,none,40,Vila Real,rural,0.22,2,Shared_House,0,0,4.72,0,45.0
7,1,0,0,none,37,Viseu,historic,0.32,4,House,0,0,4.22,1,145.0
8,1,0,0,concert,85,Lisboa,urban,0.92,4,Apartment,0,0,4.12,1,263.0
12,4,1,1,national_holiday,74,Viseu,historic,0.32,3,House,0,1,5.0,1,242.0
9,5,1,0,none,89,Santarém,urban,0.35,1,House,1,1,4.99,1,203.0
8,3,0,0,none,21,Vila Real,rural,0.22,4,House,1,0,4.55,0,153.0
11,0,0,0,national_holiday,7,Évora,historic,0.52,2,House,0,0,3.89,0,229.0
6,5,1,0,festival,82,Porto,urban,0.85,3,Room,0,0,2.87,1,162.0
12,1,0,0,none,13,Viseu,historic,0.32,4,Apartment,0,0,3.56,0,86.0
5,0,0,0,fair,59,Setúbal,coastal,0.6,3,Apartment,0,0,3.43,0,162.0
2,3,0,0,none,81,Guarda,rural,0.14,4,Apartment,1,0,4.17,0,100.0
6,2,0,0,concert,6,Viana do Castelo,coastal,0.38,4,Room,0,0,4.67,1,136.0
2,2,0,0,sports_event,56,Aveiro,coastal,0.48,4,Room,0,0,5.0,1,160.0
2,6,1,1,national_holiday,87,Faro,coastal,0.78,2,Room,1,0,4.84,1,211.0
11,0,0,0,concert,87,Faro,coastal,0.78,2,Apartment,0,0,3.85,1,220.0
10,0,0,0,national_holiday,26,Leiria,coastal,0.4,3,House,1,1,4.33,0,271.0
3,4,1,0,none,24,Faro,coastal,0.78,3,Room,0,0,4.4,0,160.0
11,2,0,0,none,21,Coimbra,urban,0.55,3,Apartment,0,0,3.42,0,81.0
1,5,1,0,concert,54,Açores,rural,0.3,3,Shared_House,0,0,3.76,1,93.0
4,0,0,0,none,81,Leiria,coastal,0.4,4,Apartment,1,0,3.98,0,119.0
9,2,0,0,festival,83,Beja,rural,0.2,2,House,1,1,5.0,1,216.0
4,1,0,0,none,30,Vila Real,rural,0.22,2,Room,0,0,4.39,0,38.0
9,0,0,0,fair,47,Portalegre,rural,0.18,5,Room,1,0,3.54,0,106.0
11,3,0,0,sports_event,66,Lisboa,urban,0.92,2,House,0,1,3.99,1,341.0
1,5,1,0,national_holiday,61,Faro,coastal,0.78,2,Apartment,0,0,4.42,1,363.0
1,1,0,0,none,4,Lisboa,urban,0.92,4,House,0,1,4.07,0,244.0
12,5,1,0,national_holiday,80,Viseu,historic,0.32,2,Apartment,1,1,4.02,1,173.0
7,3,0,0,none,83,Guarda,rural,0.14,3,House,0,0,4.57,1,111.0
7,3,0,0,festival,58,Leiria,coastal,0.4,4,Room,0,0,4.9,1,155.0
6,6,1,0,sports_event,37,Coimbra,urban,0.55,3,Apartment,0,0,4.81,1,227.0
6,2,0,0,none,72,Viseu,historic,0.32,5,House,1,0,4.05,0,164.0
9,1,0,0,festival,17,Bragança,rural,0.15,4,Apartment,0,0,4.12,0,141.0
7,5,1,0,none,20,Coimbra,urban,0.55,3,Room,0,0,4.05,1,93.0
2,0,0,0,none,89,Portalegre,rural,0.18,5,Apartment,0,1,4.73,0,114.0
8,6,1,0,sports_event,32,Portalegre,rural,0.18,2,House,1,0,4.01,1,176.0
9,5,1,0,none,67,Lisboa,urban,0.92,2,Apartment,0,0,3.24,1,235.0
2,6,1,0,sports_event,37,Castelo Branco,historic,0.28,3,Apartment,1,0,4.44,1,157.0
5,3,0,0,none,72,Santarém,urban,0.35,3,House,1,0,4.46,0,142.0
10,4,1,0,none,73,Beja,rural,0.2,2,Apartment,0,0,4.0,1,73.0
8,6,1,1,sports_event,46,Coimbra,urban,0.55,2,House,1,0,5.0,0,294.0
2,0,0,0,none,35,Coimbra,urban,0.55,2,Shared_House,1,1,3.93,0,69.0
1,2,0,0,national_holiday,62,Porto,urban,0.85,2,Apartment,1,0,4.91,0,230.0
7,3,0,0,national_holiday,19,Viana do Castelo,coastal,0.38,2,Apartment,1,0,3.53,0,148.0
6,4,1,0,none,27,Évora,historic,0.52,5,House,1,0,4.34,1,305.0
12,4,1,0,none,5,Açores,rural,0.3,4,Room,0,0,3.8,1,95.0
7,6,1,0,none,47,Coimbra,urban,0.55,3,Apartment,0,0,4.16,1,163.0
12,3,0,0,concert,58,Vila Real,rural,0.22,3,Apartment,0,0,4.58,0,101.0
3,1,0,0,none,35,Santarém,urban,0.35,1,Room,1,0,3.92,1,36.0
6,1,0,0,national_holiday,68,Setúbal,coastal,0.6,3,House,1,0,3.85,1,306.0
2,5,1,0,national_holiday,39,Santarém,urban,0.35,3,Room,0,0,4.09,1,101.0
7,3,0,0,none,19,Santarém,urban,0.35,4,Apartment,1,0,5.0,1,144.0
3,4,1,0,sports_event,1,Aveiro,coastal,0.48,2,Apartment,1,0,4.3,0,212.0
6,3,0,0,none,77,Santarém,urban,0.35,5,House,1,1,4.27,1,191.0
5,5,1,0,festival,73,Setúbal,coastal,0.6,4,Apartment,1,0,4.42,1,282.0
3,1,0,0,none,41,Guarda,rural,0.14,1,House,1,1,3.34,0,76.0
2,1,0,0,sports_event,20,Castelo Branco,historic,0.28,5,Apartment,1,0,4.66,1,179.0
7,5,1,0,none,54,Coimbra,urban,0.55,2,House,1,0,4.56,1,253.0
12,3,0,0,fair,43,Aveiro,coastal,0.48,5,Shared_House,0,0,3.31,0,91.0
3,5,1,0,none,32,Évora,historic,0.52,3,Shared_House,1,0,5.0,1,135.0
5,0,0,0,festival,60,Bragança,rural,0.15,3,Apartment,1,0,4.2,0,135.0
3,1,0,0,national_holiday,21,Porto,urban,0.85,3,Apartment,0,0,3.64,0,200.0
10,6,1,0,sports_event,4,Madeira,urban,0.65,3,Shared_House,1,1,4.36,1,185.0
5,5,1,0,festival,15,Setúbal,coastal,0.6,4,House,1,0,3.75,1,398.0
12,0,0,1,national_holiday,31,Guarda,rural,0.14,4,House,1,0,3.39,0,158.0
3,5,1,0,none,75,Santarém,urban,0.35,3,Room,0,0,4.06,0,63.0
1,0,0,0,none,24,Coimbra,urban,0.55,4,Apartment,0,0,4.09,0,106.0
7,0,0,0,national_holiday,87,Braga,urban,0.58,3,Apartment,1,0,3.41,1,161.0
8,6,1,0,none,12,Porto,urban,0.85,3,Room,0,0,3.81,1,121.0
12,0,0,0,none,90,Faro,coastal,0.78,2,House,1,0,3.68,1,257.0
11,2,0,0,concert,74,Beja,rural,0.2,4,Room,0,0,4.02,0,95.0
11,0,0,0,none,7,Porto,urban,0.85,3,Shared_House,0,0,4.52,1,82.0
8,4,1,0,fair,49,Beja,rural,0.2,3,Apartment,1,0,4.27,1,135.0
5,0,0,0,none,62,Castelo Branco,historic,0.28,3,Room,0,0,4.18,0,55.0
6,2,0,0,none,42,Açores,rural,0.3,4,Apartment,0,0,3.29,0,116.0
2,2,0,0,festival,89,Faro,coastal,0.78,2,Shared_House,1,0,4.19,1,141.0
6,4,1,0,none,12,Santarém,urban,0.35,2,Apartment,0,0,3.66,1,86.0
5,3,0,0,national_holiday,49,Castelo Branco,historic,0.28,2,Apartment,0,0,3.34,0,101.0
1,1,0,0,none,47,Viana do Castelo,coastal,0.38,1,Room,1,0,4.64,0,45.0
3,3,0,0,none,55,Beja,rural,0.2,2,Shared_House,1,0,3.53,0,25.0
7,3,0,0,none,25,Lisboa,urban,0.92,4,Room,0,0,4.25,0,142.0
5,2,0,0,none,44,Guarda,rural,0.14,2,Room,1,0,3.96,0,41.0
12,3,0,0,festival,12,Madeira,urban,0.65,4,Shared_House,1,0,3.72,1,152.0
6,2,0,0,none,12,Vila Real,rural,0.22,5,House,1,0,4.81,0,155.0
12,2,0,0,festival,48,Viseu,historic,0.32,2,Room,0,0,3.9,0,76.0
8,5,1,0,fair,67,Bragança,rural,0.15,3,Apartment,0,0,3.93,0,110.0
1,1,0,0,none,62,Vila Real,rural,0.22,2,Apartment,1,0,3.83,0,60.0
3,2,0,0,sports_event,87,Açores,rural,0.3,3,Apartment,0,0,4.29,1,166.0
9,0,0,0,none,6,Bragança,rural,0.15,3,Shared_House,0,0,4.12,0,43.0
7,4,1,0,concert,40,Madeira,urban,0.65,3,Apartment,0,0,3.85,1,301.0
4,4,1,0,none,6,Açores,rural,0.3,4,Apartment,0,0,3.74,0,158.0
7,4,1,0,festival,33,Setúbal,coastal,0.6,4,Apartment,0,0,4.18,1,277.0
11,1,0,0,none,67,Castelo Branco,historic,0.28,3,Apartment,0,1,3.87,0,86.0
5,3,0,0,none,54,Lisboa,urban,0.92,5,House,1,1,5.0,0,433.0
1,2,0,0,none,19,Madeira,urban,0.65,5,Apartment,1,0,3.94,0,160.0
4,5,1,0,none,7,Bragança,rural,0.15,3,Room,1,0,4.37,1,74.0
12,2,0,0,fair,14,Vila Real,rural,0.22,1,Room,0,0,4.15,0,48.0
10,2,0,0,none,39,Coimbra,urban,0.55,4,House,1,1,4.06,1,187.0
11,3,0,0,national_holiday,87,Portalegre,rural,0.18,5,Apartment,0,0,4.65,1,136.0
11,5,1,0,none,36,Faro,coastal,0.78,3,Room,1,0,4.49,1,166.0
2,4,1,0,none,17,Madeira,urban,0.65,4,House,0,0,4.48,1,336.0
4,5,1,0,none,24,Viana do Castelo,coastal,0.38,2,Apartment,0,0,4.47,1,144.0
1,2,0,0,none,62,Castelo Branco,historic,0.28,3,Apartment,1,0,3.39,0,52.0
1,5,1,0,concert,26,Bragança,rural,0.15,4,Apartment,0,0,4.42,0,138.0
11,6,1,0,none,74,Bragança,rural,0.15,4,House,1,1,4.08,0,163.0
12,3,0,0,fair,4,Viana do Castelo,coastal,0.38,1,Apartment,0,0,3.94,0,105.0
2,4,1,0,none,30,Évora,historic,0.52,1,Room,0,0,5.0,1,87.0
9,6,1,0,none,23,Castelo Branco,historic,0.28,2,House,1,0,3.46,1,133.0
7,5,1,0,none,42,Guarda,rural,0.14,2,Apartment,1,0,4.15,1,94.0
1,1,0,0,sports_event,36,Coimbra,urban,0.55,4,Apartment,1,0,4.11,1,178.0
11,5,1,0,none,50,Guarda,rural,0.14,1,Room,0,0,4.16,0,24.0
11,3,0,1,national_holiday,30,Viseu,historic,0.32,4,Apartment,0,0,3.69,0,130.0
7,1,0,0,none,19,Guarda,rural,0.14,3,Apartment,1,0,4.31,0,89.0
9,2,0,0,none,58,Vila Real,rural,0.22,3,Room,0,0,3.64,0,46.0
5,6,1,0,concert,27,Porto,urban,0.85,3,Apartment,1,0,4.34,1,324.0
10,6,1,0,festival,79,Porto,urban,0.85,4,Apartment,1,1,4.28,1,345.0
6,5,1,0,concert,87,Guarda,rural,0.14,3,House,1,1,4.08,1,193.0
12,6,1,0,none,21,Guarda,rural,0.14,2,House,1,0,4.16,1,103.0
1,4,1,0,sports_event,25,Vila Real,rural,0.22,3,Apartment,0,0,4.99,1,156.0
3,5,1,0,none,86,Évora,historic,0.52,3,Room,0,0,4.49,1,105.0
12,1,0,1,national_holiday,74,Viseu,historic,0.32,2,House,0,0,4.29,0,172.0
4,2,0,0,none,41,Faro,coastal,0.78,5,Apartment,0,0,4.41,0,231.0
4,1,0,0,concert,49,Santarém,urban,0.35,4,Room,1,0,4.22,0,110.0
10,6,1,1,national_holiday,22,Viana do Castelo,coastal,0.38,2,House,1,0,4.48,1,249.0
3,4,1,0,concert,59,Vila Real,rural,0.22,4,Shared_House,0,0,3.9,1,83.0
7,6,1,0,fair,85,Leiria,coastal,0.4,2,Apartment,1,0,5.0,1,172.0
4,2,0,0,fair,42,Guarda,rural,0.14,3,Apartment,0,0,4.29,0,88.0
3,2,0,0,none,40,Portalegre,rural,0.18,2,House,0,0,5.0,0,85.0
12,4,1,0,none,53,Santarém,urban,0.35,1,Shared_House,0,0,5.0,1,51.0
3,3,0,0,concert,74,Beja,rural,0.2,2,Room,0,0,3.95,0,53.0
2,2,0,0,festival,49,Évora,historic,0.52,3,House,0,0,4.32,1,251.0
9,2,0,0,festival,40,Beja,rural,0.2,2,Room,0,0,4.38,1,94.0
11,3,0,0,none,44,Beja,rural,0.2,1,Apartment,0,1,4.67,0,68.0
2,0,0,0,none,2,Braga,urban,0.58,2,Room,0,0,4.27,0,56.0
9,1,0,0,none,73,Beja,rural,0.2,2,House,1,1,4.8,1,112.0
7,0,0,0,sports_event,33,Madeira,urban,0.65,3,Apartment,1,0,3.32,0,229.0
10,1,0,0,none,80,Coimbra,urban,0.55,2,Apartment,1,0,3.9,0,83.0
2,1,0,0,none,34,Coimbra,urban,0.55,3,Apartment,0,0,4.1,0,84.0
12,0,0,0,fair,23,Braga,urban,0.58,3,Apartment,0,0,3.87,0,123.0
8,0,0,1,festival,80,Madeira,urban,0.65,2,Apartment,1,0,3.33,0,255.0
11,5,1,0,fair,13,Vila Real,rural,0.22,4,Apartment,1,0,4.64,1,148.0
5,1,0,0,none,71,Coimbra,urban,0.55,3,House,0,1,3.65,1,154.0
12,3,0,0,none,74,Madeira,urban,0.65,3,House,0,1,3.86,0,222.0
8,0,0,1,national_holiday,20,Guarda,rural,0.14,3,Apartment,1,0,4.58,1,139.0
2,6,1,0,none,20,Porto,urban,0.85,2,House,0,1,4.81,1,353.0
12,1,0,0,sports_event,30,Portalegre,rural,0.18,3,Apartment,0,0,3.92,1,97.0
10,5,1,1,national_holiday,78,Madeira,urban,0.65,5,House,1,1,3.68,1,466.0
4,4,1,0,none,31,Vila Real,rural,0.22,3,Shared_House,0,0,3.79,0,65.0
7,5,1,0,none,10,Santarém,urban,0.35,3,Room,0,0,4.76,1,85.0
5,4,1,0,festival,37,Viana do Castelo,coastal,0.38,3,House,1,1,4.79,1,293.0
7,3,0,0,concert,9,Setúbal,coastal,0.6,5,House,1,0,4.37,1,359.0
12,5,1,0,none,48,Portalegre,rural,0.18,2,Apartment,1,0,4.32,1,85.0
11,5,1,0,none,17,Bragança,rural,0.15,3,Apartment,0,0,3.54,1,77.0
3,2,0,0,none,26,Bragança,rural,0.15,3,Apartment,0,0,4.43,0,60.0
12,6,1,0,sports_event,2,Aveiro,coastal,0.48,4,House,0,0,4.59,1,313.0
6,6,1,0,none,2,Açores,rural,0.3,4,Shared_House,0,0,4.28,1,114.0
9,5,1,0,none,68,Leiria,coastal,0.4,4,Room,0,0,4.3,1,115.0
10,6,1,0,concert,84,Évora,historic,0.52,4,House,1,1,3.68,1,302.0
6,0,0,0,festival,36,Madeira,urban,0.65,3,Room,0,0,4.78,1,184.0
6,3,0,0,concert,2,Viana do Castelo,coastal,0.38,2,Room,1,0,3.52,0,104.0
6,4,1,0,none,86,Castelo Branco,historic,0.28,4,House,1,0,4.19,1,162.0
11,6,1,0,national_holiday,37,Portalegre,rural,0.18,2,Room,0,0,4.43,0,101.0
5,0,0,0,none,33,Braga,urban,0.58,1,House,0,1,4.77,1,149.0
4,5,1,0,none,72,Leiria,coastal,0.4,2,Room,0,0,4.73,1,90.0
5,0,0,0,festival,64,Santarém,urban,0.35,3,Apartment,1,0,4.77,0,162.0
3,2,0,0,none,67,Guarda,rural,0.14,3,House,0,0,4.05,0,81.0
5,4,1,1,festival,62,Évora,historic,0.52,3,Apartment,0,0,5.0,1,257.0
2,2,0,0,none,2,Porto,urban,0.85,3,Apartment,1,0,4.74,0,160.0
2,5,1,0,none,30,Viseu,historic,0.32,1,House,1,0,4.02,0,148.0
9,6,1,0,concert,61,Faro,coastal,0.78,2,Shared_House,1,0,4.06,1,156.0
1,1,0,0,none,81,Coimbra,urban,0.55,5,Room,1,0,4.58,0,105.0
7,1,0,0,sports_event,57,Vila Real,rural,0.22,4,Apartment,0,0,3.97,1,128.0
10,0,0,0,sports_event,36,Lisboa,urban,0.92,4,Apartment,1,0,3.56,0,275.0
9,4,1,0,none,81,Açores,rural,0.3,1,Apartment,0,0,4.24,0,149.0
6,6,1,0,sports_event,50,Castelo Branco,historic,0.28,5,Apartment,0,0,3.06,1,165.0
3,4,1,0,fair,12,Madeira,urban,0.65,4,Apartment,1,1,4.38,1,316.0
12,0,0,0,concert,36,Viseu,historic,0.32,3,Apartment,0,0,4.52,0,138.0
11,1,0,0,none,77,Porto,urban,0.85,3,Apartment,0,1,4.07,0,147.0
8,0,0,0,festival,40,Madeira,urban,0.65,2,Apartment,0,0,4.77,1,277.0
2,3,0,0,fair,50,Braga,urban,0.58,3,Apartment,1,0,4.63,1,139.0
1,5,1,0,festival,5,Lisboa,urban,0.92,4,Room,0,0,3.69,1,223.0
4,1,0,0,none,60,Bragança,rural,0.15,3,Shared_House,0,0,4.22,0,42.0
2,5,1,0,none,28,Vila Real,rural,0.22,1,Room,0,0,3.94,1,35.0
11,1,0,0,sports_event,9,Setúbal,coastal,0.6,3,Apartment,0,0,4.04,0,191.0
3,3,0,0,concert,86,Açores,rural,0.3,4,Apartment,0,0,4.77,0,190.0
4,4,1,0,fair,37,Porto,urban,0.85,4,House,1,1,4.51,1,459.0
12,3,0,0,fair,75,Coimbra,urban,0.55,3,Room,0,0,3.84,0,68.0
10,3,0,0,none,64,Leiria,coastal,0.4,5,House,0,0,4.31,0,169.0
3,2,0,0,festival,80,Aveiro,coastal,0.48,1,Room,0,0,3.82,1,91.0
5,3,0,0,none,39,Évora,historic,0.52,2,House,0,0,3.96,1,162.0
7,1,0,0,none,65,Viseu,historic,0.32,2,Shared_House,1,0,4.97,0,66.0
8,2,0,0,none,85,Faro,coastal,0.78,4,Room,0,0,5.0,1,168.0
12,5,1,0,national_holiday,59,Madeira,urban,0.65,4,Apartment,0,0,5.0,1,313.0
11,6,1,0,none,60,Castelo Branco,historic,0.28,4,Apartment,1,0,4.34,0,119.0
12,5,1,0,none,81,Faro,coastal,0.78,4,House,1,1,4.29,1,507.0
1,2,0,0,none,32,Portalegre,rural,0.18,3,Apartment,1,0,4.71,1,82.0
3,2,0,0,none,49,Setúbal,coastal,0.6,2,Apartment,0,1,4.25,0,131.0
7,0,0,0,festival,66,Beja,rural,0.2,3,House,1,0,3.49,1,165.0
1,1,0,0,none,83,Beja,rural,0.2,3,House,1,0,5.0,0,101.0
5,4,1,0,none,72,Portalegre,rural,0.18,3,Room,0,0,3.61,1,42.0
2,1,0,0,none,38,Portalegre,rural,0.18,2,Apartment,0,0,4.8,0,57.0
12,5,1,0,concert,71,Açores,rural,0.3,2,Shared_House,0,0,4.58,1,111.0
1,0,0,0,sports_event,54,Faro,coastal,0.78,3,Apartment,0,0,5.0,0,302.0
2,2,0,0,fair,42,Lisboa,urban,0.92,1,Shared_House,0,0,4.63,0,78.0
3,1,0,0,none,43,Lisboa,urban,0.92,5,Apartment,0,0,3.91,0,177.0
2,3,0,0,none,69,Lisboa,urban,0.92,1,House,0,0,4.74,1,231.0
7,0,0,0,none,2,Viana do Castelo,coastal,0.38,5,Shared_House,0,1,4.02,0,100.0
5,2,0,0,national_holiday,86,Viana do Castelo,coastal,0.38,1,Apartment,1,0,3.71,0,110.0
11,5,1,0,none,18,Açores,rural,0.3,4,Room,0,0,3.28,0,94.0
4,5,1,0,none,63,Vila Real,rural,0.22,3,House,1,0,4.14,1,130.0
7,1,0,0,national_holiday,84,Beja,rural,0.2,2,Apartment,0,0,3.36,0,100.0
8,3,0,0,national_holiday,19,Évora,historic,0.52,2,House,0,1,4.92,1,338.0
8,4,1,0,none,54,Santarém,urban,0.35,2,Apartment,1,0,3.41,1,117.0
10,3,0,0,concert,49,Beja,rural,0.2,4,House,0,0,4.01,0,137.0
3,3,0,0,none,5,Vila Real,rural,0.22,2,Apartment,0,0,4.03,0,49.0
7,2,0,0,none,59,Porto,urban,0.85,2,Room,0,0,4.29,0,99.0
10,5,1,0,none,88,Castelo Branco,historic,0.28,3,House,1,0,3.77,1,121.0
11,4,1,0,national_holiday,81,Madeira,urban,0.65,3,Apartment,0,0,4.77,1,306.0
8,6,1,0,none,84,Madeira,urban,0.65,3,Apartment,0,1,4.28,1,292.0
8,5,1,0,concert,44,Viana do Castelo,coastal,0.38,1,House,0,1,4.19,1,225.0
11,2,0,0,none,65,Viana do Castelo,coastal,0.38,3,Apartment,0,0,3.87,0,82.0
8,2,0,0,festival,22,Viana do Castelo,coastal,0.38,2,House,1,0,4.47,1,244.0
12,0,0,1,sports_event,26,Aveiro,coastal,0.48,3,Shared_House,0,0,4.9,1,125.0
2,4,1,0,concert,84,Beja,rural,0.2,2,Apartment,0,0,5.0,0,122.0
5,5,1,0,national_holiday,27,Porto,urban,0.85,5,House,0,0,3.73,1,458.0
2,2,0,0,concert,66,Aveiro,coastal,0.48,3,Shared_House,0,0,4.13,0,83.0
2,0,0,0,sports_event,78,Viana do Castelo,coastal,0.38,3,Shared_House,0,1,3.25,0,125.0
6,5,1,0,none,57,Castelo Branco,historic,0.28,4,Apartment,0,0,4.54,1,138.0
3,1,0,0,national_holiday,6,Portalegre,rural,0.18,5,Room,0,0,3.52,0,84.0
5,4,1,0,none,86,Beja,rural,0.2,4,Apartment,0,0,4.34,0,108.0
6,0,0,0,none,22,Castelo Branco,historic,0.28,3,Room,1,0,4.82,0,76.0
8,0,0,0,none,90,Setúbal,coastal,0.6,4,Apartment,0,0,3.99,0,187.0
12,6,1,0,none,15,Braga,urban,0.58,2,Apartment,0,0,3.73,1,140.0
11,4,1,0,festival,32,Guarda,rural,0.14,4,House,0,1,4.86,1,223.0
5,0,0,0,none,65,Guarda,rural,0.14,3,Apartment,1,0,4.56,0,74.0
4,0,0,0,none,5,Vila Real,rural,0.22,3,Apartment,0,1,3.64,0,86.0
10,3,0,0,national_holiday,35,Castelo Branco,historic,0.28,4,Apartment,1,1,4.27,1,167.0
2,4,1,0,national_holiday,82,Braga,urban,0.58,4,Shared_House,1,0,3.77,1,128.0
7,2,0,0,none,83,Castelo Branco,historic,0.28,4,House,1,1,4.73,1,184.0
6,6,1,1,national_holiday,49,Vila Real,rural,0.22,5,House,1,0,4.26,0,229.0
3,4,1,0,none,73,Setúbal,coastal,0.6,3,Apartment,1,0,4.96,1,215.0
8,4,1,0,none,72,Portalegre,rural,0.18,2,Shared_House,0,0,3.73,0,45.0
4,2,0,0,fair,89,Açores,rural,0.3,2,House,1,1,4.31,1,206.0
3,4,1,0,festival,39,Portalegre,rural,0.18,3,Apartment,0,0,4.19,1,133.0
8,6,1,0,concert,27,Beja,rural,0.2,2,House,0,0,4.33,1,176.0
3,0,0,0,none,79,Porto,urban,0.85,3,Apartment,0,0,3.92,0,106.0
9,5,1,0,none,43,Vila Real,rural,0.22,4,Apartment,0,0,3.07,0,95.0
2,6,1,0,none,54,Setúbal,coastal,0.6,2,Apartment,0,0,4.54,0,183.0
6,3,0,0,national_holiday,60,Guarda,rural,0.14,5,House,0,1,4.23,1,199.0
10,5,1,0,none,73,Porto,urban,0.85,4,Apartment,1,0,3.78,1,237.0
3,2,0,0,none,88,Castelo Branco,historic,0.28,5,Room,0,0,3.95,1,81.0
10,1,0,0,none,34,Santarém,urban,0.35,2,Apartment,0,0,3.62,0,64.0
9,5,1,0,sports_event,32,Aveiro,coastal,0.48,3,Apartment,1,0,3.27,1,197.0
11,2,0,0,none,80,Açores,rural,0.3,3,Apartment,1,0,4.72,1,112.0
3,5,1,0,concert,30,Beja,rural,0.2,4,Apartment,0,0,4.49,1,152.0
9,2,0,0,festival,59,Viseu,historic,0.32,5,Apartment,0,0,3.52,0,174.0
12,2,0,0,none,57,Leiria,coastal,0.4,5,Apartment,0,0,5.0,0,154.0
10,4,1,0,none,40,Guarda,rural,0.14,2,Apartment,0,0,3.64,0,68.0
3,2,0,0,none,60,Açores,rural,0.3,3,Shared_House,1,0,4.56,0,70.0
10,5,1,0,sports_event,65,Portalegre,rural,0.18,4,Apartment,1,0,4.2,1,160.0
2,0,0,0,concert,18,Viana do Castelo,coastal,0.38,2,Apartment,0,0,3.57,0,105.0
8,0,0,0,none,17,Setúbal,coastal,0.6,5,House,1,1,4.37,1,316.0
6,0,0,0,festival,41,Lisboa,urban,0.92,4,House,1,0,4.11,1,494.0
7,1,0,0,none,78,Aveiro,coastal,0.48,4,Apartment,1,0,3.88,0,138.0
7,0,0,0,fair,34,Évora,historic,0.52,5,Room,1,0,4.86,1,167.0
1,2,0,1,national_holiday,43,Santarém,urban,0.35,2,House,1,0,4.51,1,160.0
7,0,0,0,concert,38,Castelo Branco,historic,0.28,3,House,1,0,4.56,0,182.0
12,5,1,0,none,72,Açores,rural,0.3,3,House,1,0,4.09,0,223.0
6,1,0,0,none,13,Beja,rural,0.2,4,Room,0,0,4.38,1,76.0
4,6,1,0,national_holiday,55,Porto,urban,0.85,4,Apartment,1,0,4.19,1,335.0
12,5,1,0,none,59,Guarda,rural,0.14,2,Shared_House,0,0,4.45,1,49.0
2,4,1,0,sports_event,19,Lisboa,urban,0.92,3,Apartment,0,0,3.71,0,336.0
6,5,1,0,national_holiday,17,Guarda,rural,0.14,2,House,1,1,3.01,1,174.0
7,5,1,0,concert,64,Madeira,urban,0.65,3,Apartment,0,1,4.88,1,310.0
6,5,1,1,festival,3,Madeira,urban,0.65,5,House,1,0,4.19,1,478.0
12,3,0,0,none,20,Castelo Branco,historic,0.28,2,Room,0,0,4.49,0,67.0
6,4,1,0,national_holiday,45,Santarém,urban,0.35,1,House,1,0,3.86,1,198.0
12,3,0,0,none,1,Lisboa,urban,0.92,3,Apartment,1,0,4.09,1,215.0
1,4,1,0,fair,4,Castelo Branco,historic,0.28,4,Room,1,0,4.96,1,116.0
9,2,0,0,none,57,Madeira,urban,0.65,2,Shared_House,0,0,4.38,0,77.0
8,0,0,0,concert,60,Vila Real,rural,0.22,1,Apartment,0,0,5.0,1,105.0
3,6,1,0,fair,86,Viseu,historic,0.32,3,Apartment,1,0,4.65,1,163.0
3,4,1,0,festival,54,Braga,urban,0.58,3,House,0,0,3.87,1,268.0
9,4,1,0,none,11,Lisboa,urban,0.92,2,Room,0,0,4.42,1,157.0
8,1,0,0,none,52,Viana do Castelo,coastal,0.38,4,Apartment,1,1,5.0,1,185.0
8,5,1,0,concert,3,Setúbal,coastal,0.6,4,Apartment,0,0,4.31,1,257.0
1,3,0,0,festival,9,Aveiro,coastal,0.48,3,House,0,0,4.52,1,243.0
8,0,0,0,none,20,Guarda,rural,0.14,1,Room,0,0,4.91,0,45.0
12,6,1,1,fair,12,Bragança,rural,0.15,3,Apartment,0,0,3.03,1,95.0
1,6,1,1,national_holiday,88,Setúbal,coastal,0.6,2,House,1,1,4.55,1,385.0
6,6,1,0,fair,60,Beja,rural,0.2,3,Room,0,0,4.87,1,101.0
6,3,0,0,festival,53,Setúbal,coastal,0.6,4,Apartment,0,0,3.82,1,244.0
11,1,0,1,national_holiday,3,Braga,urban,0.58,1,Apartment,0,0,4.72,0,170.0
4,0,0,0,fair,13,Braga,urban,0.58,1,Apartment,1,0,4.2,0,113.0
6,5,1,0,none,11,Leiria,coastal,0.4,2,Room,0,0,3.35,1,57.0
9,6,1,0,national_holiday,57,Bragança,rural,0.15,1,House,1,0,4.6,1,177.0
1,0,0,0,festival,69,Aveiro,coastal,0.48,2,Room,0,0,4.2,1,103.0
10,4,1,0,national_holiday,55,Porto,urban,0.85,3,House,1,1,4.16,1,464.0
10,0,0,0,concert,16,Santarém,urban,0.35,4,Apartment,0,1,4.52,1,174.0
9,5,1,0,sports_event,24,Évora,historic,0.52,1,Apartment,1,0,3.73,1,213.0
8,0,0,0,none,45,Setúbal,coastal,0.6,2,Apartment,0,1,4.59,0,177.0
9,6,1,0,none,40,Santarém,urban,0.35,5,House,1,0,3.74,1,194.0
10,1,0,1,national_holiday,9,Guarda,rural,0.14,3,Shared_House,0,0,4.96,0,93.0
11,2,0,0,sports_event,39,Lisboa,urban,0.92,4,House,1,1,4.77,1,435.0
6,4,1,0,fair,22,Açores,rural,0.3,3,House,1,1,4.97,1,359.0
6,5,1,0,none,18,Porto,urban,0.85,1,Apartment,1,0,4.43,1,261.0
8,2,0,0,none,80,Guarda,rural,0.14,2,House,1,0,3.99,0,77.0
3,6,1,0,sports_event,12,Leiria,coastal,0.4,4,Room,0,0,3.84,1,129.0
11,0,0,0,none,68,Vila Real,rural,0.22,4,Room,0,0,3.81,0,64.0
10,3,0,0,none,5,Santarém,urban,0.35,3,Shared_House,1,0,4.11,0,68.0
8,6,1,0,none,17,Açores,rural,0.3,3,Shared_House,0,0,3.86,0,85.0
4,1,0,0,festival,80,Bragança,rural,0.15,3,House,1,0,4.36,1,165.0
5,3,0,0,festival,20,Bragança,rural,0.15,1,Room,0,0,3.8,1,61.0
6,3,0,0,fair,6,Leiria,coastal,0.4,1,Room,0,0,3.89,1,60.0
8,2,0,0,none,43,Évora,historic,0.52,5,House,1,1,4.01,0,253.0
10,5,1,0,none,23,Bragança,rural,0.15,1,Apartment,0,0,3.81,0,64.0
9,3,0,0,concert,57,Portalegre,rural,0.18,2,Shared_House,0,0,4.03,1,75.0
12,4,1,0,national_holiday,50,Lisboa,urban,0.92,3,Shared_House,0,0,4.49,1,188.0
12,3,0,0,none,53,Évora,historic,0.52,3,House,0,1,3.76,0,180.0
9,6,1,0,fair,4,Setúbal,coastal,0.6,5,Apartment,0,0,3.6,1,250.0
5,3,0,0,concert,26,Porto,urban,0.85,1,Apartment,0,0,4.11,1,196.0
8,5,1,1,fair,4,Santarém,urban,0.35,4,Apartment,0,0,3.63,1,148.0
6,4,1,0,none,86,Aveiro,coastal,0.48,2,Room,0,0,4.87,1,106.0
8,5,1,0,none,9,Madeira,urban,0.65,2,Apartment,0,0,3.85,1,233.0
10,6,1,0,none,76,Viseu,historic,0.32,3,House,1,0,4.22,1,169.0
5,1,0,0,concert,79,Setúbal,coastal,0.6,4,Apartment,0,0,4.43,0,231.0
7,2,0,0,fair,59,Vila Real,rural,0.22,3,House,1,0,3.57,0,125.0
1,2,0,0,none,73,Beja,rural,0.2,2,Room,0,0,3.78,0,31.0
9,3,0,0,none,82,Beja,rural,0.2,3,Room,0,0,3.88,0,52.0
6,3,0,0,none,81,Madeira,urban,0.65,1,House,1,1,4.59,1,263.0
6,0,0,1,festival,27,Porto,urban,0.85,4,Apartment,0,0,5.0,1,340.0
7,6,1,0,fair,69,Lisboa,urban,0.92,5,Apartment,0,0,5.0,1,388.0
3,6,1,0,none,27,Viseu,historic,0.32,3,Room,0,0,4.84,0,79.0
8,4,1,0,sports_event,12,Vila Real,rural,0.22,3,Room,0,0,3.58,1,121.0
9,2,0,0,festival,28,Portalegre,rural,0.18,3,Apartment,0,0,3.76,0,117.0
5,5,1,0,fair,85,Guarda,rural,0.14,3,Apartment,1,0,4.89,1,127.0
2,1,0,0,concert,15,Guarda,rural,0.14,1,House,1,1,4.96,1,121.0
5,2,0,1,national_holiday,53,Aveiro,coastal,0.48,2,Room,0,0,4.6,1,114.0
3,6,1,0,sports_event,13,Santarém,urban,0.35,3,Room,0,0,4.6,1,126.0
5,6,1,0,fair,43,Lisboa,urban,0.92,4,Apartment,0,0,3.99,0,311.0
8,4,1,0,national_holiday,82,Lisboa,urban,0.92,2,Shared_House,1,0,5.0,1,173.0
2,1,0,0,festival,86,Vila Real,rural,0.22,4,House,1,1,3.83,0,187.0
9,0,0,0,none,78,Lisboa,urban,0.92,4,House,1,0,3.39,0,243.0
3,6,1,0,festival,76,Portalegre,rural,0.18,5,Apartment,0,0,4.6,1,173.0
11,1,0,0,sports_event,50,Madeira,urban,0.65,5,Apartment,1,0,3.91,1,234.0
9,4,1,0,none,4,Santarém,urban,0.35,1,Apartment,0,0,3.55,1,91.0
4,2,0,0,national_holiday,60,Setúbal,coastal,0.6,3,Apartment,0,0,4.64,1,220.0
7,3,0,0,none,41,Beja,rural,0.2,4,Shared_House,0,0,3.29,0,68.0
2,6,1,0,fair,22,Vila Real,rural,0.22,4,Room,0,0,4.43,1,101.0
2,4,1,0,none,64,Porto,urban,0.85,1,Shared_House,1,0,3.98,1,71.0
12,3,0,0,none,3,Setúbal,coastal,0.6,3,House,1,1,5.0,0,310.0
10,2,0,0,festival,14,Castelo Branco,historic,0.28,5,Apartment,0,0,4.43,0,155.0
2,1,0,0,festival,40,Açores,rural,0.3,2,House,0,0,4.74,0,234.0
4,3,0,0,fair,17,Castelo Branco,historic,0.28,2,House,0,1,3.66,1,136.0
3,3,0,0,festival,61,Porto,urban,0.85,2,Room,0,0,3.35,0,134.0
5,0,0,0,none,72,Porto,urban,0.85,2,House,1,0,4.02,1,248.0
4,2,0,0,national_holiday,62,Bragança,rural,0.15,3,Apartment,0,0,4.51,1,118.0
4,4,1,0,festival,12,Coimbra,urban,0.55,1,Room,1,0,4.24,1,119.0
7,0,0,0,none,55,Bragança,rural,0.15,4,Room,0,0,4.78,1,77.0
3,6,1,0,fair,85,Açores,rural,0.3,2,House,1,0,4.47,0,256.0
11,6,1,0,none,84,Guarda,rural,0.14,4,Apartment,0,0,3.68,0,81.0
9,4,1,0,none,15,Madeira,urban,0.65,1,Apartment,0,0,4.43,1,230.0
10,0,0,0,festival,19,Guarda,rural,0.14,4,Room,0,0,4.29,0,124.0
3,3,0,0,festival,16,Portalegre,rural,0.18,2,Apartment,0,0,4.84,1,133.0
9,6,1,0,none,24,Aveiro,coastal,0.48,3,Room,0,0,3.74,1,103.0
11,0,0,0,national_holiday,82,Lisboa,urban,0.92,2,Apartment,0,0,3.87,0,227.0
3,5,1,0,none,8,Braga,urban,0.58,3,Apartment,1,0,4.4,1,162.0
10,5,1,0,national_holiday,51,Vila Real,rural,0.22,2,Apartment,0,0,4.91,1,152.0
5,0,0,0,none,85,Viana do Castelo,coastal,0.38,1,Apartment,1,1,4.1,1,95.0
10,1,0,0,none,75,Açores,rural,0.3,4,Apartment,0,0,4.5,1,123.0
6,5,1,0,none,41,Beja,rural,0.2,2,Room,0,0,4.22,0,52.0
10,6,1,0,none,49,Leiria,coastal,0.4,5,Apartment,0,0,4.18,1,165.0
2,5,1,0,none,37,Beja,rural,0.2,3,Apartment,1,1,4.78,1,134.0
5,3,0,0,fair,61,Coimbra,urban,0.55,1,Room,0,0,4.25,0,72.0
4,4,1,0,concert,89,Braga,urban,0.58,5,House,1,0,3.98,1,278.0
3,3,0,0,concert,53,Açores,rural,0.3,2,Apartment,0,0,3.95,0,113.0
4,4,1,0,none,39,Guarda,rural,0.14,4,Room,0,0,4.05,0,75.0
5,5,1,0,fair,82,Guarda,rural,0.14,2,Apartment,1,0,3.85,0,96.0
2,0,0,0,none,31,Coimbra,urban,0.55,3,House,1,0,4.08,0,143.0
9,1,0,0,sports_event,6,Beja,rural,0.2,4,Apartment,1,0,4.23,1,139.0
7,0,0,0,sports_event,19,Coimbra,urban,0.55,1,Apartment,1,0,4.34,1,178.0
10,5,1,0,none,59,Viseu,historic,0.32,3,Apartment,0,0,3.71,1,104.0
9,5,1,0,none,40,Lisboa,urban,0.92,2,Room,0,0,3.99,1,123.0
2,0,0,0,national_holiday,81,Viseu,historic,0.32,4,Apartment,0,0,4.01,0,140.0
1,0,0,0,none,62,Bragança,rural,0.15,2,Room,1,1,3.82,0,43.0
6,1,0,0,sports_event,52,Coimbra,urban,0.55,1,Room,1,1,3.91,1,107.0
6,1,0,0,national_holiday,83,Aveiro,coastal,0.48,2,Apartment,1,0,4.65,0,188.0
3,3,0,0,none,67,Faro,coastal,0.78,3,Apartment,1,0,4.88,1,216.0
10,3,0,0,none,18,Madeira,urban,0.65,5,Apartment,1,0,4.04,1,192.0
7,2,0,0,none,64,Açores,rural,0.3,5,Apartment,1,0,3.84,0,135.0
9,1,0,0,concert,63,Beja,rural,0.2,4,Shared_House,0,0,4.16,1,81.0
2,4,1,0,none,85,Leiria,coastal,0.4,4,Apartment,0,0,4.24,0,138.0
10,5,1,0,none,1,Évora,historic,0.52,4,House,1,0,4.55,1,312.0
3,4,1,0,none,15,Porto,urban,0.85,3,Apartment,0,0,4.0,0,216.0
6,5,1,0,national_holiday,73,Viana do Castelo,coastal,0.38,2,House,1,0,3.93,1,238.0
6,6,1,0,fair,87,Lisboa,urban,0.92,3,Apartment,1,0,5.0,1,349.0
10,5,1,0,festival,26,Guarda,rural,0.14,2,Apartment,0,0,3.55,1,117.0
4,4,1,0,national_holiday,87,Açores,rural,0.3,4,Apartment,0,0,4.65,1,245.0
3,0,0,0,sports_event,4,Vila Real,rural,0.22,3,Shared_House,1,0,4.94,1,96.0
5,2,0,0,national_holiday,64,Viana do Castelo,coastal,0.38,2,House,1,1,4.07,1,234.0
5,2,0,0,none,36,Castelo Branco,historic,0.28,4,Apartment,1,0,4.42,0,101.0
3,4,1,0,none,58,Castelo Branco,historic,0.28,1,Room,0,0,3.36,1,26.0
3,5,1,0,fair,81,Braga,urban,0.58,5,Room,0,0,4.21,1,129.0
3,4,1,0,none,52,Porto,urban,0.85,5,House,0,0,4.78,0,378.0
6,2,0,0,none,21,Lisboa,urban,0.92,3,Shared_House,0,0,4.26,0,105.0
5,5,1,0,concert,86,Faro,coastal,0.78,4,Apartment,1,0,4.22,1,394.0
5,4,1,0,festival,26,Porto,urban,0.85,1,Room,0,0,5.0,1,182.0
9,5,1,0,none,46,Lisboa,urban,0.92,3,Room,0,0,4.61,1,158.0
3,4,1,0,none,16,Coimbra,urban,0.55,5,House,1,1,4.55,1,289.0
11,4,1,0,none,79,Viseu,historic,0.32,1,House,1,1,3.79,0,123.0
10,2,0,0,none,89,Bragança,rural,0.15,2,Apartment,0,0,2.98,0,33.0
3,2,0,0,none,35,Aveiro,coastal,0.48,2,Apartment,0,0,4.39,0,92.0
4,1,0,0,festival,39,Coimbra,urban,0.55,3,Apartment,0,1,4.2,1,180.0
3,1,0,0,concert,42,Aveiro,coastal,0.48,4,Shared_House,1,0,4.58,0,116.0
4,4,1,0,none,86,Portalegre,rural,0.18,1,Apartment,1,0,4.26,0,76.0
5,2,0,0,none,55,Madeira,urban,0.65,2,House,1,1,4.22,0,247.0
2,0,0,0,sports_event,9,Santarém,urban,0.35,4,Apartment,1,0,4.22,1,147.0
1,0,0,0,none,68,Madeira,urban,0.65,2,Apartment,1,0,3.65,0,112.0
6,6,1,0,none,41,Viseu,historic,0.32,2,Apartment,1,0,3.28,1,107.0
9,3,0,0,none,7,Vila Real,rural,0.22,2,Shared_House,0,0,3.76,0,25.0
4,4,1,0,sports_event,43,Madeira,urban,0.65,4,Apartment,0,0,3.65,1,282.0
11,6,1,0,none,6,Évora,historic,0.52,1,Apartment,0,0,4.18,0,132.0
5,0,0,0,none,24,Porto,urban,0.85,2,Apartment,1,0,3.38,0,145.0
11,6,1,0,festival,67,Bragança,rural,0.15,3,House,0,1,3.96,0,195.0
3,4,1,0,concert,45,Setúbal,coastal,0.6,1,House,1,1,5.0,1,363.0
7,4,1,0,sports_event,40,Braga,urban,0.58,5,Apartment,0,0,4.16,1,218.0
10,3,0,0,national_holiday,32,Castelo Branco,historic,0.28,4,Apartment,0,0,4.22,0,151.0
1,4,1,0,sports_event,80,Viana do Castelo,coastal,0.38,3,Apartment,1,1,4.21,1,196.0
12,1,0,0,none,23,Santarém,urban,0.35,3,Apartment,0,0,4.31,0,88.0
5,2,0,0,none,85,Vila Real,rural,0.22,2,Room,0,0,3.94,0,29.0
6,6,1,0,none,33,Guarda,rural,0.14,3,Room,0,0,4.12,1,62.0
8,1,0,0,none,36,Vila Real,rural,0.22,2,Apartment,0,0,3.93,0,68.0
8,5,1,0,none,58,Vila Real,rural,0.22,3,House,1,1,3.45,1,157.0
1,6,1,0,none,69,Coimbra,urban,0.55,2,Apartment,1,0,4.79,1,150.0
11,4,1,0,sports_event,43,Bragança,rural,0.15,4,Apartment,1,0,3.76,1,142.0
8,2,0,0,sports_event,58,Lisboa,urban,0.92,2,House,1,1,5.0,1,528.0
12,5,1,0,none,37,Açores,rural,0.3,3,Room,0,0,3.82,0,79.0
6,5,1,0,none,70,Setúbal,coastal,0.6,2,Apartment,0,0,3.52,1,177.0
8,3,0,0,none,77,Braga,urban,0.58,2,Apartment,0,0,5.0,0,130.0
6,0,0,0,none,78,Madeira,urban,0.65,3,Apartment,0,0,3.46,0,123.0
11,3,0,0,none,59,Viana do Castelo,coastal,0.38,3,Apartment,1,0,3.07,0,75.0
10,3,0,0,none,26,Viseu,historic,0.32,5,House,0,0,3.48,0,130.0
11,1,0,0,none,58,Braga,urban,0.58,2,Room,0,0,4.13,1,45.0
7,2,0,0,national_holiday,57,Braga,urban,0.58,1,Apartment,0,0,3.53,1,140.0
10,1,0,0,festival,21,Beja,rural,0.2,3,Room,0,0,3.92,1,94.0
5,4,1,0,festival,77,Guarda,rural,0.14,2,Shared_House,0,0,3.18,1,59.0
6,3,0,0,none,68,Viana do Castelo,coastal,0.38,4,Apartment,0,0,4.74,1,146.0
10,5,1,0,none,40,Açores,rural,0.3,2,House,1,0,4.41,1,226.0
1,3,0,0,none,4,Faro,coastal,0.78,4,Apartment,1,1,3.57,0,207.0
9,4,1,0,national_holiday,65,Leiria,coastal,0.4,3,House,1,0,3.04,0,254.0
1,5,1,0,none,20,Açores,rural,0.3,2,Room,0,0,3.75,1,67.0
7,1,0,0,none,68,Faro,coastal,0.78,3,Room,0,0,4.53,1,137.0
6,3,0,0,national_holiday,38,Coimbra,urban,0.55,3,Apartment,0,0,4.74,1,198.0
6,5,1,0,none,65,Leiria,coastal,0.4,3,Room,0,0,4.08,1,103.0
6,4,1,0,none,81,Viana do Castelo,coastal,0.38,2,House,1,1,3.95,1,220.0
6,1,0,0,festival,9,Faro,coastal,0.78,3,Room,0,0,3.91,0,200.0
5,5,1,0,none,3,Lisboa,urban,0.92,4,Room,0,0,4.35,1,186.0
6,1,0,0,national_holiday,61,Braga,urban,0.58,3,Room,0,0,4.64,0,121.0
7,6,1,0,none,41,Setúbal,coastal,0.6,3,Apartment,1,0,4.13,1,235.0
10,4,1,0,concert,63,Bragança,rural,0.15,4,Apartment,0,0,4.01,1,134.0
7,2,0,0,none,11,Aveiro,coastal,0.48,3,Room,1,0,4.59,0,91.0
8,1,0,0,concert,79,Santarém,urban,0.35,3,Apartment,0,0,4.95,1,148.0
11,6,1,0,fair,21,Coimbra,urban,0.55,2,House,1,1,4.06,1,230.0
12,3,0,0,fair,12,Beja,rural,0.2,2,House,1,1,4.24,1,149.0
2,5,1,0,fair,37,Coimbra,urban,0.55,2,Room,0,0,3.82,1,87.0
9,5,1,0,sports_event,74,Santarém,urban,0.35,3,Room,0,0,4.24,1,116.0
3,0,0,0,none,9,Portalegre,rural,0.18,4,Apartment,0,1,3.74,0,89.0
3,4,1,0,none,46,Leiria,coastal,0.4,2,House,0,0,4.91,1,211.0
10,2,0,0,none,75,Porto,urban,0.85,4,Room,1,0,4.64,0,118.0
1,6,1,0,none,47,Évora,historic,0.52,1,Apartment,0,0,5.0,1,151.0
11,1,0,0,none,8,Bragança,rural,0.15,2,House,1,0,3.92,0,78.0
10,0,0,0,concert,19,Castelo Branco,historic,0.28,2,House,1,0,5.0,1,161.0
12,4,1,0,sports_event,53,Bragança,rural,0.15,3,Apartment,1,1,4.32,0,167.0
9,3,0,0,national_holiday,59,Guarda,rural,0.14,2,Apartment,0,0,4.13,0,93.0
11,3,0,0,none,15,Guarda,rural,0.14,1,Apartment,0,0,4.83,1,45.0
2,1,0,0,concert,36,Viseu,historic,0.32,3,Room,0,0,3.69,0,77.0
11,3,0,0,concert,10,Madeira,urban,0.65,3,Apartment,0,0,4.22,0,214.0
2,6,1,0,national_holiday,52,Aveiro,coastal,0.48,3,Apartment,0,0,4.12,1,206.0
4,5,1,0,concert,42,Santarém,urban,0.35,2,House,1,0,4.41,1,209.0
2,6,1,0,none,59,Portalegre,rural,0.18,2,Apartment,1,0,3.98,0,79.0
5,2,0,0,none,32,Leiria,coastal,0.4,2,Apartment,0,0,3.93,1,99.0
9,6,1,0,national_holiday,89,Portalegre,rural,0.18,2,Apartment,0,0,4.01,1,135.0
4,2,0,0,sports_event,5,Aveiro,coastal,0.48,3,Apartment,1,0,4.05,0,183.0
10,6,1,0,concert,22,Guarda,rural,0.14,3,Apartment,1,0,4.24,1,122.0
8,6,1,0,concert,6,Setúbal,coastal,0.6,5,House,0,0,4.84,1,398.0
8,1,0,0,sports_event,78,Beja,rural,0.2,4,Apartment,0,0,3.12,1,128.0
12,6,1,1,concert,27,Portalegre,rural,0.18,1,Apartment,0,0,4.58,1,101.0
6,4,1,0,national_holiday,3,Portalegre,rural,0.18,2,Apartment,0,0,3.96,1,143.0
5,5,1,1,fair,71,Évora,historic,0.52,5,Apartment,0,0,4.11,1,248.0
12,4,1,1,national_holiday,81,Madeira,urban,0.65,2,Apartment,0,0,3.66,1,279.0
7,1,0,0,none,77,Leiria,coastal,0.4,3,Apartment,0,0,4.22,0,114.0
8,6,1,0,none,19,Viana do Castelo,coastal,0.38,3,Apartment,0,0,4.0,1,143.0
4,0,0,1,national_holiday,6,Leiria,coastal,0.4,3,House,1,0,4.09,1,255.0
3,5,1,0,concert,27,Bragança,rural,0.15,1,Shared_House,0,0,4.49,1,49.0
3,1,0,0,fair,16,Vila Real,rural,0.22,2,Apartment,1,0,4.52,0,108.0
3,5,1,0,none,70,Madeira,urban,0.65,1,Room,0,0,4.91,1,115.0
3,2,0,0,none,31,Castelo Branco,historic,0.28,2,Apartment,0,0,3.9,1,62.0
9,1,0,0,none,41,Leiria,coastal,0.4,2,Apartment,1,0,4.54,1,119.0
1,1,0,0,concert,59,Setúbal,coastal,0.6,3,Apartment,1,0,4.52,0,189.0
8,2,0,0,festival,40,Viseu,historic,0.32,3,Apartment,0,1,4.24,1,185.0
12,6,1,0,none,26,Vila Real,rural,0.22,1,House,0,0,5.0,1,112.0
10,5,1,0,none,20,Açores,rural,0.3,1,Apartment,0,0,3.88,0,116.0
5,4,1,0,festival,20,Bragança,rural,0.15,5,Room,0,0,4.28,1,127.0
1,4,1,0,festival,12,Vila Real,rural,0.22,2,House,0,0,4.35,1,180.0
11,2,0,0,concert,53,Santarém,urban,0.35,2,Room,0,0,3.6,0,55.0
1,6,1,0,national_holiday,21,Setúbal,coastal,0.6,3,Apartment,0,1,4.83,1,285.0
9,1,0,0,none,62,Santarém,urban,0.35,2,Apartment,1,0,4.15,1,86.0
9,6,1,0,none,33,Faro,coastal,0.78,2,Room,0,0,4.42,1,172.0
3,2,0,0,none,44,Beja,rural,0.2,1,House,1,0,4.99,0,70.0
9,2,0,0,none,76,Coimbra,urban,0.55,5,House,1,0,4.31,0,196.0
3,3,0,0,none,61,Coimbra,urban,0.55,3,Apartment,1,0,4.22,1,114.0
3,5,1,0,none,27,Aveiro,coastal,0.48,3,House,1,0,4.23,1,222.0
10,4,1,0,none,1,Açores,rural,0.3,5,House,0,0,3.7,0,243.0
12,5,1,0,concert,66,Porto,urban,0.85,3,Apartment,0,0,4.01,1,288.0
4,0,0,0,none,30,Guarda,rural,0.14,2,Room,0,0,4.12,0,45.0
12,1,0,0,concert,7,Castelo Branco,historic,0.28,3,Room,0,0,4.25,1,86.0
11,5,1,1,national_holiday,55,Viseu,historic,0.32,3,Apartment,0,0,4.89,1,165.0
10,6,1,0,none,73,Santarém,urban,0.35,2,Apartment,1,0,4.66,1,108.0
2,0,0,0,none,59,Beja,rural,0.2,4,Room,0,0,3.91,0,69.0
4,6,1,0,none,75,Setúbal,coastal,0.6,1,House,1,1,4.19,1,302.0
9,1,0,0,none,18,Açores,rural,0.3,2,Shared_House,0,0,4.9,0,79.0
12,6,1,0,concert,77,Porto,urban,0.85,2,House,0,1,3.34,1,376.0
10,6,1,1,fair,30,Aveiro,coastal,0.48,1,Apartment,0,0,4.09,1,167.0
6,4,1,0,none,48,Açores,rural,0.3,5,Apartment,0,1,3.55,0,207.0
3,1,0,0,none,21,Aveiro,coastal,0.48,3,House,0,1,5.0,0,201.0
12,5,1,0,none,56,Santarém,urban,0.35,1,House,1,1,4.59,1,181.0
4,0,0,0,concert,81,Guarda,rural,0.14,3,Shared_House,1,1,3.95,0,93.0
5,2,0,0,none,88,Lisboa,urban,0.92,4,Room,0,0,4.18,0,116.0
12,4,1,1,national_holiday,27,Viana do Castelo,coastal,0.38,3,Shared_House,0,0,3.79,1,109.0
7,0,0,0,fair,37,Viana do Castelo,coastal,0.38,3,Room,0,0,5.0,1,122.0
4,2,0,0,fair,80,Beja,rural,0.2,4,House,1,0,3.05,0,100.0
1,5,1,0,sports_event,28,Évora,historic,0.52,2,House,1,1,4.36,1,332.0
6,0,0,0,none,80,Castelo Branco,historic,0.28,3,House,1,1,4.16,0,163.0
12,2,0,0,none,49,Castelo Branco,historic,0.28,3,House,1,0,3.69,1,89.0
6,0,0,0,none,48,Coimbra,urban,0.55,4,Room,0,0,4.07,1,92.0
9,4,1,0,sports_event,85,Madeira,urban,0.65,5,Apartment,1,0,3.39,1,283.0
4,0,0,0,concert,79,Viana do Castelo,coastal,0.38,5,Shared_House,0,1,4.98,1,148.0
10,1,0,0,none,83,Portalegre,rural,0.18,2,House,1,0,4.21,0,71.0
10,3,0,0,fair,7,Guarda,rural,0.14,4,Apartment,0,0,4.66,0,120.0
8,1,0,0,none,11,Aveiro,coastal,0.48,3,Apartment,1,0,3.96,0,129.0
10,1,0,0,concert,12,Setúbal,coastal,0.6,2,Apartment,0,0,4.87,0,194.0
7,5,1,0,none,49,Évora,historic,0.52,5,House,1,0,4.22,1,318.0
5,5,1,0,none,37,Setúbal,coastal,0.6,4,Apartment,0,0,4.74,1,239.0
9,0,0,0,none,20,Vila Real,rural,0.22,4,Apartment,0,0,4.48,0,95.0
11,6,1,0,sports_event,63,Porto,urban,0.85,1,Apartment,0,0,4.18,1,256.0
11,3,0,0,none,21,Portalegre,rural,0.18,2,Apartment,0,0,4.7,1,67.0
3,1,0,0,none,88,Leiria,coastal,0.4,5,Shared_House,1,0,5.0,1,99.0
9,6,1,0,concert,33,Aveiro,coastal,0.48,5,House,1,1,3.63,1,326.0
1,2,0,0,concert,43,Viseu,historic,0.32,2,Apartment,1,0,4.14,0,98.0
7,2,0,0,sports_event,6,Portalegre,rural,0.18,2,Shared_House,0,0,3.55,0,49.0
7,1,0,0,sports_event,1,Açores,rural,0.3,3,Apartment,1,0,4.41,0,207.0
5,6,1,0,sports_event,15,Guarda,rural,0.14,1,Shared_House,1,0,4.31,1,78.0
12,2,0,0,sports_event,17,Bragança,rural,0.15,3,Shared_House,0,0,5.0,0,91.0
11,4,1,1,national_holiday,9,Faro,coastal,0.78,5,House,0,1,4.07,1,588.0
1,1,0,0,none,40,Viseu,historic,0.32,2,House,0,0,4.68,0,100.0
3,6,1,0,none,64,Bragança,rural,0.15,4,Room,0,1,3.16,0,73.0
3,5,1,0,none,63,Lisboa,urban,0.92,3,Apartment,0,1,4.28,1,292.0
11,3,0,0,none,73,Açores,rural,0.3,2,Apartment,0,0,3.77,0,91.0
7,2,0,0,none,53,Açores,rural,0.3,3,Apartment,0,0,4.5,0,122.0
9,4,1,0,none,13,Vila Real,rural,0.22,3,Apartment,0,0,4.78,1,104.0
10,3,0,0,concert,79,Vila Real,rural,0.22,4,Apartment,0,0,3.9,0,117.0
10,6,1,0,sports_event,77,Évora,historic,0.52,3,Room,0,0,4.47,1,142.0
2,4,1,0,festival,24,Portalegre,rural,0.18,5,Apartment,1,0,4.02,0,166.0
2,0,0,0,national_holiday,78,Faro,coastal,0.78,1,Apartment,0,0,4.22,0,232.0
5,5,1,1,national_holiday,49,Viana do Castelo,coastal,0.38,5,Apartment,0,0,4.41,1,212.0
5,1,0,0,none,35,Beja,rural,0.2,3,Apartment,0,0,3.7,0,60.0
9,2,0,0,none,13,Leiria,coastal,0.4,2,Room,0,0,3.7,0,46.0
2,3,0,0,festival,85,Portalegre,rural,0.18,1,Room,0,0,4.63,1,73.0
5,1,0,0,none,59,Setúbal,coastal,0.6,2,House,1,0,3.86,0,192.0
3,6,1,0,fair,40,Coimbra,urban,0.55,3,House,1,1,4.84,1,293.0
3,6,1,0,none,69,Braga,urban,0.58,5,Room,0,0,3.31,0,110.0
3,1,0,0,none,70,Castelo Branco,historic,0.28,4,Apartment,0,0,4.67,0,102.0
3,2,0,0,festival,47,Faro,coastal,0.78,1,House,1,0,4.2,1,399.0
7,2,0,0,none,20,Portalegre,rural,0.18,2,Apartment,0,0,4.15,1,74.0
5,4,1,0,sports_event,41,Vila Real,rural,0.22,3,Apartment,0,0,4.27,1,144.0
6,4,1,0,sports_event,55,Bragança,rural,0.15,4,Shared_House,0,0,3.48,1,117.0
6,4,1,0,concert,17,Setúbal,coastal,0.6,4,Room,0,0,4.76,1,193.0
9,0,0,0,festival,11,Braga,urban,0.58,2,House,1,0,3.98,0,250.0
11,3,0,0,none,85,Viana do Castelo,coastal,0.38,1,Apartment,0,1,3.78,0,72.0
7,1,0,0,none,53,Viseu,historic,0.32,2,Room,0,0,5.0,0,75.0
8,1,0,0,sports_event,55,Vila Real,rural,0.22,3,Shared_House,0,1,4.03,0,117.0
9,5,1,0,none,40,Vila Real,rural,0.22,1,Shared_House,0,0,3.77,1,20.0
9,0,0,0,none,74,Açores,rural,0.3,2,Room,0,0,4.61,0,73.0
2,0,0,0,none,34,Beja,rural,0.2,4,House,1,0,4.33,0,109.0
12,3,0,0,sports_event,3,Viana do Castelo,coastal,0.38,3,Apartment,0,0,4.7,1,179.0
2,5,1,0,none,70,Lisboa,urban,0.92,5,Apartment,0,0,4.24,0,282.0
5,3,0,0,national_holiday,23,Braga,urban,0.58,4,Apartment,0,0,4.68,1,196.0
8,1,0,0,none,69,Faro,coastal,0.78,2,House,1,0,5.0,1,362.0
5,5,1,0,none,44,Portalegre,rural,0.18,1,Shared_House,1,0,3.82,1,43.0
3,2,0,0,none,33,Évora,historic,0.52,3,Room,0,0,3.97,0,67.0
12,4,1,0,none,49,Açores,rural,0.3,4,Apartment,0,0,3.4,0,152.0
1,1,0,0,none,40,Portalegre,rural,0.18,3,Apartment,1,1,4.39,0,102.0
3,6,1,0,sports_event,37,Viseu,historic,0.32,5,Apartment,1,0,4.26,1,198.0
12,1,0,0,none,25,Aveiro,coastal,0.48,4,House,1,1,4.83,1,251.0
9,6,1,0,none,31,Porto,urban,0.85,3,Room,0,0,4.19,1,151.0
2,2,0,0,none,30,Santarém,urban,0.35,1,Room,0,0,4.16,0,19.0
10,5,1,0,none,41,Beja,rural,0.2,2,Room,0,0,4.3,1,54.0
12,3,0,0,national_holiday,88,Évora,historic,0.52,3,House,0,0,4.08,0,263.0
2,0,0,0,none,33,Guarda,rural,0.14,2,House,1,0,4.38,0,70.0
5,0,0,0,concert,57,Aveiro,coastal,0.48,4,Shared_House,1,0,4.31,1,119.0
6,2,0,0,none,4,Leiria,coastal,0.4,3,House,0,0,4.47,1,187.0
2,1,0,0,none,1,Açores,rural,0.3,2,Apartment,1,0,4.09,0,92.0
3,4,1,0,concert,63,Porto,urban,0.85,4,Apartment,1,0,4.48,1,318.0
3,0,0,0,none,61,Portalegre,rural,0.18,3,Apartment,0,0,4.51,0,82.0
3,4,1,0,fair,70,Vila Real,rural,0.22,2,Apartment,0,0,4.04,0,100.0
5,1,0,0,none,51,Leiria,coastal,0.4,3,House,0,0,4.16,0,156.0
6,1,0,0,none,29,Bragança,rural,0.15,3,Room,0,0,4.11,0,62.0
3,2,0,0,fair,9,Setúbal,coastal,0.6,3,Apartment,0,1,3.59,0,177.0
4,4,1,0,none,87,Setúbal,coastal,0.6,2,Apartment,1,0,3.96,1,195.0
3,2,0,0,national_holiday,17,Viana do Castelo,coastal,0.38,3,Apartment,0,0,4.58,0,156.0
10,2,0,0,national_holiday,89,Guarda,rural,0.14,3,Room,0,0,4.62,0,92.0
3,2,0,0,none,25,Faro,coastal,0.78,1,Apartment,0,0,4.37,0,158.0
11,2,0,0,none,52,Beja,rural,0.2,2,Apartment,0,1,3.69,0,75.0
7,2,0,0,concert,9,Lisboa,urban,0.92,3,House,0,0,4.69,1,438.0
10,5,1,0,none,72,Braga,urban,0.58,2,House,1,1,5.0,1,240.0
8,4,1,0,sports_event,37,Viana do Castelo,coastal,0.38,5,Apartment,0,0,4.5,1,226.0
4,2,0,0,none,50,Coimbra,urban,0.55,2,Room,0,0,4.2,0,52.0
8,5,1,0,none,12,Coimbra,urban,0.55,4,Apartment,1,0,3.77,1,191.0
4,3,0,0,none,24,Coimbra,urban,0.55,5,House,1,1,4.19,1,222.0
2,6,1,0,concert,37,Castelo Branco,historic,0.28,2,House,1,0,3.95,1,178.0
4,3,0,0,sports_event,7,Açores,rural,0.3,3,Apartment,1,0,4.1,0,184.0
4,1,0,0,festival,67,Santarém,urban,0.35,1,Apartment,1,0,4.84,0,143.0
2,3,0,0,none,31,Setúbal,coastal,0.6,3,House,1,0,4.64,0,212.0
1,5,1,0,none,67,Viseu,historic,0.32,5,Apartment,0,0,4.03,1,116.0
12,1,0,0,none,17,Portalegre,rural,0.18,5,Apartment,1,0,4.24,0,90.0
7,1,0,0,none,4,Évora,historic,0.52,3,Apartment,0,0,4.2,0,142.0
5,4,1,0,none,84,Castelo Branco,historic,0.28,4,Apartment,0,0,3.98,1,105.0
12,6,1,0,festival,20,Beja,rural,0.2,4,Room,0,0,3.53,1,109.0
3,2,0,0,none,88,Vila Real,rural,0.22,2,House,1,1,4.61,0,109.0
5,3,0,0,none,63,Faro,coastal,0.78,4,Shared_House,0,0,4.79,0,137.0
11,4,1,0,sports_event,48,Açores,rural,0.3,2,House,1,0,3.9,1,270.0
8,4,1,0,none,58,Vila Real,rural,0.22,5,House,1,0,3.87,0,160.0
5,1,0,0,national_holiday,51,Açores,rural,0.3,4,Apartment,0,0,4.65,0,206.0
4,2,0,0,none,34,Santarém,urban,0.35,3,Apartment,0,0,3.87,0,73.0
1,6,1,0,none,84,Vila Real,rural,0.22,2,Apartment,0,0,3.51,0,60.0
2,6,1,0,fair,6,Faro,coastal,0.78,5,Apartment,1,0,3.98,1,351.0
2,5,1,0,festival,68,Porto,urban,0.85,1,Room,0,0,4.88,1,188.0
10,0,0,0,concert,56,Vila Real,rural,0.22,3,Apartment,0,0,3.94,0,113.0
8,2,0,0,none,15,Braga,urban,0.58,3,Apartment,1,0,3.88,0,130.0
6,0,0,1,national_holiday,60,Guarda,rural,0.14,2,Room,1,0,3.96,1,80.0
10,2,0,0,sports_event,86,Coimbra,urban,0.55,1,Apartment,1,0,3.62,0,123.0
2,6,1,0,none,27,Évora,historic,0.52,2,Room,1,0,3.54,1,79.0
3,2,0,0,festival,52,Beja,rural,0.2,5,Room,1,0,4.07,0,126.0
5,1,0,0,none,35,Vila Real,rural,0.22,4,Apartment,1,0,3.5,0,88.0
12,5,1,1,national_holiday,2,Coimbra,urban,0.55,4,Apartment,0,0,4.0,1,220.0
8,5,1,0,none,6,Guarda,rural,0.14,3,Shared_House,0,0,4.33,0,68.0
11,4,1,0,concert,18,Porto,urban,0.85,3,Room,0,0,4.39,1,155.0
3,5,1,0,none,58,Lisboa,urban,0.92,3,Shared_House,0,0,4.13,1,120.0
11,4,1,0,national_holiday,72,Faro,coastal,0.78,3,Apartment,1,0,3.6,1,351.0
1,4,1,0,none,8,Faro,coastal,0.78,4,House,1,0,3.99,0,404.0
3,6,1,0,none,12,Guarda,rural,0.14,2,Apartment,1,0,4.37,0,79.0
7,2,0,0,none,78,Leiria,coastal,0.4,5,Apartment,1,0,4.51,1,157.0
1,3,0,0,sports_event,77,Leiria,coastal,0.4,5,Apartment,0,1,4.06,0,193.0
11,3,0,0,concert,48,Setúbal,coastal,0.6,3,Room,0,0,3.85,1,116.0
11,4,1,0,none,71,Coimbra,urban,0.55,5,House,1,0,4.24,0,212.0
7,3,0,0,none,20,Setúbal,coastal,0.6,5,Room,1,0,4.02,1,127.0
4,3,0,0,concert,4,Évora,historic,0.52,1,Apartment,0,0,3.69,1,126.0
2,1,0,0,none,82,Portalegre,rural,0.18,1,Shared_House,0,0,4.35,0,27.0
8,4,1,0,festival,30,Castelo Branco,historic,0.28,4,Apartment,0,0,4.21,1,186.0
7,0,0,0,sports_event,33,Beja,rural,0.2,4,Shared_House,0,0,3.65,0,102.0
10,3,0,0,none,46,Vila Real,rural,0.22,2,House,0,1,3.88,0,80.0
8,2,0,0,sports_event,55,Vila Real,rural,0.22,3,Apartment,0,0,4.11,1,122.0
2,5,1,0,sports_event,7,Beja,rural,0.2,3,Room,0,0,3.44,1,85.0
2,3,0,0,none,53,Faro,coastal,0.78,3,House,1,1,3.84,0,287.0
10,0,0,0,none,53,Guarda,rural,0.14,1,Apartment,0,0,4.52,0,36.0
2,3,0,0,none,67,Guarda,rural,0.14,2,Apartment,1,0,3.96,0,51.0
12,1,0,0,concert,89,Coimbra,urban,0.55,4,Shared_House,0,0,3.8,1,90.0
2,2,0,0,festival,65,Setúbal,coastal,0.6,1,Shared_House,0,0,4.74,1,122.0
9,2,0,0,none,55,Leiria,coastal,0.4,3,House,1,1,4.37,0,189.0
12,1,0,0,none,80,Braga,urban,0.58,3,Apartment,1,0,4.55,0,110.0
6,6,1,0,none,45,Bragança,rural,0.15,5,Apartment,0,0,3.81,0,117.0
1,1,0,0,none,5,Madeira,urban,0.65,5,Apartment,1,0,4.06,0,180.0
11,3,0,0,none,79,Setúbal,coastal,0.6,5,House,1,1,4.19,0,253.0
3,5,1,0,none,88,Porto,urban,0.85,3,Apartment,0,0,4.31,0,218.0
7,2,0,0,none,87,Portalegre,rural,0.18,1,Apartment,0,0,5.0,1,57.0
12,6,1,0,festival,83,Faro,coastal,0.78,2,Room,0,0,4.24,1,211.0
9,2,0,0,festival,82,Madeira,urban,0.65,3,Shared_House,1,0,4.74,1,155.0
1,6,1,0,none,62,Aveiro,coastal,0.48,1,Apartment,1,0,5.0,1,149.0
10,3,0,0,festival,4,Braga,urban,0.58,1,Apartment,0,0,5.0,0,194.0
2,0,0,0,none,68,Aveiro,coastal,0.48,2,House,1,1,4.28,0,161.0
9,6,1,0,none,9,Guarda,rural,0.14,2,Apartment,1,0,4.77,0,97.0
8,6,1,0,national_holiday,14,Porto,urban,0.85,3,Apartment,0,0,4.26,1,300.0
4,6,1,0,festival,56,Porto,urban,0.85,5,Apartment,0,0,4.18,1,357.0
6,0,0,0,none,84,Castelo Branco,historic,0.28,2,Apartment,0,0,4.62,1,88.0
2,5,1,0,none,21,Braga,urban,0.58,1,Room,1,0,4.64,0,59.0
12,2,0,0,sports_event,15,Guarda,rural,0.14,3,Apartment,1,0,4.45,1,127.0
3,5,1,0,none,47,Porto,urban,0.85,2,Room,0,0,4.12,1,109.0
4,6,1,0,national_holiday,32,Guarda,rural,0.14,5,Apartment,0,0,3.96,1,158.0
7,1,0,0,none,76,Viseu,historic,0.32,3,House,1,0,3.6,0,120.0
9,2,0,0,none,18,Beja,rural,0.2,2,House,1,0,4.28,0,93.0
7,1,0,0,festival,85,Açores,rural,0.3,4,Room,0,0,4.32,1,140.0
7,2,0,0,sports_event,24,Castelo Branco,historic,0.28,3,Apartment,0,1,4.62,1,175.0
7,4,1,0,none,31,Coimbra,urban,0.55,3,House,0,1,3.47,1,233.0
11,2,0,0,national_holiday,61,Bragança,rural,0.15,2,Shared_House,1,0,4.25,1,74.0
5,4,1,0,fair,77,Bragança,rural,0.15,2,Apartment,0,0,4.1,1,92.0
10,4,1,0,none,44,Santarém,urban,0.35,1,Apartment,1,0,4.17,1,110.0
10,1,0,0,none,46,Coimbra,urban,0.55,4,Apartment,0,0,4.82,1,141.0
12,0,0,0,none,58,Madeira,urban,0.65,2,Shared_House,0,0,4.84,0,75.0
11,5,1,0,festival,60,Braga,urban,0.58,2,Apartment,0,0,4.71,0,199.0
10,1,0,0,festival,71,Faro,coastal,0.78,3,Apartment,1,0,4.25,1,320.0
3,1,0,0,none,12,Viseu,historic,0.32,3,Shared_House,0,1,4.11,1,75.0
10,4,1,0,national_holiday,86,Faro,coastal,0.78,2,Apartment,0,0,4.8,1,372.0
9,1,0,0,none,6,Guarda,rural,0.14,5,Apartment,0,1,5.0,0,131.0
4,1,0,0,concert,22,Portalegre,rural,0.18,3,House,1,1,5.0,1,169.0
9,2,0,0,concert,71,Bragança,rural,0.15,5,Apartment,1,0,4.44,0,146.0
4,3,0,0,none,26,Viana do Castelo,coastal,0.38,2,Apartment,0,0,4.22,0,87.0
7,5,1,0,none,54,Madeira,urban,0.65,3,Apartment,1,0,4.55,1,280.0
10,6,1,0,none,15,Faro,coastal,0.78,3,House,1,0,4.58,1,477.0
3,5,1,0,fair,75,Leiria,coastal,0.4,3,House,1,0,4.0,1,249.0
5,6,1,0,none,28,Coimbra,urban,0.55,1,Apartment,0,0,4.1,0,132.0
10,3,0,0,concert,11,Castelo Branco,historic,0.28,2,House,1,0,5.0,0,177.0
6,2,0,0,none,10,Bragança,rural,0.15,4,Shared_House,0,0,4.0,0,57.0
12,5,1,0,none,16,Braga,urban,0.58,4,Apartment,1,0,4.63,1,184.0
1,2,0,0,fair,66,Madeira,urban,0.65,1,Shared_House,0,0,3.94,0,68.0
9,5,1,0,none,6,Portalegre,rural,0.18,1,Shared_House,0,0,4.14,1,35.0
10,6,1,0,concert,54,Viana do Castelo,coastal,0.38,1,Apartment,0,0,3.74,1,133.0
12,2,0,0,none,59,Faro,coastal,0.78,3,House,0,1,3.74,0,288.0
2,4,1,0,none,30,Bragança,rural,0.15,2,Room,0,0,4.51,1,50.0
12,5,1,0,none,56,Setúbal,coastal,0.6,4,Room,0,0,4.45,1,133.0
5,5,1,0,none,27,Braga,urban,0.58,1,Room,1,0,5.0,1,88.0
5,1,0,0,sports_event,39,Guarda,rural,0.14,4,Apartment,1,0,4.21,0,131.0
5,6,1,0,none,3,Setúbal,coastal,0.6,5,Shared_House,0,0,4.28,1,128.0
8,3,0,0,none,13,Lisboa,urban,0.92,1,Apartment,1,0,4.18,1,229.0
8,0,0,0,none,10,Madeira,urban,0.65,4,House,1,1,3.71,0,287.0
6,0,0,0,festival,3,Beja,rural,0.2,5,Room,0,0,4.49,1,147.0
1,5,1,0,concert,31,Viseu,historic,0.32,3,Apartment,0,0,4.12,1,136.0
12,2,0,0,festival,24,Açores,rural,0.3,2,House,1,1,3.48,1,228.0
3,0,0,0,national_holiday,24,Guarda,rural,0.14,3,House,1,0,4.75,1,144.0
2,3,0,0,none,1,Santarém,urban,0.35,2,Shared_House,0,0,3.91,0,30.0
8,4,1,0,none,71,Beja,rural,0.2,5,Apartment,0,0,4.37,1,130.0
5,0,0,0,none,86,Castelo Branco,historic,0.28,3,House,1,0,4.38,0,116.0
8,2,0,0,none,67,Lisboa,urban,0.92,4,Apartment,0,1,4.31,0,265.0
11,3,0,0,sports_event,16,Açores,rural,0.3,3,Apartment,0,0,3.7,0,143.0
2,5,1,0,concert,71,Évora,historic,0.52,2,Apartment,0,0,4.9,1,198.0
4,4,1,0,none,24,Bragança,rural,0.15,3,House,1,0,3.84,1,121.0
7,0,0,0,fair,28,Porto,urban,0.85,4,House,1,0,2.97,0,284.0
10,4,1,1,national_holiday,72,Setúbal,coastal,0.6,2,Apartment,1,0,4.62,1,270.0
8,6,1,0,sports_event,19,Leiria,coastal,0.4,2,Apartment,0,1,4.61,1,203.0
5,0,0,0,none,90,Portalegre,rural,0.18,5,Apartment,0,0,3.6,0,99.0
8,6,1,0,sports_event,78,Castelo Branco,historic,0.28,2,Room,0,0,4.2,1,94.0
12,0,0,0,none,56,Castelo Branco,historic,0.28,4,Apartment,0,0,4.74,0,105.0
6,4,1,0,national_holiday,46,Leiria,coastal,0.4,2,House,1,0,4.91,1,267.0
11,2,0,0,national_holiday,23,Guarda,rural,0.14,4,Room,0,0,4.51,1,95.0
10,5,1,0,none,59,Braga,urban,0.58,3,Room,0,0,4.61,1,107.0
4,5,1,0,none,41,Évora,historic,0.52,2,House,1,1,4.56,0,283.0
3,5,1,0,festival,59,Lisboa,urban,0.92,1,Apartment,1,0,4.13,1,339.0
10,6,1,0,festival,6,Viana do Castelo,coastal,0.38,2,Apartment,0,1,3.66,1,196.0
3,5,1,0,festival,34,Setúbal,coastal,0.6,3,Apartment,0,0,4.07,1,266.0
5,2,0,0,festival,10,Portalegre,rural,0.18,2,Room,0,0,4.76,0,86.0
3,3,0,0,fair,38,Faro,coastal,0.78,2,Apartment,0,0,4.76,0,251.0
8,5,1,0,festival,64,Aveiro,coastal,0.48,3,Apartment,1,0,4.3,1,219.0
4,1,0,0,none,11,Coimbra,urban,0.55,5,Apartment,0,0,4.03,1,134.0
8,4,1,0,fair,75,Vila Real,rural,0.22,2,Apartment,0,0,5.0,1,131.0
12,3,0,0,none,75,Bragança,rural,0.15,3,Apartment,1,0,4.26,0,79.0
10,6,1,0,none,25,Portalegre,rural,0.18,5,Apartment,0,0,4.52,1,122.0
12,0,0,0,national_holiday,18,Viana do Castelo,coastal,0.38,3,Apartment,1,1,3.6,1,169.0
1,0,0,0,none,67,Açores,rural,0.3,5,House,1,1,4.17,0,202.0
6,0,0,0,none,69,Leiria,coastal,0.4,3,Apartment,1,0,4.74,0,135.0
3,3,0,0,festival,58,Aveiro,coastal,0.48,3,House,1,0,3.52,1,213.0
12,3,0,0,concert,14,Santarém,urban,0.35,4,House,1,0,4.18,0,188.0
9,4,1,0,none,46,Porto,urban,0.85,2,House,1,0,4.4,1,363.0
4,1,0,0,none,23,Braga,urban,0.58,3,Apartment,1,0,4.91,0,140.0
7,2,0,0,none,27,Setúbal,coastal,0.6,3,House,1,1,4.69,1,295.0
8,2,0,0,none,53,Coimbra,urban,0.55,2,Apartment,1,0,5.0,1,130.0
6,0,0,0,none,89,Lisboa,urban,0.92,3,Apartment,1,0,4.62,0,240.0
6,5,1,0,none,18,Viseu,historic,0.32,4,Apartment,1,0,4.64,1,162.0
1,0,0,0,national_holiday,23,Lisboa,urban,0.92,1,Shared_House,0,0,3.72,0,105.0
6,4,1,0,festival,23,Viana do Castelo,coastal,0.38,3,Apartment,0,0,3.71,1,197.0
5,3,0,1,fair,19,Évora,historic,0.52,2,House,1,0,5.0,1,269.0
10,6,1,0,fair,85,Évora,historic,0.52,2,Apartment,1,0,3.97,0,186.0
11,4,1,0,national_holiday,10,Porto,urban,0.85,3,House,0,0,3.93,0,416.0
10,3,0,1,concert,18,Leiria,coastal,0.4,1,Apartment,0,1,3.05,1,112.0
1,4,1,0,none,60,Açores,rural,0.3,3,Room,0,0,4.73,0,85.0
11,0,0,0,concert,32,Castelo Branco,historic,0.28,1,Apartment,0,0,3.64,0,77.0
5,1,0,0,festival,82,Braga,urban,0.58,5,Apartment,1,0,3.79,0,187.0
5,3,0,0,none,54,Bragança,rural,0.15,5,Room,1,0,4.75,0,113.0
12,6,1,0,none,13,Porto,urban,0.85,2,Apartment,1,0,3.1,0,184.0
11,5,1,0,none,44,Setúbal,coastal,0.6,1,Apartment,0,0,4.88,1,180.0
1,2,0,0,none,10,Bragança,rural,0.15,2,Room,0,0,3.79,0,28.0
5,1,0,0,concert,39,Faro,coastal,0.78,1,Shared_House,1,0,4.13,1,131.0
9,6,1,0,none,82,Braga,urban,0.58,4,Apartment,1,0,3.81,1,151.0
7,3,0,0,none,44,Beja,rural,0.2,3,House,0,1,3.54,0,110.0
4,0,0,0,none,60,Bragança,rural,0.15,3,Apartment,1,1,3.82,0,88.0
7,1,0,0,fair,35,Açores,rural,0.3,4,House,1,0,3.79,0,197.0
11,5,1,0,none,88,Bragança,rural,0.15,4,Room,1,0,3.58,0,67.0
3,6,1,0,none,54,Viana do Castelo,coastal,0.38,3,House,1,0,4.97,1,215.0
9,6,1,0,concert,64,Bragança,rural,0.15,3,Apartment,1,0,3.72,1,116.0
9,0,0,0,fair,72,Guarda,rural,0.14,3,Apartment,0,0,3.26,0,76.0
11,5,1,1,national_holiday,70,Beja,rural,0.2,3,House,1,1,3.17,1,191.0
4,0,0,0,festival,85,Bragança,rural,0.15,2,House,0,1,4.42,1,165.0
3,5,1,0,none,42,Portalegre,rural,0.18,2,House,1,0,3.33,1,80.0
7,6,1,0,national_holiday,15,Évora,historic,0.52,2,Apartment,1,0,4.11,1,214.0
7,2,0,0,festival,22,Açores,rural,0.3,2,Apartment,0,0,5.0,1,230.0
5,1,0,0,sports_event,22,Viseu,historic,0.32,3,Room,0,0,4.29,1,125.0
10,4,1,0,none,52,Faro,coastal,0.78,4,Apartment,0,0,4.36,1,318.0
10,0,0,0,festival,8,Setúbal,coastal,0.6,2,Room,0,0,3.94,1,136.0
3,4,1,0,none,33,Santarém,urban,0.35,5,House,0,0,4.19,1,175.0
10,2,0,0,none,66,Porto,urban,0.85,2,Room,1,0,4.09,0,80.0
3,2,0,0,sports_event,43,Portalegre,rural,0.18,5,Apartment,0,0,4.35,1,129.0
5,5,1,0,concert,31,Beja,rural,0.2,2,Apartment,1,0,5.0,1,150.0
1,6,1,0,none,47,Aveiro,coastal,0.48,2,Shared_House,1,0,3.99,0,64.0
5,2,0,0,fair,12,Santarém,urban,0.35,2,House,1,1,3.81,0,153.0
12,2,0,1,national_holiday,3,Castelo Branco,historic,0.28,2,Apartment,0,0,4.16,1,120.0
6,5,1,0,festival,65,Açores,rural,0.3,2,Shared_House,0,0,4.68,1,135.0
9,2,0,0,none,55,Beja,rural,0.2,3,Apartment,1,0,4.03,0,76.0
2,1,0,0,none,62,Setúbal,coastal,0.6,2,Room,0,0,4.33,0,67.0
8,6,1,0,fair,33,Setúbal,coastal,0.6,1,Apartment,0,0,4.46,1,224.0
5,6,1,0,none,20,Coimbra,urban,0.55,2,Room,0,1,5.0,1,106.0
9,2,0,0,fair,74,Porto,urban,0.85,3,Shared_House,1,0,4.66,1,115.0
12,1,0,0,none,66,Leiria,coastal,0.4,3,Apartment,0,0,3.76,0,83.0
7,1,0,0,sports_event,6,Guarda,rural,0.14,2,Apartment,0,0,3.1,0,74.0
2,4,1,0,none,88,Faro,coastal,0.78,1,House,1,1,4.28,1,404.0
6,2,0,0,sports_event,51,Faro,coastal,0.78,4,Apartment,1,0,3.85,1,306.0
2,4,1,0,fair,27,Leiria,coastal,0.4,4,Apartment,0,0,3.96,1,171.0
6,5,1,0,festival,33,Leiria,coastal,0.4,3,House,0,1,3.7,1,269.0
1,0,0,0,none,50,Évora,historic,0.52,3,Apartment,1,0,3.95,0,115.0
8,6,1,0,concert,9,Portalegre,rural,0.18,2,Shared_House,0,0,3.94,0,72.0
4,0,0,0,sports_event,8,Madeira,urban,0.65,3,Room,0,0,4.14,1,137.0
3,0,0,0,none,38,Portalegre,rural,0.18,4,Apartment,0,0,3.86,0,82.0
1,5,1,1,sports_event,87,Beja,rural,0.2,4,Apartment,0,0,3.84,1,148.0
11,4,1,0,sports_event,37,Évora,historic,0.52,2,Room,0,0,4.47,1,145.0
11,6,1,0,concert,78,Coimbra,urban,0.55,3,House,0,0,4.2,1,238.0
10,3,0,0,none,68,Porto,urban,0.85,3,Shared_House,0,0,4.2,1,67.0
1,2,0,0,none,77,Vila Real,rural,0.22,4,Apartment,1,0,4.18,0,87.0
5,4,1,0,national_holiday,14,Leiria,coastal,0.4,3,Apartment,1,0,3.75,1,192.0
12,5,1,0,festival,90,Portalegre,rural,0.18,4,House,1,1,4.92,1,241.0
7,4,1,0,none,75,Portalegre,rural,0.18,2,Apartment,1,0,5.0,1,112.0
2,2,0,0,national_holiday,78,Faro,coastal,0.78,2,Apartment,1,0,4.82,0,293.0
2,6,1,0,none,5,Viana do Castelo,coastal,0.38,2,House,0,0,3.32,1,140.0
4,2,0,0,none,24,Coimbra,urban,0.55,3,Apartment,0,0,3.87,0,86.0
12,2,0,1,concert,47,Madeira,urban,0.65,3,Apartment,0,0,4.55,1,230.0
3,1,0,0,sports_event,57,Porto,urban,0.85,3,Apartment,1,0,3.82,0,214.0
11,2,0,0,national_holiday,59,Guarda,rural,0.14,3,Apartment,1,0,3.85,0,95.0
9,1,0,0,sports_event,89,Viseu,historic,0.32,3,Apartment,0,1,3.51,0,155.0
12,4,1,0,none,2,Faro,coastal,0.78,3,Apartment,1,0,4.02,0,308.0
10,5,1,0,none,23,Beja,rural,0.2,2,Shared_House,0,0,3.79,1,34.0
4,3,0,0,none,7,Viseu,historic,0.32,2,Apartment,0,0,3.0,0,52.0
10,6,1,0,national_holiday,48,Vila Real,rural,0.22,2,Apartment,0,0,4.78,1,146.0
3,3,0,0,none,25,Madeira,urban,0.65,4,Shared_House,0,0,4.41,0,108.0
4,3,0,0,festival,56,Évora,historic,0.52,1,Room,1,0,3.53,0,108.0
3,0,0,0,none,35,Vila Real,rural,0.22,2,Apartment,1,1,4.63,0,90.0
2,6,1,0,none,23,Leiria,coastal,0.4,2,Room,0,0,4.26,1,75.0
2,1,0,0,none,32,Viseu,historic,0.32,3,Room,0,0,4.78,0,69.0
3,1,0,0,festival,57,Évora,historic,0.52,5,Room,0,0,4.57,0,151.0
2,6,1,0,none,88,Setúbal,coastal,0.6,4,House,1,1,3.81,1,284.0
5,3,0,0,national_holiday,16,Castelo Branco,historic,0.28,1,House,0,1,4.53,1,177.0
1,0,0,0,fair,16,Beja,rural,0.2,3,Shared_House,1,0,4.56,0,69.0
1,3,0,1,national_holiday,87,Porto,urban,0.85,1,House,0,0,4.73,0,300.0
12,4,1,0,fair,81,Beja,rural,0.2,4,Room,0,0,4.7,0,109.0
2,0,0,0,none,81,Bragança,rural,0.15,2,Apartment,0,0,5.0,0,75.0
1,5,1,0,none,86,Évora,historic,0.52,2,Room,0,0,4.68,1,80.0
1,4,1,0,none,20,Lisboa,urban,0.92,3,Shared_House,0,0,3.81,0,107.0
2,0,0,0,concert,16,Braga,urban,0.58,3,Apartment,1,0,4.29,0,164.0
7,4,1,0,sports_event,59,Beja,rural,0.2,5,Apartment,0,0,3.68,1,181.0
10,1,0,0,none,69,Madeira,urban,0.65,1,Room,0,0,4.8,0,72.0
9,5,1,0,sports_event,75,Santarém,urban,0.35,5,Room,0,0,3.77,1,135.0
7,2,0,0,sports_event,90,Castelo Branco,historic,0.28,2,Room,0,0,5.0,1,113.0
2,1,0,0,concert,81,Madeira,urban,0.65,2,Shared_House,0,0,4.05,0,98.0
10,3,0,0,festival,23,Braga,urban,0.58,4,Apartment,0,0,4.18,1,207.0
1,3,0,0,concert,27,Portalegre,rural,0.18,3,House,1,0,3.97,0,122.0
8,2,0,0,sports_event,46,Braga,urban,0.58,5,House,1,0,3.84,0,257.0
5,6,1,0,none,27,Braga,urban,0.58,3,Apartment,0,0,3.93,1,136.0
11,4,1,0,concert,69,Braga,urban,0.58,3,Apartment,1,0,4.32,0,187.0
4,3,0,0,none,75,Faro,coastal,0.78,2,House,1,0,4.21,1,298.0
8,1,0,1,sports_event,67,Santarém,urban,0.35,5,House,1,0,3.99,1,233.0
6,3,0,0,sports_event,1,Lisboa,urban,0.92,3,House,0,0,4.35,1,457.0
7,0,0,0,none,75,Viana do Castelo,coastal,0.38,3,House,1,0,3.93,1,159.0
12,6,1,0,none,26,Guarda,rural,0.14,4,House,0,1,4.2,1,160.0
9,0,0,0,sports_event,32,Castelo Branco,historic,0.28,1,Apartment,1,0,5.0,1,137.0
5,4,1,0,fair,51,Setúbal,coastal,0.6,4,Apartment,0,0,3.91,0,230.0
6,2,0,0,concert,11,Setúbal,coastal,0.6,3,House,1,1,4.05,1,327.0
9,5,1,0,festival,66,Portalegre,rural,0.18,4,House,1,1,3.62,1,235.0
5,2,0,0,none,61,Braga,urban,0.58,4,Room,1,0,4.03,0,75.0
3,0,0,0,none,41,Lisboa,urban,0.92,3,Apartment,0,1,4.39,0,218.0
6,6,1,0,concert,31,Leiria,coastal,0.4,4,Room,0,0,3.94,1,127.0
1,5,1,0,none,26,Portalegre,rural,0.18,4,Shared_House,0,0,3.63,1,66.0
3,0,0,0,sports_event,59,Lisboa,urban,0.92,1,Apartment,1,0,4.38,1,258.0
6,0,0,1,national_holiday,90,Bragança,rural,0.15,4,House,1,1,4.43,1,207.0
10,3,0,0,none,43,Porto,urban,0.85,3,Shared_House,0,0,4.51,1,90.0
10,6,1,0,festival,88,Portalegre,rural,0.18,4,Apartment,0,0,3.58,1,161.0
4,4,1,0,festival,42,Porto,urban,0.85,4,Room,0,0,4.89,1,245.0
6,0,0,0,festival,1,Vila Real,rural,0.22,2,House,1,1,3.96,1,200.0
2,4,1,0,none,80,Bragança,rural,0.15,1,Apartment,0,0,3.7,0,46.0
10,2,0,0,concert,32,Santarém,urban,0.35,2,Room,0,0,4.71,0,80.0
3,4,1,0,none,58,Santarém,urban,0.35,4,Apartment,1,0,4.87,1,149.0
10,2,0,0,concert,43,Viseu,historic,0.32,4,Apartment,0,0,4.04,0,133.0
11,0,0,0,festival,57,Beja,rural,0.2,4,Apartment,1,0,3.78,0,135.0
9,0,0,0,none,69,Bragança,rural,0.15,4,Room,0,0,4.42,0,53.0
4,4,1,0,sports_event,88,Aveiro,coastal,0.48,3,Apartment,0,0,3.53,1,192.0
12,4,1,0,festival,87,Braga,urban,0.58,3,House,1,1,5.0,1,317.0
9,2,0,0,none,25,Porto,urban,0.85,5,Apartment,0,1,3.68,0,195.0
8,0,0,0,sports_event,2,Castelo Branco,historic,0.28,1,House,0,1,4.38,1,195.0
11,5,1,0,none,62,Faro,coastal,0.78,3,House,1,0,4.12,0,435.0
11,1,0,0,fair,19,Setúbal,coastal,0.6,2,Apartment,0,0,3.74,1,132.0
1,1,0,0,none,32,Santarém,urban,0.35,2,Apartment,1,0,3.73,0,66.0
11,3,0,0,none,68,Porto,urban,0.85,3,Apartment,0,0,4.76,0,164.0
10,5,1,0,concert,54,Viseu,historic,0.32,2,Apartment,0,0,4.38,1,158.0
3,6,1,0,none,54,Faro,coastal,0.78,3,Apartment,0,0,3.85,1,290.0
4,4,1,0,national_holiday,74,Guarda,rural,0.14,2,House,1,1,3.92,1,177.0
10,6,1,0,none,57,Coimbra,urban,0.55,2,Apartment,1,0,3.79,0,127.0
3,4,1,0,none,84,Évora,historic,0.52,2,Apartment,0,0,4.64,1,162.0
6,5,1,0,none,18,Madeira,urban,0.65,5,House,1,1,4.66,1,458.0
9,1,0,0,none,39,Lisboa,urban,0.92,3,Shared_House,1,0,4.46,1,106.0
8,0,0,0,none,40,Coimbra,urban,0.55,4,House,0,0,4.33,1,194.0
11,4,1,0,none,75,Braga,urban,0.58,3,Shared_House,0,0,4.51,0,75.0
2,6,1,0,none,76,Beja,rural,0.2,1,House,1,1,3.38,0,106.0
4,5,1,0,none,31,Açores,rural,0.3,3,Room,1,0,4.34,1,133.0
12,2,0,0,none,83,Évora,historic,0.52,1,Apartment,1,0,4.73,0,110.0
7,3,0,0,none,60,Setúbal,coastal,0.6,2,House,1,0,4.32,0,252.0
3,0,0,0,none,22,Madeira,urban,0.65,3,Apartment,0,0,4.23,0,163.0
4,2,0,0,none,79,Aveiro,coastal,0.48,4,Room,0,0,3.88,0,69.0
5,4,1,0,none,16,Porto,urban,0.85,5,Room,0,0,3.92,1,165.0
7,1,0,0,none,62,Leiria,coastal,0.4,2,Room,0,0,3.94,0,61.0
4,3,0,0,none,84,Aveiro,coastal,0.48,3,Apartment,0,0,4.31,1,104.0
8,2,0,0,none,64,Açores,rural,0.3,3,House,1,0,3.96,0,157.0
6,3,0,0,national_holiday,46,Faro,coastal,0.78,4,Room,0,0,3.29,0,161.0
8,5,1,0,none,76,Madeira,urban,0.65,5,Apartment,0,0,4.6,1,284.0
2,6,1,0,none,18,Castelo Branco,historic,0.28,3,Apartment,0,0,4.46,0,95.0
8,2,0,0,sports_event,23,Coimbra,urban,0.55,2,House,1,0,4.38,1,233.0
12,5,1,0,none,59,Vila Real,rural,0.22,4,Apartment,0,0,3.73,0,114.0
2,4,1,0,none,68,Aveiro,coastal,0.48,3,Apartment,1,0,3.95,1,136.0
4,6,1,0,concert,25,Beja,rural,0.2,5,Room,0,0,4.46,1,129.0
9,5,1,0,sports_event,58,Guarda,rural,0.14,3,Shared_House,0,0,4.21,1,94.0
8,3,0,0,national_holiday,72,Lisboa,urban,0.92,5,Apartment,0,0,3.85,1,322.0
9,4,1,0,national_holiday,50,Coimbra,urban,0.55,1,Shared_House,1,0,4.85,1,100.0
7,2,0,0,festival,15,Aveiro,coastal,0.48,4,Room,0,0,3.78,1,135.0
9,4,1,0,sports_event,88,Aveiro,coastal,0.48,2,House,1,1,2.71,1,275.0
8,4,1,0,none,33,Aveiro,coastal,0.48,3,Room,0,1,4.24,1,103.0
1,4,1,0,fair,38,Santarém,urban,0.35,5,Shared_House,0,0,4.26,1,120.0
10,0,0,0,festival,52,Castelo Branco,historic,0.28,3,Room,0,0,4.23,1,105.0
6,3,0,0,none,22,Porto,urban,0.85,4,Apartment,0,0,4.4,0,217.0
1,4,1,0,none,7,Bragança,rural,0.15,2,Apartment,0,0,3.92,0,69.0
5,1,0,0,festival,76,Lisboa,urban,0.92,2,Apartment,1,0,4.71,0,335.0
6,5,1,0,festival,68,Guarda,rural,0.14,3,Apartment,0,0,3.52,1,131.0
2,5,1,0,concert,17,Beja,rural,0.2,3,Apartment,1,0,4.19,0,130.0
12,3,0,0,none,47,Madeira,urban,0.65,1,House,1,1,3.89,0,212.0
3,6,1,0,concert,68,Bragança,rural,0.15,4,Apartment,1,1,4.7,1,174.0
4,6,1,0,none,89,Leiria,coastal,0.4,3,Apartment,0,0,3.8,0,141.0
6,3,0,0,festival,84,Évora,historic,0.52,1,Room,0,0,4.24,1,108.0
10,6,1,0,none,6,Beja,rural,0.2,1,Apartment,0,0,4.24,0,69.0
9,6,1,0,none,74,Aveiro,coastal,0.48,2,House,1,0,4.3,1,227.0
10,0,0,0,none,13,Aveiro,coastal,0.48,3,House,1,1,3.84,1,191.0
3,6,1,0,none,57,Aveiro,coastal,0.48,5,Shared_House,0,0,4.38,1,118.0
11,0,0,0,none,54,Setúbal,coastal,0.6,3,Apartment,1,0,4.21,0,142.0
10,3,0,0,concert,84,Vila Real,rural,0.22,1,Apartment,0,0,4.37,1,85.0
6,6,1,0,none,53,Viana do Castelo,coastal,0.38,4,House,1,0,4.99,1,249.0
7,5,1,0,sports_event,45,Setúbal,coastal,0.6,2,House,1,1,4.26,1,382.0
1,1,0,0,sports_event,55,Porto,urban,0.85,3,Room,1,0,3.7,0,125.0
10,4,1,0,none,7,Lisboa,urban,0.92,3,Apartment,0,0,5.0,1,313.0
12,1,0,0,fair,3,Açores,rural,0.3,5,Apartment,0,0,4.69,1,194.0
6,1,0,0,concert,67,Leiria,coastal,0.4,4,Apartment,1,1,4.53,1,206.0
7,6,1,0,concert,45,Portalegre,rural,0.18,1,Room,0,0,4.11,1,74.0
6,0,0,0,concert,65,Viana do Castelo,coastal,0.38,2,Apartment,0,0,4.57,1,151.0
1,6,1,1,festival,44,Coimbra,urban,0.55,2,Apartment,1,0,3.17,1,180.0
8,3,0,0,national_holiday,78,Santarém,urban,0.35,2,House,1,1,4.97,1,232.0
9,0,0,0,none,29,Açores,rural,0.3,2,Apartment,1,0,4.65,0,124.0
12,5,1,0,none,37,Viana do Castelo,coastal,0.38,3,Apartment,0,0,4.11,1,148.0
12,0,0,0,sports_event,24,Coimbra,urban,0.55,4,Apartment,0,0,4.64,0,185.0
6,2,0,0,none,14,Beja,rural,0.2,1,Room,0,0,4.51,1,55.0
12,1,0,0,festival,11,Beja,rural,0.2,3,House,1,1,3.7,1,166.0
7,5,1,0,none,10,Lisboa,urban,0.92,4,House,1,1,4.29,1,534.0
8,2,0,0,none,9,Leiria,coastal,0.4,3,House,1,0,4.39,0,183.0
8,4,1,0,fair,32,Guarda,rural,0.14,3,Shared_House,0,0,4.13,0,82.0
12,0,0,0,none,41,Madeira,urban,0.65,4,Apartment,0,0,4.09,1,179.0
9,4,1,0,none,72,Viseu,historic,0.32,4,Apartment,0,1,4.65,1,167.0
2,4,1,0,sports_event,75,Vila Real,rural,0.22,3,Room,0,0,4.29,1,95.0
1,2,0,0,concert,47,Braga,urban,0.58,5,House,1,0,5.0,0,236.0
5,6,1,0,concert,54,Vila Real,rural,0.22,1,Shared_House,0,0,3.87,1,61.0
7,3,0,0,none,16,Portalegre,rural,0.18,1,House,1,0,4.4,1,82.0
9,4,1,0,fair,24,Madeira,urban,0.65,3,Room,0,0,3.74,1,151.0
6,1,0,0,festival,22,Madeira,urban,0.65,2,House,1,1,4.54,1,420.0
7,6,1,0,concert,45,Coimbra,urban,0.55,2,Apartment,0,0,3.64,1,175.0
12,1,0,0,none,32,Leiria,coastal,0.4,2,Shared_House,1,0,4.34,0,53.0
5,4,1,0,none,19,Bragança,rural,0.15,3,House,1,0,4.79,1,138.0
6,0,0,0,festival,44,Beja,rural,0.2,3,Apartment,1,0,4.23,1,146.0
7,0,0,0,festival,11,Viseu,historic,0.32,4,Apartment,0,0,3.7,1,172.0
6,0,0,0,none,76,Viseu,historic,0.32,2,Apartment,0,0,4.67,1,93.0
12,6,1,0,festival,69,Aveiro,coastal,0.48,3,Apartment,0,0,4.38,1,223.0
12,1,0,0,sports_event,90,Beja,rural,0.2,2,Apartment,0,0,4.16,0,102.0
7,6,1,0,none,25,Santarém,urban,0.35,1,Apartment,0,0,3.72,1,95.0
6,4,1,0,none,54,Aveiro,coastal,0.48,3,Room,0,0,3.39,1,76.0
8,0,0,0,none,74,Vila Real,rural,0.22,2,House,1,1,5.0,1,143.0
3,3,0,0,fair,36,Aveiro,coastal,0.48,3,Apartment,0,0,3.91,0,149.0
6,3,0,0,festival,85,Viana do Castelo,coastal,0.38,3,Apartment,1,0,3.7,1,172.0
3,1,0,0,festival,17,Braga,urban,0.58,3,Room,0,0,4.36,0,125.0
2,4,1,0,national_holiday,16,Guarda,rural,0.14,3,Room,1,0,3.69,0,95.0
2,6,1,0,sports_event,46,Faro,coastal,0.78,5,Apartment,0,0,4.45,1,403.0
8,6,1,0,none,32,Lisboa,urban,0.92,1,Shared_House,1,0,4.88,0,140.0
1,3,0,0,sports_event,56,Lisboa,urban,0.92,5,Apartment,0,0,3.67,0,250.0
8,6,1,0,national_holiday,77,Porto,urban,0.85,1,Apartment,0,0,4.05,0,288.0
6,6,1,0,none,30,Vila Real,rural,0.22,3,Apartment,0,0,4.42,1,116.0
5,0,0,0,festival,67,Coimbra,urban,0.55,5,Shared_House,1,0,3.59,0,128.0
10,4,1,0,none,30,Lisboa,urban,0.92,2,Room,0,0,3.74,1,127.0
7,5,1,0,concert,4,Porto,urban,0.85,4,House,0,0,4.14,1,448.0
9,0,0,0,sports_event,75,Lisboa,urban,0.92,3,House,1,1,5.0,0,507.0
9,4,1,0,national_holiday,48,Açores,rural,0.3,4,Apartment,1,0,3.77,1,237.0
1,6,1,0,sports_event,60,Braga,urban,0.58,1,Apartment,0,0,4.06,1,152.0
3,1,0,0,none,34,Leiria,coastal,0.4,3,Apartment,0,0,5.0,0,122.0
7,6,1,0,none,41,Porto,urban,0.85,2,Room,0,0,4.6,1,155.0
12,6,1,0,fair,74,Faro,coastal,0.78,1,House,1,0,3.35,1,429.0
2,4,1,0,none,51,Guarda,rural,0.14,3,Apartment,0,0,4.08,0,74.0
2,4,1,0,none,14,Vila Real,rural,0.22,4,Shared_House,1,0,4.49,1,82.0
12,3,0,0,sports_event,46,Portalegre,rural,0.18,4,Apartment,0,0,4.92,1,146.0
12,2,0,1,national_holiday,13,Portalegre,rural,0.18,4,Apartment,1,0,4.9,0,162.0
3,3,0,0,none,16,Porto,urban,0.85,4,Apartment,0,0,4.48,0,169.0
5,3,0,0,none,89,Beja,rural,0.2,3,Shared_House,0,0,4.56,0,33.0
8,3,0,0,none,79,Lisboa,urban,0.92,2,Apartment,0,0,3.55,1,163.0
3,5,1,0,sports_event,79,Vila Real,rural,0.22,4,Apartment,0,0,3.85,1,145.0
4,5,1,0,none,9,Setúbal,coastal,0.6,3,Apartment,0,0,3.55,1,177.0
5,2,0,0,none,90,Leiria,coastal,0.4,2,Shared_House,0,0,4.72,1,55.0
8,3,0,0,concert,20,Açores,rural,0.3,3,Apartment,1,0,4.39,0,202.0
4,1,0,0,none,17,Lisboa,urban,0.92,2,House,1,0,4.25,0,264.0
5,1,0,0,sports_event,51,Coimbra,urban,0.55,4,Room,0,0,4.97,1,143.0
4,2,0,0,none,35,Beja,rural,0.2,2,House,0,1,4.47,1,101.0
10,0,0,0,none,42,Coimbra,urban,0.55,3,Apartment,1,0,4.77,1,124.0
2,5,1,0,festival,78,Bragança,rural,0.15,4,Apartment,1,0,4.58,1,170.0
3,0,0,0,sports_event,54,Porto,urban,0.85,5,Apartment,0,0,4.63,1,275.0
3,2,0,0,national_holiday,27,Guarda,rural,0.14,3,Room,0,0,3.68,0,95.0
11,1,0,0,none,83,Faro,coastal,0.78,4,Room,1,0,4.69,0,142.0
12,1,0,0,none,64,Bragança,rural,0.15,3,Apartment,0,0,4.44,0,76.0
7,2,0,0,none,26,Coimbra,urban,0.55,1,Apartment,0,0,4.0,0,84.0
2,5,1,0,festival,5,Porto,urban,0.85,2,Apartment,0,0,4.54,1,313.0
10,6,1,0,none,14,Madeira,urban,0.65,2,House,1,0,4.84,1,363.0
6,1,0,1,fair,19,Santarém,urban,0.35,1,Apartment,1,0,4.15,1,86.0
11,1,0,0,concert,11,Faro,coastal,0.78,3,Shared_House,0,0,3.83,1,127.0
5,3,0,1,national_holiday,84,Santarém,urban,0.35,1,Apartment,0,0,3.85,1,112.0
12,2,0,0,none,6,Viana do Castelo,coastal,0.38,4,Apartment,0,0,3.5,0,90.0
10,5,1,0,none,86,Santarém,urban,0.35,2,House,1,0,4.12,1,152.0
3,1,0,0,festival,72,Viana do Castelo,coastal,0.38,2,Shared_House,0,0,4.5,1,93.0
9,2,0,0,festival,7,Viseu,historic,0.32,3,Apartment,1,0,5.0,1,186.0
4,3,0,0,fair,42,Viana do Castelo,coastal,0.38,4,Room,0,0,3.8,0,95.0
5,2,0,0,none,1,Santarém,urban,0.35,5,Apartment,0,0,4.38,1,137.0
4,4,1,0,none,24,Açores,rural,0.3,5,House,1,1,4.21,0,293.0
9,5,1,0,none,25,Viseu,historic,0.32,5,House,1,0,4.2,1,216.0
4,3,0,0,none,61,Bragança,rural,0.15,2,Room,0,0,3.44,0,33.0
8,3,0,0,national_holiday,18,Guarda,rural,0.14,3,House,0,1,3.69,1,174.0
7,6,1,0,concert,70,Madeira,urban,0.65,2,Apartment,1,0,5.0,1,290.0
10,6,1,0,concert,64,Vila Real,rural,0.22,5,Room,1,0,4.7,1,135.0
12,6,1,0,fair,85,Vila Real,rural,0.22,1,Apartment,0,0,4.34,1,99.0
1,0,0,0,none,50,Coimbra,urban,0.55,3,Apartment,0,0,4.43,0,93.0
12,5,1,0,sports_event,36,Viseu,historic,0.32,2,Apartment,1,0,4.57,1,167.0
2,6,1,0,sports_event,65,Portalegre,rural,0.18,4,House,1,1,3.98,1,204.0
7,5,1,0,none,63,Évora,historic,0.52,2,Room,0,0,4.0,1,87.0
5,5,1,0,none,19,Leiria,coastal,0.4,4,House,1,1,3.89,1,245.0
8,2,0,1,sports_event,25,Castelo Branco,historic,0.28,5,House,0,1,4.28,1,254.0
9,5,1,0,fair,58,Viana do Castelo,coastal,0.38,2,Apartment,1,0,3.62,1,155.0
11,4,1,0,none,78,Beja,rural,0.2,4,Shared_House,0,1,3.87,0,91.0
5,5,1,0,fair,48,Vila Real,rural,0.22,2,Apartment,1,1,4.45,1,138.0
12,2,0,0,national_holiday,82,Bragança,rural,0.15,3,Apartment,1,0,4.02,0,118.0
4,5,1,0,national_holiday,50,Évora,historic,0.52,2,Room,0,0,3.32,1,121.0
3,5,1,0,none,57,Évora,historic,0.52,3,Room,0,0,4.01,1,90.0
5,5,1,0,none,33,Castelo Branco,historic,0.28,2,Apartment,1,0,4.47,1,108.0
7,1,0,0,sports_event,60,Porto,urban,0.85,4,House,0,1,4.26,1,428.0
9,6,1,0,none,7,Viana do Castelo,coastal,0.38,4,Room,0,0,3.36,1,86.0
10,1,0,0,none,60,Beja,rural,0.2,2,Apartment,0,0,4.72,0,72.0
3,6,1,0,concert,37,Coimbra,urban,0.55,1,Shared_House,1,0,4.08,1,76.0
4,0,0,0,none,54,Setúbal,coastal,0.6,1,Apartment,1,0,4.37,0,144.0
12,1,0,0,none,89,Portalegre,rural,0.18,2,House,0,0,4.72,0,79.0
6,4,1,0,national_holiday,40,Évora,historic,0.52,5,Apartment,1,0,4.14,1,263.0
3,3,0,0,none,61,Castelo Branco,historic,0.28,2,Apartment,0,1,3.25,0,69.0
12,4,1,0,fair,67,Castelo Branco,historic,0.28,4,Apartment,0,0,5.0,1,182.0
6,2,0,0,none,16,Faro,coastal,0.78,5,Apartment,1,0,3.1,0,212.0
12,0,0,0,none,88,Castelo Branco,historic,0.28,2,Shared_House,0,0,4.03,0,37.0
12,4,1,0,none,50,Castelo Branco,historic,0.28,3,House,1,0,4.85,1,185.0
11,3,0,0,none,68,Castelo Branco,historic,0.28,4,Apartment,0,0,3.85,0,84.0
7,3,0,0,none,12,Aveiro,coastal,0.48,3,House,1,1,3.88,1,220.0
10,2,0,0,fair,28,Guarda,rural,0.14,1,Apartment,0,0,4.09,0,74.0
12,6,1,0,fair,85,Viseu,historic,0.32,4,House,1,1,4.11,1,250.0
4,5,1,0,none,46,Guarda,rural,0.14,5,House,1,1,3.77,1,178.0
1,1,0,0,none,2,Castelo Branco,historic,0.28,4,Apartment,0,0,3.88,0,79.0
4,0,0,0,sports_event,54,Coimbra,urban,0.55,4,House,1,1,4.74,1,297.0
8,1,0,0,none,77,Portalegre,rural,0.18,4,Apartment,1,0,3.93,0,89.0
7,0,0,0,none,8,Lisboa,urban,0.92,3,Room,0,0,4.45,1,137.0
1,4,1,0,none,18,Santarém,urban,0.35,2,House,1,0,3.74,0,131.0
7,4,1,0,none,45,Aveiro,coastal,0.48,5,Apartment,0,0,4.89,1,220.0
3,3,0,0,festival,37,Setúbal,coastal,0.6,2,Apartment,0,0,4.67,1,228.0
7,4,1,0,none,10,Leiria,coastal,0.4,4,Apartment,0,0,4.16,1,170.0
7,5,1,0,sports_event,18,Porto,urban,0.85,2,Shared_House,0,0,4.52,1,144.0
8,5,1,0,none,46,Braga,urban,0.58,3,Room,0,0,4.96,0,102.0
5,3,0,0,none,54,Coimbra,urban,0.55,4,Shared_House,0,0,3.7,0,70.0
5,4,1,0,festival,8,Guarda,rural,0.14,4,Room,0,0,3.67,0,119.0
9,4,1,0,none,65,Beja,rural,0.2,2,Shared_House,0,0,4.39,0,59.0
9,6,1,0,fair,33,Guarda,rural,0.14,3,Apartment,1,1,3.55,0,133.0
10,5,1,0,sports_event,90,Portalegre,rural,0.18,2,House,1,1,3.42,0,177.0
5,2,0,0,fair,86,Viana do Castelo,coastal,0.38,1,Apartment,1,1,3.4,0,121.0
6,6,1,0,none,56,Viseu,historic,0.32,3,Room,0,0,4.27,0,71.0
4,2,0,0,none,1,Vila Real,rural,0.22,5,Shared_House,0,0,3.18,0,70.0
7,5,1,0,none,12,Coimbra,urban,0.55,5,Room,0,0,4.0,1,128.0
2,6,1,0,festival,25,Lisboa,urban,0.92,3,Room,0,0,2.48,0,155.0
6,5,1,0,festival,40,Castelo Branco,historic,0.28,4,Room,0,0,4.42,1,118.0
3,0,0,0,none,34,Guarda,rural,0.14,2,Apartment,0,0,4.45,0,55.0
7,1,0,0,none,70,Leiria,coastal,0.4,2,House,1,1,4.09,0,180.0
11,5,1,0,none,54,Santarém,urban,0.35,4,Room,0,0,4.79,1,87.0
12,0,0,0,none,27,Viana do Castelo,coastal,0.38,4,House,1,1,4.6,1,197.0
6,0,0,0,none,87,Bragança,rural,0.15,4,House,0,1,3.8,1,121.0
1,1,0,0,festival,81,Viana do Castelo,coastal,0.38,1,Apartment,1,0,3.76,0,128.0
3,3,0,0,national_holiday,58,Lisboa,urban,0.92,2,Apartment,1,0,4.64,1,282.0
2,0,0,0,none,20,Coimbra,urban,0.55,1,Shared_House,0,0,4.54,0,42.0
10,1,0,0,none,81,Faro,coastal,0.78,4,Room,0,0,4.07,0,115.0
12,2,0,0,none,66,Beja,rural,0.2,2,House,0,0,3.32,1,77.0
7,4,1,0,none,15,Braga,urban,0.58,3,Apartment,1,0,4.66,1,187.0
3,3,0,0,sports_event,16,Santarém,urban,0.35,3,Apartment,1,0,4.23,1,138.0
1,5,1,0,none,26,Beja,rural,0.2,1,Apartment,1,0,4.17,0,67.0
12,6,1,0,national_holiday,57,Guarda,rural,0.14,2,Apartment,1,0,2.78,1,99.0
4,0,0,0,fair,80,Madeira,urban,0.65,4,Apartment,0,0,4.47,0,213.0
2,4,1,0,none,13,Leiria,coastal,0.4,2,Apartment,0,0,4.17,0,106.0
3,1,0,0,national_holiday,1,Viseu,historic,0.32,3,Apartment,0,0,3.93,1,130.0
4,2,0,0,festival,62,Coimbra,urban,0.55,5,Apartment,0,1,3.78,1,211.0
8,2,0,0,national_holiday,41,Guarda,rural,0.14,1,Room,0,0,4.26,0,58.0
11,4,1,0,none,8,Lisboa,urban,0.92,2,House,1,0,4.43,1,414.0
4,1,0,0,national_holiday,41,Aveiro,coastal,0.48,3,House,1,1,4.01,0,248.0
9,6,1,0,none,4,Vila Real,rural,0.22,3,Shared_House,0,1,4.48,1,68.0
1,2,0,0,none,86,Guarda,rural,0.14,5,House,0,1,3.62,0,118.0
1,5,1,0,national_holiday,78,Coimbra,urban,0.55,1,Room,0,0,3.87,1,95.0
1,6,1,0,none,41,Portalegre,rural,0.18,4,Apartment,0,0,4.54,1,102.0
12,3,0,0,none,75,Porto,urban,0.85,3,Apartment,0,0,4.0,0,138.0
7,0,0,0,none,82,Porto,urban,0.85,2,Apartment,0,0,5.0,0,211.0
10,4,1,0,none,3,Braga,urban,0.58,3,Shared_House,0,0,4.34,1,81.0
1,2,0,0,none,53,Santarém,urban,0.35,3,Shared_House,0,0,3.62,0,49.0
1,2,0,0,none,20,Açores,rural,0.3,2,Apartment,0,0,3.42,0,97.0
11,3,0,0,festival,27,Faro,coastal,0.78,2,Room,0,0,4.59,0,183.0
2,2,0,0,concert,58,Évora,historic,0.52,2,Apartment,0,1,3.9,0,152.0
2,1,0,0,none,14,Setúbal,coastal,0.6,3,House,1,1,4.66,0,234.0
7,6,1,0,fair,83,Leiria,coastal,0.4,1,Apartment,0,0,3.93,1,146.0
8,1,0,0,festival,45,Faro,coastal,0.78,1,House,1,0,4.32,1,484.0
3,3,0,0,concert,79,Braga,urban,0.58,2,Apartment,1,0,4.03,1,122.0
6,5,1,0,concert,2,Bragança,rural,0.15,4,House,1,0,4.33,1,201.0
9,1,0,0,fair,72,Bragança,rural,0.15,5,Apartment,0,0,4.56,0,125.0
6,4,1,0,none,31,Guarda,rural,0.14,1,House,1,1,4.21,0,123.0
5,6,1,0,festival,64,Leiria,coastal,0.4,5,Apartment,0,0,4.53,1,234.0
1,5,1,0,fair,48,Leiria,coastal,0.4,3,House,1,0,3.35,0,198.0
6,0,0,0,sports_event,52,Açores,rural,0.3,5,Apartment,0,0,4.41,0,226.0
10,2,0,0,none,51,Madeira,urban,0.65,3,Apartment,1,0,4.21,0,168.0
8,0,0,0,festival,44,Bragança,rural,0.15,3,House,0,0,4.07,1,156.0
11,4,1,0,concert,40,Portalegre,rural,0.18,4,Apartment,0,0,3.0,1,102.0
2,2,0,0,none,88,Portalegre,rural,0.18,3,Apartment,0,0,3.37,0,68.0
1,6,1,0,festival,87,Évora,historic,0.52,5,Apartment,0,1,4.31,1,300.0
7,1,0,0,fair,53,Santarém,urban,0.35,5,House,0,0,4.38,1,190.0
3,5,1,0,festival,14,Açores,rural,0.3,3,House,0,0,4.4,1,325.0
8,2,0,0,none,5,Beja,rural,0.2,3,Apartment,0,0,4.2,0,83.0
11,6,1,0,festival,90,Vila Real,rural,0.22,3,Apartment,1,0,3.6,1,137.0
5,1,0,0,festival,17,Viana do Castelo,coastal,0.38,3,House,1,0,3.69,0,226.0
7,1,0,0,none,63,Viana do Castelo,coastal,0.38,3,Room,0,0,3.15,0,64.0
9,2,0,0,sports_event,64,Viseu,historic,0.32,3,Apartment,0,0,4.26,0,140.0
2,6,1,0,none,75,Açores,rural,0.3,1,Apartment,0,0,5.0,0,135.0
11,5,1,0,fair,28,Viseu,historic,0.32,5,Room,0,0,4.15,1,124.0
3,5,1,0,concert,58,Porto,urban,0.85,2,Apartment,0,0,3.82,1,261.0
10,3,0,0,concert,42,Aveiro,coastal,0.48,2,Apartment,1,1,4.21,0,180.0
8,5,1,0,festival,20,Setúbal,coastal,0.6,2,Apartment,0,0,4.13,1,259.0
2,4,1,0,none,66,Viana do Castelo,coastal,0.38,1,Shared_House,1,0,3.33,1,38.0
9,4,1,0,sports_event,68,Viana do Castelo,coastal,0.38,3,House,1,0,4.33,0,264.0
3,5,1,0,none,47,Bragança,rural,0.15,1,Apartment,1,0,4.15,1,71.0
8,6,1,0,none,77,Beja,rural,0.2,2,Apartment,0,1,4.11,0,115.0
12,4,1,0,none,56,Lisboa,urban,0.92,1,Apartment,0,0,5.0,1,283.0
12,3,0,0,festival,68,Açores,rural,0.3,2,Apartment,0,0,4.15,1,168.0
11,4,1,0,sports_event,68,Lisboa,urban,0.92,5,Shared_House,0,0,5.0,1,237.0
6,5,1,0,none,79,Porto,urban,0.85,3,Apartment,0,0,3.79,1,220.0
7,6,1,0,none,58,Castelo Branco,historic,0.28,1,House,0,1,3.44,1,146.0
4,4,1,0,none,6,Évora,historic,0.52,3,Room,0,0,3.8,0,92.0
12,6,1,0,none,87,Setúbal,coastal,0.6,3,Apartment,0,0,4.79,1,200.0
6,5,1,0,none,87,Coimbra,urban,0.55,3,Apartment,1,0,3.82,1,140.0
10,6,1,0,fair,66,Beja,rural,0.2,2,Apartment,0,1,3.49,1,106.0
5,5,1,0,fair,85,Portalegre,rural,0.18,3,Room,0,0,4.37,1,104.0
9,6,1,0,national_holiday,19,Porto,urban,0.85,2,Apartment,0,0,4.01,1,307.0
3,1,0,0,none,81,Leiria,coastal,0.4,2,House,0,0,4.49,0,117.0
9,6,1,0,none,12,Vila Real,rural,0.22,5,Apartment,0,0,3.86,1,118.0
1,2,0,0,none,58,Évora,historic,0.52,3,Apartment,0,0,3.74,0,93.0
2,5,1,0,sports_event,47,Porto,urban,0.85,2,Apartment,0,0,5.0,1,308.0
5,2,0,0,sports_event,77,Évora,historic,0.52,2,Apartment,0,0,3.78,1,175.0
6,3,0,0,concert,49,Portalegre,rural,0.18,4,Room,0,0,3.78,0,99.0
9,5,1,0,none,55,Aveiro,coastal,0.48,1,Shared_House,0,1,4.43,1,86.0
5,3,0,0,festival,29,Lisboa,urban,0.92,2,Shared_House,1,0,2.81,0,128.0
1,5,1,0,national_holiday,45,Madeira,urban,0.65,2,House,0,0,4.57,1,402.0
4,0,0,0,none,34,Coimbra,urban,0.55,2,Apartment,1,0,5.0,0,106.0
6,5,1,0,concert,84,Açores,rural,0.3,3,House,1,0,4.63,1,332.0
7,2,0,0,sports_event,49,Braga,urban,0.58,1,Apartment,0,0,3.68,1,123.0
8,5,1,0,none,19,Santarém,urban,0.35,3,Shared_House,0,0,3.84,0,53.0
3,1,0,0,national_holiday,5,Faro,coastal,0.78,1,House,1,1,4.23,1,429.0
8,4,1,0,fair,77,Bragança,rural,0.15,5,Apartment,1,0,4.38,1,158.0
8,4,1,0,concert,57,Viana do Castelo,coastal,0.38,3,Room,0,0,5.0,1,119.0
10,0,0,0,none,40,Portalegre,rural,0.18,1,Apartment,0,0,4.98,0,47.0
7,3,0,0,none,26,Leiria,coastal,0.4,2,Room,0,0,4.09,1,68.0
10,4,1,0,sports_event,27,Leiria,coastal,0.4,4,Apartment,0,0,3.93,1,205.0
3,5,1,0,none,56,Santarém,urban,0.35,4,Room,1,0,3.81,1,74.0
9,6,1,0,none,46,Faro,coastal,0.78,2,Shared_House,0,0,4.52,1,132.0
1,2,0,0,none,48,Coimbra,urban,0.55,2,Apartment,0,0,4.74,0,103.0
2,4,1,1,national_holiday,58,Beja,rural,0.2,3,House,1,0,4.23,1,204.0
11,1,0,1,sports_event,84,Castelo Branco,historic,0.28,2,Apartment,0,0,4.2,1,111.0
6,6,1,0,festival,17,Évora,historic,0.52,1,Room,0,0,5.0,1,138.0
8,6,1,0,none,57,Faro,coastal,0.78,2,House,1,0,4.54,1,489.0
8,6,1,0,festival,68,Beja,rural,0.2,4,Shared_House,1,1,3.17,1,130.0
9,3,0,0,none,45,Faro,coastal,0.78,2,Room,0,0,4.18,0,103.0
3,2,0,0,none,36,Évora,historic,0.52,1,Apartment,0,0,4.3,0,78.0
3,5,1,0,none,48,Guarda,rural,0.14,2,Apartment,0,0,4.07,1,72.0
1,5,1,0,none,64,Bragança,rural,0.15,3,House,1,1,4.83,1,167.0
11,1,0,0,none,31,Lisboa,urban,0.92,3,Apartment,0,0,4.04,0,157.0
3,3,0,0,festival,15,Setúbal,coastal,0.6,3,Apartment,0,0,3.71,1,210.0
7,4,1,0,none,8,Portalegre,rural,0.18,3,House,0,0,3.84,0,115.0
6,3,0,0,festival,6,Viana do Castelo,coastal,0.38,3,House,0,1,4.54,1,286.0
2,2,0,0,none,82,Santarém,urban,0.35,3,House,1,0,3.52,0,98.0
5,1,0,0,sports_event,15,Viana do Castelo,coastal,0.38,5,Apartment,0,0,3.95,1,178.0
1,2,0,0,festival,60,Aveiro,coastal,0.48,4,Apartment,0,0,4.62,0,190.0
3,1,0,0,none,17,Porto,urban,0.85,2,Apartment,1,1,3.52,0,148.0
2,2,0,0,sports_event,48,Évora,historic,0.52,3,Room,0,1,3.68,0,130.0
10,1,0,0,concert,69,Guarda,rural,0.14,1,House,1,1,3.35,0,93.0
7,2,0,0,none,14,Bragança,rural,0.15,1,House,0,0,3.75,0,73.0
12,4,1,0,festival,45,Portalegre,rural,0.18,2,Shared_House,0,0,3.94,1,85.0
6,2,0,0,concert,39,Portalegre,rural,0.18,4,Shared_House,0,0,4.08,0,101.0
3,0,0,0,none,69,Porto,urban,0.85,5,Apartment,1,0,3.74,0,158.0
8,5,1,0,fair,51,Coimbra,urban,0.55,3,Room,0,0,4.01,1,115.0
12,3,0,0,none,68,Viseu,historic,0.32,4,Apartment,1,0,4.69,0,135.0
7,4,1,0,sports_event,53,Santarém,urban,0.35,1,Room,0,0,4.37,1,82.0
1,3,0,0,fair,23,Braga,urban,0.58,5,Apartment,0,0,5.0,0,194.0
4,3,0,0,national_holiday,52,Aveiro,coastal,0.48,1,Apartment,0,0,3.86,1,128.0
12,3,0,1,festival,82,Santarém,urban,0.35,5,Shared_House,1,0,3.98,0,142.0
7,5,1,0,sports_event,37,Santarém,urban,0.35,2,House,0,1,4.28,1,230.0
12,5,1,0,none,70,Madeira,urban,0.65,1,Apartment,1,0,3.94,0,182.0
7,6,1,0,none,60,Portalegre,rural,0.18,3,Room,1,0,4.19,1,61.0
1,3,0,0,fair,8,Braga,urban,0.58,1,Apartment,1,1,3.24,0,91.0
11,2,0,0,none,8,Leiria,coastal,0.4,1,Apartment,1,0,4.01,1,70.0
10,0,0,0,concert,52,Guarda,rural,0.14,3,Apartment,1,0,4.64,1,122.0
9,3,0,0,none,18,Santarém,urban,0.35,4,Room,0,0,5.0,1,91.0
12,6,1,0,none,38,Aveiro,coastal,0.48,2,House,1,0,4.92,1,235.0
3,1,0,0,none,41,Guarda,rural,0.14,3,House,0,0,4.26,0,76.0
11,5,1,0,festival,42,Coimbra,urban,0.55,3,House,0,0,4.44,1,286.0
3,5,1,0,none,66,Setúbal,coastal,0.6,2,House,0,0,4.37,1,269.0
12,4,1,0,none,34,Beja,rural,0.2,3,Apartment,0,0,3.92,1,85.0
3,3,0,0,national_holiday,10,Guarda,rural,0.14,3,Apartment,0,1,3.72,1,113.0
7,5,1,0,concert,45,Guarda,rural,0.14,5,Apartment,0,0,4.32,1,153.0
10,0,0,0,concert,78,Braga,urban,0.58,3,Room,0,0,4.14,1,106.0
1,0,0,0,none,33,Évora,historic,0.52,3,Room,0,0,4.62,0,74.0
1,1,0,0,none,69,Santarém,urban,0.35,3,Apartment,0,0,3.01,1,68.0
11,5,1,0,sports_event,42,Vila Real,rural,0.22,4,Apartment,1,0,4.11,0,163.0
1,3,0,0,none,18,Setúbal,coastal,0.6,4,House,1,1,4.8,1,278.0
8,1,0,0,none,50,Portalegre,rural,0.18,3,Apartment,0,1,4.49,0,102.0
12,0,0,0,national_holiday,44,Coimbra,urban,0.55,1,House,0,1,3.71,0,200.0
8,3,0,0,none,66,Viseu,historic,0.32,4,House,0,1,3.55,0,147.0
6,2,0,1,fair,62,Castelo Branco,historic,0.28,3,Apartment,1,0,4.18,0,111.0
6,1,0,0,none,14,Coimbra,urban,0.55,3,Apartment,1,0,4.59,1,152.0
8,0,0,0,none,6,Viana do Castelo,coastal,0.38,3,Shared_House,0,0,4.46,1,82.0
7,5,1,0,none,13,Lisboa,urban,0.92,2,Apartment,0,0,4.26,1,299.0
7,5,1,0,national_holiday,61,Viseu,historic,0.32,3,Apartment,1,0,4.52,0,182.0
2,1,0,0,festival,45,Viseu,historic,0.32,3,Apartment,0,1,4.33,0,171.0
8,3,0,0,concert,34,Viseu,historic,0.32,2,Room,0,0,4.5,1,103.0
9,1,0,0,none,43,Beja,rural,0.2,2,Room,0,0,4.67,1,41.0
9,2,0,0,fair,1,Faro,coastal,0.78,4,House,0,0,3.98,0,398.0
1,0,0,0,festival,51,Lisboa,urban,0.92,3,House,1,0,3.76,1,350.0
9,6,1,0,festival,15,Coimbra,urban,0.55,4,House,1,0,4.56,1,311.0
9,5,1,0,concert,56,Lisboa,urban,0.92,1,Apartment,1,0,3.94,1,330.0
3,6,1,0,concert,15,Lisboa,urban,0.92,3,Apartment,1,0,3.23,1,297.0
11,2,0,0,sports_event,25,Setúbal,coastal,0.6,1,Apartment,0,0,4.91,1,173.0
7,6,1,0,none,85,Açores,rural,0.3,4,House,1,1,4.33,1,305.0
6,3,0,0,fair,59,Aveiro,coastal,0.48,3,House,1,1,4.3,1,245.0
9,1,0,0,none,80,Évora,historic,0.52,3,Shared_House,0,0,4.11,0,77.0
7,2,0,0,national_holiday,45,Santarém,urban,0.35,5,House,1,0,4.62,1,240.0
7,5,1,0,none,66,Bragança,rural,0.15,2,House,0,0,3.56,0,107.0
4,5,1,0,none,45,Portalegre,rural,0.18,3,Shared_House,0,0,4.2,0,65.0
12,5,1,1,national_holiday,57,Viseu,historic,0.32,4,Apartment,0,0,4.34,1,184.0
12,1,0,0,festival,54,Guarda,rural,0.14,3,House,1,1,4.48,0,179.0
2,4,1,1,national_holiday,1,Braga,urban,0.58,3,Room,0,0,3.35,1,113.0
9,6,1,0,concert,56,Açores,rural,0.3,5,House,0,0,4.5,1,337.0
1,0,0,0,sports_event,12,Faro,coastal,0.78,3,Room,0,0,3.99,0,155.0
5,2,0,0,none,56,Beja,rural,0.2,2,House,1,0,3.87,0,72.0
12,0,0,0,festival,11,Leiria,coastal,0.4,2,Shared_House,1,0,3.42,1,97.0
3,0,0,0,concert,75,Viana do Castelo,coastal,0.38,4,Apartment,0,0,5.0,1,162.0
5,6,1,0,fair,53,Portalegre,rural,0.18,1,Room,0,0,4.14,1,53.0
3,1,0,0,none,45,Beja,rural,0.2,3,Apartment,1,0,4.32,0,80.0
9,1,0,0,national_holiday,85,Viseu,historic,0.32,5,Apartment,0,0,3.67,0,160.0
6,0,0,0,none,85,Portalegre,rural,0.18,4,Apartment,0,0,3.44,0,55.0
8,6,1,0,sports_event,26,Braga,urban,0.58,1,House,0,1,4.61,1,268.0
12,3,0,0,concert,86,Viseu,historic,0.32,4,Apartment,0,0,3.53,1,128.0
7,5,1,0,none,39,Viana do Castelo,coastal,0.38,2,Apartment,0,0,4.85,1,155.0
9,1,0,0,none,31,Santarém,urban,0.35,5,House,1,0,5.0,0,180.0
2,4,1,0,sports_event,85,Porto,urban,0.85,3,House,1,1,3.81,1,410.0
3,6,1,0,none,80,Viseu,historic,0.32,3,Apartment,1,0,3.97,1,114.0
12,4,1,0,none,77,Faro,coastal,0.78,1,House,1,0,2.93,0,323.0
11,3,0,0,none,38,Aveiro,coastal,0.48,2,Room,0,0,3.33,1,36.0
8,1,0,0,concert,54,Aveiro,coastal,0.48,3,Room,1,0,4.52,1,129.0
5,1,0,0,none,88,Braga,urban,0.58,4,House,0,1,4.83,0,219.0
3,4,1,0,none,4,Évora,historic,0.52,3,Room,0,0,3.81,1,88.0
11,3,0,0,national_holiday,84,Setúbal,coastal,0.6,4,Room,0,0,3.88,0,141.0
10,0,0,0,concert,85,Açores,rural,0.3,1,Apartment,0,0,3.41,0,90.0
3,1,0,0,festival,40,Porto,urban,0.85,2,Apartment,0,0,3.63,1,194.0
8,3,0,0,festival,4,Coimbra,urban,0.55,3,Apartment,0,0,4.86,1,222.0
8,1,0,0,none,32,Vila Real,rural,0.22,3,House,0,0,4.36,0,122.0
6,3,0,0,none,10,Setúbal,coastal,0.6,3,Shared_House,1,0,3.3,0,74.0
12,2,0,0,none,62,Setúbal,coastal,0.6,2,Apartment,0,0,4.48,0,153.0
2,2,0,0,none,33,Lisboa,urban,0.92,1,House,1,0,5.0,1,266.0
4,0,0,0,none,34,Faro,coastal,0.78,3,Apartment,1,1,4.0,1,251.0
2,3,0,0,festival,51,Beja,rural,0.2,5,House,1,0,3.87,1,185.0
9,1,0,0,none,60,Guarda,rural,0.14,4,Room,0,0,4.49,0,79.0
8,4,1,0,none,12,Lisboa,urban,0.92,4,Room,0,0,4.7,1,193.0
12,6,1,1,fair,38,Vila Real,rural,0.22,3,Shared_House,0,0,4.61,0,90.0
7,6,1,0,none,9,Aveiro,coastal,0.48,4,House,0,0,4.04,1,266.0
2,4,1,0,sports_event,46,Castelo Branco,historic,0.28,4,House,1,0,3.99,1,213.0
6,5,1,0,none,30,Bragança,rural,0.15,1,Room,0,0,3.34,0,24.0
2,6,1,0,festival,35,Lisboa,urban,0.92,2,House,1,1,3.59,1,495.0
9,4,1,0,none,17,Madeira,urban,0.65,4,Shared_House,0,0,4.38,1,129.0
9,1,0,0,none,72,Porto,urban,0.85,4,Apartment,0,0,3.93,1,155.0
11,3,0,0,concert,26,Madeira,urban,0.65,4,Apartment,1,0,4.32,0,228.0
5,5,1,0,none,55,Beja,rural,0.2,2,Apartment,0,0,4.08,1,76.0
4,4,1,0,none,59,Viana do Castelo,coastal,0.38,4,Room,0,0,4.23,1,98.0
1,2,0,0,none,62,Portalegre,rural,0.18,2,Apartment,0,0,4.21,0,57.0
5,1,0,0,none,1,Aveiro,coastal,0.48,2,Room,0,0,4.57,1,64.0
6,1,0,0,none,74,Setúbal,coastal,0.6,3,House,1,0,4.62,1,245.0
10,2,0,1,festival,59,Guarda,rural,0.14,3,House,0,1,4.19,1,172.0
10,5,1,0,festival,72,Madeira,urban,0.65,2,Room,0,0,4.1,1,168.0
2,3,0,0,festival,67,Lisboa,urban,0.92,3,Apartment,0,0,4.18,1,271.0
4,0,0,0,concert,46,Beja,rural,0.2,4,Apartment,0,1,3.81,0,144.0
7,6,1,0,none,67,Beja,rural,0.2,2,House,1,1,4.74,1,175.0
5,2,0,0,fair,23,Bragança,rural,0.15,2,Shared_House,0,0,3.92,0,43.0
1,2,0,0,none,31,Madeira,urban,0.65,3,Apartment,0,0,4.12,0,133.0
11,5,1,0,none,33,Faro,coastal,0.78,5,Apartment,1,0,4.29,1,308.0
9,2,0,0,sports_event,36,Setúbal,coastal,0.6,5,Room,0,0,4.36,0,161.0
7,4,1,0,festival,50,Madeira,urban,0.65,2,Apartment,0,0,4.33,1,300.0
4,6,1,0,none,67,Castelo Branco,historic,0.28,3,Apartment,0,0,4.13,1,103.0
11,3,0,0,national_holiday,22,Castelo Branco,historic,0.28,4,Room,1,0,5.0,1,135.0
1,4,1,0,national_holiday,30,Porto,urban,0.85,2,Room,0,0,4.24,0,149.0
6,2,0,0,none,71,Lisboa,urban,0.92,3,Apartment,0,0,4.07,0,198.0
10,6,1,0,festival,71,Viana do Castelo,coastal,0.38,3,Shared_House,0,0,5.0,1,130.0
12,0,0,0,concert,21,Lisboa,urban,0.92,3,Room,1,0,3.81,1,152.0
4,1,0,0,national_holiday,10,Faro,coastal,0.78,1,Apartment,1,0,5.0,1,317.0
8,6,1,1,festival,31,Braga,urban,0.58,2,House,1,0,3.2,1,254.0
3,3,0,0,none,11,Açores,rural,0.3,2,Room,0,0,4.0,0,63.0
2,1,0,0,sports_event,57,Setúbal,coastal,0.6,3,House,1,0,3.37,0,232.0
5,2,0,0,none,65,Bragança,rural,0.15,1,House,0,0,3.52,0,38.0
11,1,0,0,sports_event,63,Aveiro,coastal,0.48,3,Apartment,1,0,4.43,1,179.0
9,3,0,0,festival,31,Bragança,rural,0.15,3,Apartment,0,0,4.34,0,131.0
6,1,0,0,sports_event,36,Braga,urban,0.58,1,House,1,0,3.9,1,203.0
4,2,0,0,none,44,Bragança,rural,0.15,2,Apartment,1,0,5.0,0,89.0
2,6,1,0,none,69,Santarém,urban,0.35,2,Room,0,0,4.77,0,61.0
4,0,0,0,festival,86,Guarda,rural,0.14,5,Apartment,0,0,4.17,0,131.0
2,5,1,0,none,82,Beja,rural,0.2,2,Apartment,1,0,3.3,0,61.0
3,0,0,0,none,31,Évora,historic,0.52,3,Apartment,0,0,4.68,0,125.0
9,3,0,0,none,15,Bragança,rural,0.15,3,Room,0,0,3.96,0,32.0
2,4,1,0,fair,5,Açores,rural,0.3,2,House,1,0,4.35,1,257.0
1,6,1,0,none,83,Évora,historic,0.52,4,Apartment,0,0,4.6,1,187.0
7,1,0,0,sports_event,85,Setúbal,coastal,0.6,3,House,0,0,4.0,1,318.0
4,0,0,0,none,49,Leiria,coastal,0.4,3,House,1,1,4.84,1,201.0
6,5,1,0,concert,7,Castelo Branco,historic,0.28,1,Room,0,0,4.01,1,65.0
2,6,1,0,none,41,Porto,urban,0.85,2,Apartment,0,0,4.47,1,208.0
3,3,0,0,none,66,Viseu,historic,0.32,2,Apartment,1,1,4.58,0,116.0
6,0,0,0,none,72,Beja,rural,0.2,3,Room,0,0,4.66,0,47.0
9,3,0,0,none,71,Setúbal,coastal,0.6,5,House,1,0,5.0,1,292.0
5,2,0,0,concert,71,Bragança,rural,0.15,3,House,1,1,3.79,1,150.0
7,3,0,0,sports_event,9,Açores,rural,0.3,2,Apartment,0,0,3.63,1,166.0
7,0,0,0,concert,62,Coimbra,urban,0.55,1,Room,0,0,4.04,1,85.0
4,2,0,0,sports_event,90,Madeira,urban,0.65,2,Shared_House,0,0,5.0,1,143.0
4,6,1,0,concert,37,Madeira,urban,0.65,1,Apartment,1,0,4.88,1,272.0
6,0,0,0,national_holiday,47,Porto,urban,0.85,2,Apartment,0,0,3.92,0,232.0
1,6,1,1,sports_event,25,Guarda,rural,0.14,5,Apartment,1,0,4.03,1,159.0
9,3,0,0,none,73,Madeira,urban,0.65,3,Apartment,1,0,4.19,0,183.0
8,4,1,0,none,33,Vila Real,rural,0.22,2,House,1,1,4.34,1,185.0
4,6,1,0,festival,89,Lisboa,urban,0.92,2,Apartment,0,0,4.52,1,358.0
5,1,0,0,concert,52,Beja,rural,0.2,3,House,1,1,4.54,1,168.0
4,6,1,0,festival,31,Évora,historic,0.52,1,Apartment,0,0,4.8,1,217.0
8,1,0,0,none,51,Porto,urban,0.85,5,Apartment,0,1,5.0,0,269.0
10,2,0,0,sports_event,4,Viseu,historic,0.32,3,Shared_House,1,0,4.13,1,100.0
2,3,0,0,none,84,Madeira,urban,0.65,3,Apartment,0,0,4.09,0,117.0
5,4,1,0,none,42,Aveiro,coastal,0.48,4,Shared_House,0,0,4.02,1,86.0
1,2,0,0,fair,42,Madeira,urban,0.65,2,House,1,0,4.06,0,228.0
6,5,1,0,festival,37,Lisboa,urban,0.92,1,Apartment,0,0,4.38,1,359.0
3,0,0,0,none,60,Portalegre,rural,0.18,3,House,1,1,4.52,0,107.0
5,4,1,0,none,71,Leiria,coastal,0.4,2,Shared_House,1,0,5.0,1,95.0
6,4,1,0,festival,60,Vila Real,rural,0.22,1,Room,1,0,3.85,1,71.0
4,3,0,0,none,12,Porto,urban,0.85,5,Apartment,1,0,4.38,1,206.0
5,4,1,0,none,66,Madeira,urban,0.65,4,Apartment,0,0,3.78,1,227.0
10,5,1,0,festival,58,Porto,urban,0.85,1,House,1,0,4.4,1,433.0
10,6,1,0,sports_event,90,Bragança,rural,0.15,5,Apartment,0,0,5.0,1,167.0
1,1,0,0,none,24,Évora,historic,0.52,1,Apartment,0,1,4.13,0,108.0
5,3,0,0,festival,73,Viana do Castelo,coastal,0.38,4,Shared_House,0,0,5.0,1,138.0
11,3,0,0,festival,79,Viana do Castelo,coastal,0.38,3,House,0,1,3.78,1,211.0
7,2,0,0,none,4,Castelo Branco,historic,0.28,3,Room,0,0,3.97,1,56.0
3,6,1,0,none,83,Santarém,urban,0.35,3,House,0,1,4.03,1,172.0
8,3,0,0,none,74,Viseu,historic,0.32,1,Apartment,1,0,4.29,1,83.0
2,4,1,0,none,73,Portalegre,rural,0.18,5,Apartment,0,0,4.12,0,115.0
1,1,0,1,concert,90,Guarda,rural,0.14,2,Room,0,0,4.58,0,71.0
8,2,0,0,none,19,Faro,coastal,0.78,5,Apartment,1,0,2.83,1,216.0
7,4,1,0,national_holiday,4,Santarém,urban,0.35,1,House,1,1,3.71,1,204.0
10,2,0,0,none,56,Leiria,coastal,0.4,2,Apartment,1,0,5.0,1,136.0
5,5,1,0,sports_event,54,Castelo Branco,historic,0.28,1,Apartment,0,0,3.5,1,107.0
11,0,0,0,festival,78,Castelo Branco,historic,0.28,2,Apartment,0,0,4.02,0,99.0
6,1,0,0,concert,54,Açores,rural,0.3,3,Apartment,0,0,4.51,0,171.0
9,2,0,0,fair,11,Lisboa,urban,0.92,3,Room,0,0,4.18,1,140.0
2,2,0,0,none,48,Santarém,urban,0.35,4,Room,0,0,3.78,0,70.0
2,5,1,0,none,35,Castelo Branco,historic,0.28,3,Room,0,0,4.42,1,67.0
10,6,1,0,national_holiday,79,Leiria,coastal,0.4,3,Room,0,0,4.62,1,138.0
11,3,0,0,national_holiday,64,Faro,coastal,0.78,2,House,1,0,3.9,0,366.0
12,3,0,0,national_holiday,74,Bragança,rural,0.15,3,Apartment,0,0,4.4,1,122.0
4,2,0,0,none,66,Coimbra,urban,0.55,5,House,1,1,4.63,1,220.0
1,3,0,0,none,16,Lisboa,urban,0.92,2,Apartment,1,0,4.74,0,173.0
12,4,1,1,national_holiday,78,Açores,rural,0.3,2,Room,0,0,4.39,1,142.0
8,5,1,0,sports_event,10,Viana do Castelo,coastal,0.38,2,Room,0,0,5.0,1,112.0
3,6,1,0,none,24,Madeira,urban,0.65,2,House,1,1,4.22,0,338.0
10,4,1,0,none,15,Viseu,historic,0.32,3,Apartment,0,0,3.71,1,110.0
11,2,0,0,festival,9,Braga,urban,0.58,1,Apartment,1,0,4.09,1,139.0
4,0,0,0,none,80,Açores,rural,0.3,4,Apartment,0,0,4.81,0,138.0
10,4,1,0,sports_event,13,Viseu,historic,0.32,2,Apartment,1,0,3.75,1,157.0
10,5,1,0,none,9,Coimbra,urban,0.55,2,Shared_House,0,0,3.08,0,20.0
7,3,0,0,fair,9,Santarém,urban,0.35,1,Apartment,0,0,4.43,1,108.0
8,6,1,0,none,59,Lisboa,urban,0.92,2,Shared_House,0,0,3.98,1,102.0
4,2,0,0,festival,21,Portalegre,rural,0.18,4,House,1,0,5.0,1,192.0
12,0,0,0,festival,62,Santarém,urban,0.35,5,Apartment,0,0,4.33,0,189.0
12,4,1,0,none,24,Aveiro,coastal,0.48,3,Apartment,0,0,4.82,0,179.0
12,0,0,0,none,20,Beja,rural,0.2,2,Apartment,0,0,3.95,0,67.0
9,0,0,0,fair,15,Guarda,rural,0.14,4,House,1,1,4.5,1,176.0
1,4,1,0,festival,21,Lisboa,urban,0.92,3,House,0,0,4.39,1,527.0
5,3,0,0,none,22,Madeira,urban,0.65,3,Apartment,0,0,4.89,1,184.0
6,4,1,0,sports_event,76,Porto,urban,0.85,3,Apartment,1,0,4.3,1,327.0
12,5,1,0,none,48,Braga,urban,0.58,3,Apartment,0,0,3.94,1,128.0
7,2,0,0,none,38,Bragança,rural,0.15,1,Apartment,0,0,4.72,0,52.0
7,4,1,0,none,82,Leiria,coastal,0.4,2,Room,0,1,3.84,1,94.0
2,3,0,0,none,45,Açores,rural,0.3,5,House,1,1,3.79,0,200.0
10,4,1,0,none,79,Beja,rural,0.2,1,Apartment,1,0,4.18,0,70.0
5,4,1,0,none,36,Coimbra,urban,0.55,2,Room,0,0,4.04,0,73.0
2,2,0,0,none,89,Faro,coastal,0.78,2,Apartment,0,0,4.21,0,139.0
12,3,0,0,none,17,Évora,historic,0.52,2,Room,0,0,3.87,0,62.0
3,4,1,0,festival,47,Évora,historic,0.52,5,House,1,0,4.76,1,355.0
1,0,0,0,sports_event,40,Guarda,rural,0.14,2,Room,0,0,4.75,0,69.0
1,1,0,0,none,80,Braga,urban,0.58,3,Apartment,0,0,4.62,0,89.0
6,0,0,0,none,25,Viana do Castelo,coastal,0.38,4,Room,0,0,4.57,1,88.0
2,1,0,0,sports_event,31,Porto,urban,0.85,1,Room,0,0,3.28,0,82.0
11,3,0,0,festival,28,Portalegre,rural,0.18,1,Apartment,0,0,4.26,0,105.0
7,6,1,0,concert,56,Madeira,urban,0.65,2,Apartment,0,0,4.63,1,292.0
4,6,1,0,none,19,Lisboa,urban,0.92,2,Room,0,0,4.87,0,147.0
1,5,1,0,none,43,Aveiro,coastal,0.48,2,Apartment,0,0,4.1,0,128.0
6,3,0,0,none,57,Leiria,coastal,0.4,3,House,1,1,4.85,1,204.0
2,1,0,0,festival,20,Castelo Branco,historic,0.28,2,Apartment,0,0,4.35,1,120.0
12,2,0,0,none,26,Aveiro,coastal,0.48,3,Apartment,0,0,2.91,0,81.0
4,5,1,1,national_holiday,13,Bragança,rural,0.15,5,Room,0,0,4.15,1,139.0
6,6,1,0,none,15,Aveiro,coastal,0.48,2,Apartment,0,0,3.78,1,155.0
1,6,1,0,sports_event,84,Porto,urban,0.85,2,Apartment,1,0,3.89,1,267.0
2,2,0,0,none,73,Guarda,rural,0.14,1,Apartment,1,0,4.73,0,35.0
3,3,0,0,sports_event,18,Santarém,urban,0.35,1,Room,0,0,4.35,0,63.0
1,3,0,0,none,52,Beja,rural,0.2,2,Apartment,0,0,3.94,0,39.0
9,0,0,0,none,10,Coimbra,urban,0.55,3,House,1,0,3.86,0,169.0
12,0,0,0,none,78,Guarda,rural,0.14,2,House,1,0,4.42,0,74.0
12,0,0,1,national_holiday,69,Porto,urban,0.85,2,Apartment,1,0,4.11,0,245.0
4,5,1,0,none,71,Guarda,rural,0.14,2,Apartment,0,0,4.55,1,94.0
10,1,0,0,none,29,Açores,rural,0.3,3,Apartment,0,0,3.79,0,91.0
7,4,1,0,concert,34,Lisboa,urban,0.92,2,Apartment,0,0,4.01,0,339.0
1,2,0,0,none,79,Viana do Castelo,coastal,0.38,4,Shared_House,0,0,3.64,0,62.0
2,5,1,0,none,51,Madeira,urban,0.65,3,Room,0,0,3.92,0,99.0
7,0,0,0,none,53,Beja,rural,0.2,2,Room,0,0,5.0,0,65.0
6,2,0,0,sports_event,89,Vila Real,rural,0.22,3,Room,0,0,3.83,1,98.0
1,1,0,0,none,74,Lisboa,urban,0.92,1,Apartment,0,1,3.96,0,148.0
12,3,0,0,fair,33,Coimbra,urban,0.55,3,Room,0,0,3.79,0,90.0
9,3,0,0,concert,5,Leiria,coastal,0.4,2,House,1,1,4.11,1,236.0
7,1,0,0,festival,22,Guarda,rural,0.14,3,Room,1,0,4.16,1,111.0
12,4,1,0,none,69,Portalegre,rural,0.18,3,Shared_House,0,0,4.81,0,77.0
12,6,1,0,concert,15,Portalegre,rural,0.18,3,Apartment,0,0,4.0,1,135.0
12,0,0,0,fair,28,Braga,urban,0.58,4,House,1,0,4.26,0,215.0
4,0,0,0,concert,85,Santarém,urban,0.35,1,Apartment,0,0,3.26,0,69.0
11,6,1,1,national_holiday,40,Santarém,urban,0.35,3,Room,0,0,3.77,1,87.0
7,4,1,0,sports_event,23,Leiria,coastal,0.4,1,Apartment,1,0,4.74,1,190.0
9,6,1,0,sports_event,50,Aveiro,coastal,0.48,2,Apartment,1,0,3.77,1,210.0
11,4,1,0,national_holiday,84,Coimbra,urban,0.55,2,Room,1,1,4.58,1,141.0
2,5,1,0,none,20,Castelo Branco,historic,0.28,3,Apartment,0,0,3.74,1,104.0
6,1,0,0,concert,54,Açores,rural,0.3,3,House,1,0,4.11,0,216.0
2,3,0,0,sports_event,72,Vila Real,rural,0.22,4,House,0,1,5.0,1,200.0
4,2,0,0,fair,54,Bragança,rural,0.15,3,House,1,0,4.57,1,127.0
5,5,1,0,sports_event,80,Açores,rural,0.3,4,Apartment,0,0,3.22,0,206.0
11,0,0,0,fair,37,Guarda,rural,0.14,5,Apartment,0,0,5.0,1,143.0
11,0,0,0,none,72,Castelo Branco,historic,0.28,2,Apartment,1,0,3.68,0,55.0
5,3,0,0,none,36,Madeira,urban,0.65,4,House,1,0,5.0,1,319.0
4,6,1,0,none,6,Madeira,urban,0.65,2,Shared_House,0,0,3.98,1,106.0
7,6,1,0,concert,29,Viana do Castelo,coastal,0.38,2,Room,0,0,3.59,1,94.0
11,4,1,0,none,13,Braga,urban,0.58,5,House,1,1,3.97,1,253.0
12,3,0,0,festival,66,Açores,rural,0.3,2,Apartment,0,1,3.87,0,183.0
3,1,0,0,national_holiday,37,Aveiro,coastal,0.48,5,Shared_House,0,0,3.93,1,130.0
3,6,1,0,fair,67,Castelo Branco,historic,0.28,4,Apartment,1,0,4.23,0,140.0
9,1,0,0,sports_event,68,Lisboa,urban,0.92,4,Shared_House,0,0,4.44,1,167.0
4,0,0,0,concert,48,Bragança,rural,0.15,3,Shared_House,0,0,4.91,1,87.0
3,3,0,0,none,84,Açores,rural,0.3,3,Shared_House,0,0,4.31,0,65.0
1,2,0,0,none,41,Coimbra,urban,0.55,3,Apartment,1,0,4.24,0,109.0
5,3,0,0,festival,63,Viana do Castelo,coastal,0.38,3,Apartment,0,0,3.84,1,167.0
5,6,1,0,concert,58,Coimbra,urban,0.55,4,House,1,1,4.06,1,297.0
7,1,0,0,none,64,Bragança,rural,0.15,2,Apartment,0,0,3.95,0,57.0
3,6,1,0,none,45,Lisboa,urban,0.92,3,Apartment,0,0,3.51,0,212.0
9,1,0,0,sports_event,39,Viseu,historic,0.32,5,House,1,1,5.0,1,272.0
9,2,0,0,none,75,Coimbra,urban,0.55,2,House,0,0,4.32,0,129.0
6,0,0,0,fair,82,Bragança,rural,0.15,4,Apartment,1,0,4.33,0,126.0
3,4,1,0,none,6,Faro,coastal,0.78,2,Apartment,0,0,4.81,1,304.0
7,6,1,0,fair,89,Coimbra,urban,0.55,1,House,1,1,2.91,1,223.0
9,6,1,0,none,82,Coimbra,urban,0.55,3,Apartment,0,0,5.0,0,170.0
5,1,0,0,concert,53,Évora,historic,0.52,3,House,1,0,3.77,0,244.0
4,5,1,0,sports_event,48,Viseu,historic,0.32,4,Room,1,0,3.76,1,129.0
7,0,0,0,none,42,Bragança,rural,0.15,1,Room,0,0,3.93,0,20.0
5,4,1,0,none,46,Madeira,urban,0.65,1,Room,0,0,4.69,0,121.0
5,4,1,0,fair,16,Guarda,rural,0.14,4,House,0,0,5.0,1,177.0
5,1,0,0,none,36,Aveiro,coastal,0.48,3,Room,0,0,5.0,0,95.0
4,0,0,0,sports_event,86,Beja,rural,0.2,3,House,1,0,3.96,0,140.0
9,0,0,0,none,48,Aveiro,coastal,0.48,2,Room,0,0,3.3,0,47.0
6,4,1,0,concert,33,Porto,urban,0.85,5,Apartment,0,0,3.99,1,330.0
6,4,1,1,national_holiday,20,Évora,historic,0.52,5,Room,0,0,3.88,1,161.0
8,0,0,0,festival,70,Coimbra,urban,0.55,3,Apartment,0,0,3.38,0,170.0
5,3,0,0,festival,45,Beja,rural,0.2,2,Apartment,0,0,4.49,0,110.0
2,5,1,1,national_holiday,53,Guarda,rural,0.14,5,House,0,1,4.2,1,219.0
11,1,0,0,none,36,Viseu,historic,0.32,5,Apartment,0,0,4.45,0,126.0
1,4,1,0,fair,4,Castelo Branco,historic,0.28,3,Apartment,0,1,4.57,1,151.0
7,2,0,0,sports_event,27,Açores,rural,0.3,3,Room,0,0,4.54,1,134.0
4,1,0,0,national_holiday,54,Beja,rural,0.2,3,House,1,1,4.17,1,166.0
3,2,0,0,concert,20,Viana do Castelo,coastal,0.38,2,Room,0,0,5.0,0,101.0
1,2,0,0,sports_event,46,Beja,rural,0.2,3,Room,0,0,3.95,1,90.0
11,3,0,0,festival,78,Santarém,urban,0.35,3,House,1,1,3.88,0,204.0
6,1,0,0,national_holiday,17,Aveiro,coastal,0.48,3,Shared_House,0,0,4.08,1,116.0
5,2,0,0,festival,77,Madeira,urban,0.65,4,Apartment,0,0,4.47,0,265.0
9,4,1,0,none,13,Guarda,rural,0.14,3,Apartment,0,0,4.54,0,96.0
1,2,0,0,concert,44,Viseu,historic,0.32,4,Apartment,1,0,4.03,0,121.0
7,4,1,0,national_holiday,59,Beja,rural,0.2,2,Room,0,0,4.04,1,84.0
6,0,0,1,national_holiday,21,Évora,historic,0.52,5,Apartment,1,0,4.85,0,271.0
7,0,0,0,none,21,Coimbra,urban,0.55,2,House,1,0,3.55,1,157.0
2,6,1,0,festival,41,Madeira,urban,0.65,2,House,0,1,5.0,1,441.0
12,3,0,0,concert,2,Évora,historic,0.52,3,Room,0,0,4.05,1,118.0
3,4,1,0,none,84,Coimbra,urban,0.55,1,Room,0,0,4.1,0,47.0
9,5,1,0,concert,24,Beja,rural,0.2,2,Apartment,1,1,4.38,1,147.0
9,1,0,0,festival,71,Setúbal,coastal,0.6,4,Apartment,1,0,4.47,1,278.0
5,6,1,0,none,26,Coimbra,urban,0.55,2,House,0,0,3.87,1,206.0
2,2,0,0,festival,73,Leiria,coastal,0.4,4,Room,1,0,4.37,0,134.0
4,6,1,0,none,17,Faro,coastal,0.78,2,Apartment,1,0,3.73,0,270.0
10,2,0,0,concert,64,Portalegre,rural,0.18,2,Room,0,0,3.9,1,61.0
11,2,0,0,none,65,Porto,urban,0.85,2,Apartment,1,0,3.4,0,107.0
12,4,1,0,concert,66,Vila Real,rural,0.22,3,Apartment,0,0,4.27,1,138.0
3,1,0,0,none,5,Viseu,historic,0.32,3,Apartment,0,0,4.11,0,70.0
8,4,1,0,national_holiday,14,Viana do Castelo,coastal,0.38,2,Room,0,0,3.19,1,94.0
2,6,1,0,concert,79,Viana do Castelo,coastal,0.38,2,Room,0,0,3.86,0,86.0
9,4,1,0,none,32,Santarém,urban,0.35,1,House,0,0,4.19,0,142.0
5,0,0,0,national_holiday,73,Faro,coastal,0.78,3,Room,0,0,4.63,1,207.0
9,4,1,0,none,75,Évora,historic,0.52,3,Apartment,0,0,3.56,1,151.0
9,0,0,0,festival,63,Santarém,urban,0.35,2,Apartment,1,0,4.05,1,142.0
12,0,0,0,fair,16,Leiria,coastal,0.4,2,Room,1,0,3.65,1,82.0
6,1,0,0,fair,31,Castelo Branco,historic,0.28,5,Apartment,0,0,4.56,0,150.0
5,2,0,0,sports_event,7,Portalegre,rural,0.18,2,Shared_House,0,0,3.87,1,67.0
7,0,0,0,national_holiday,1,Madeira,urban,0.65,5,Room,0,0,4.46,1,212.0
2,0,0,0,none,77,Porto,urban,0.85,2,Room,0,0,4.02,0,51.0
2,5,1,0,none,43,Faro,coastal,0.78,5,House,0,0,3.35,0,359.0
7,3,0,0,none,71,Vila Real,rural,0.22,3,Room,0,0,4.17,0,57.0
10,1,0,0,none,15,Évora,historic,0.52,3,Apartment,1,0,3.61,1,114.0
7,3,0,0,festival,15,Guarda,rural,0.14,2,House,1,0,4.76,0,169.0
10,4,1,0,none,51,Aveiro,coastal,0.48,5,Apartment,0,0,5.0,0,208.0
3,5,1,0,festival,48,Braga,urban,0.58,2,House,0,0,4.52,1,277.0
6,2,0,1,national_holiday,38,Braga,urban,0.58,4,House,1,1,3.88,0,253.0
8,1,0,1,national_holiday,4,Bragança,rural,0.15,1,Apartment,0,0,4.21,0,102.0
5,6,1,0,concert,24,Beja,rural,0.2,3,Apartment,0,0,4.35,0,137.0
1,4,1,0,none,14,Bragança,rural,0.15,4,House,1,0,4.74,0,155.0
1,6,1,0,sports_event,15,Lisboa,urban,0.92,3,Shared_House,0,0,4.11,0,174.0
12,2,0,0,concert,24,Coimbra,urban,0.55,3,House,0,1,4.4,1,227.0
8,0,0,0,festival,60,Setúbal,coastal,0.6,4,House,0,0,3.36,1,325.0
4,2,0,0,fair,64,Braga,urban,0.58,3,Shared_House,1,0,4.32,0,98.0
4,2,0,0,national_holiday,73,Setúbal,coastal,0.6,2,Room,0,0,3.77,0,122.0
1,5,1,0,none,28,Portalegre,rural,0.18,2,Room,0,0,4.22,0,50.0
12,5,1,1,sports_event,49,Beja,rural,0.2,4,Apartment,0,0,3.68,1,157.0
2,0,0,0,none,73,Beja,rural,0.2,2,House,1,1,4.41,0,109.0
10,4,1,0,none,44,Vila Real,rural,0.22,3,Apartment,1,0,4.52,0,102.0
3,2,0,0,festival,3,Bragança,rural,0.15,2,Room,0,0,4.08,0,83.0
5,4,1,0,sports_event,45,Coimbra,urban,0.55,5,Apartment,0,1,3.77,1,242.0
4,2,0,0,fair,1,Coimbra,urban,0.55,3,Room,0,0,4.49,1,104.0
10,3,0,0,sports_event,35,Leiria,coastal,0.4,3,Room,0,0,4.98,0,129.0
1,5,1,1,concert,27,Bragança,rural,0.15,4,House,1,1,5.0,1,224.0
5,2,0,0,festival,83,Vila Real,rural,0.22,4,Apartment,1,1,4.4,1,179.0
4,1,0,0,none,66,Bragança,rural,0.15,1,Apartment,1,0,4.34,1,60.0
4,4,1,0,none,60,Santarém,urban,0.35,2,House,1,0,3.54,1,143.0
3,6,1,0,festival,86,Coimbra,urban,0.55,3,Apartment,0,0,4.86,1,225.0
11,3,0,0,sports_event,85,Porto,urban,0.85,2,Apartment,0,0,3.04,1,167.0
5,6,1,0,none,29,Braga,urban,0.58,2,Apartment,1,0,4.8,1,164.0
6,1,0,0,none,50,Setúbal,coastal,0.6,2,House,1,1,4.21,1,250.0
5,5,1,0,none,51,Porto,urban,0.85,2,House,0,0,2.98,1,273.0
12,6,1,1,festival,3,Viana do Castelo,coastal,0.38,1,Apartment,1,0,4.37,1,175.0
5,2,0,0,none,4,Bragança,rural,0.15,2,House,1,1,4.12,0,99.0
5,1,0,0,none,31,Madeira,urban,0.65,1,Apartment,0,0,3.98,0,127.0
4,4,1,0,none,1,Setúbal,coastal,0.6,3,House,1,0,4.07,1,305.0
4,6,1,0,none,63,Aveiro,coastal,0.48,2,Room,0,0,4.19,1,73.0
2,0,0,0,none,2,Vila Real,rural,0.22,1,Apartment,0,0,4.19,0,23.0
8,4,1,0,national_holiday,21,Braga,urban,0.58,4,House,0,0,3.46,1,282.0
1,6,1,0,none,9,Braga,urban,0.58,3,Apartment,1,0,4.4,1,161.0
3,0,0,0,none,45,Vila Real,rural,0.22,5,Apartment,0,0,4.01,0,100.0
3,3,0,0,festival,79,Portalegre,rural,0.18,5,House,1,1,4.99,0,220.0
4,0,0,0,sports_event,5,Évora,historic,0.52,3,House,1,0,4.63,1,290.0
10,1,0,0,none,58,Setúbal,coastal,0.6,4,House,0,0,4.69,1,213.0
8,3,0,0,none,49,Bragança,rural,0.15,2,Shared_House,0,0,5.0,0,36.0
12,2,0,0,national_holiday,81,Bragança,rural,0.15,3,Room,0,0,4.57,0,96.0
5,0,0,0,national_holiday,54,Porto,urban,0.85,3,Apartment,0,0,4.13,1,237.0
12,5,1,0,none,76,Évora,historic,0.52,3,House,1,0,2.92,1,217.0
1,1,0,1,festival,63,Castelo Branco,historic,0.28,1,House,1,1,4.32,1,152.0
7,6,1,0,none,69,Beja,rural,0.2,5,House,0,1,5.0,1,213.0
10,1,0,0,none,44,Castelo Branco,historic,0.28,3,Apartment,0,1,4.65,1,116.0
7,3,0,0,none,32,Açores,rural,0.3,4,Shared_House,0,0,3.95,0,74.0
12,5,1,0,sports_event,47,Aveiro,coastal,0.48,5,House,1,0,4.23,1,311.0
4,3,0,0,none,13,Faro,coastal,0.78,4,Room,1,0,3.92,0,134.0
1,2,0,0,none,65,Setúbal,coastal,0.6,2,House,1,1,4.35,0,196.0
10,5,1,0,none,10,Leiria,coastal,0.4,3,Room,0,0,3.94,1,81.0
1,0,0,0,none,84,Santarém,urban,0.35,3,Apartment,1,1,4.92,0,106.0
10,5,1,0,none,3,Faro,coastal,0.78,3,Apartment,1,0,4.26,1,333.0
9,4,1,0,festival,11,Setúbal,coastal,0.6,3,House,1,1,4.33,1,408.0
11,5,1,0,festival,16,Castelo Branco,historic,0.28,3,House,1,0,3.79,1,203.0
6,2,0,0,none,17,Vila Real,rural,0.22,5,Apartment,1,0,3.99,0,91.0
11,2,0,0,none,2,Portalegre,rural,0.18,2,House,1,0,3.62,0,63.0
3,4,1,0,concert,89,Viana do Castelo,coastal,0.38,2,Room,1,0,4.91,1,122.0
6,4,1,0,none,62,Faro,coastal,0.78,3,Room,0,0,3.94,0,169.0
2,6,1,0,none,28,Bragança,rural,0.15,3,Apartment,0,0,4.28,0,83.0
10,6,1,0,fair,35,Guarda,rural,0.14,5,Apartment,0,1,3.43,1,143.0
9,0,0,0,sports_event,21,Madeira,urban,0.65,4,Room,0,0,3.58,0,141.0
10,1,0,0,none,48,Porto,urban,0.85,2,Shared_House,1,0,4.07,0,63.0
10,6,1,0,none,36,Faro,coastal,0.78,3,Apartment,0,0,4.04,0,276.0
4,2,0,0,none,44,Madeira,urban,0.65,4,Apartment,0,0,4.32,0,171.0
1,4,1,0,none,36,Braga,urban,0.58,2,Apartment,0,0,5.0,1,140.0
12,0,0,0,fair,26,Lisboa,urban,0.92,1,House,1,1,3.19,0,290.0
6,0,0,0,festival,46,Porto,urban,0.85,3,Room,0,0,4.69,1,182.0
2,2,0,0,none,11,Açores,rural,0.3,1,Apartment,0,0,4.45,0,65.0
12,5,1,0,none,51,Lisboa,urban,0.92,5,House,1,0,3.89,0,440.0
12,5,1,0,none,49,Évora,historic,0.52,2,Apartment,1,0,3.98,1,169.0
6,6,1,1,national_holiday,11,Castelo Branco,historic,0.28,2,Apartment,1,0,4.76,1,151.0
10,1,0,0,festival,78,Açores,rural,0.3,5,House,1,0,4.17,0,281.0
1,1,0,0,none,86,Açores,rural,0.3,1,House,1,0,4.04,0,116.0
2,3,0,0,fair,68,Viseu,historic,0.32,1,Apartment,1,0,3.68,0,76.0
4,3,0,0,sports_event,86,Leiria,coastal,0.4,1,Apartment,0,0,3.78,0,118.0
8,0,0,0,fair,84,Coimbra,urban,0.55,5,Apartment,0,0,3.59,0,165.0
2,3,0,0,fair,67,Beja,rural,0.2,5,Shared_House,0,0,4.64,0,107.0
1,6,1,0,national_holiday,33,Portalegre,rural,0.18,2,Room,0,0,3.81,1,68.0
9,1,0,0,national_holiday,19,Guarda,rural,0.14,4,House,0,1,3.6,0,155.0
10,5,1,0,none,77,Santarém,urban,0.35,4,Shared_House,1,0,4.29,1,91.0
9,3,0,0,none,44,Beja,rural,0.2,1,House,0,1,3.79,0,84.0
10,3,0,0,none,66,Coimbra,urban,0.55,2,Apartment,1,0,4.97,0,120.0
10,4,1,0,festival,81,Viseu,historic,0.32,5,House,0,0,4.22,1,279.0
8,4,1,0,sports_event,85,Santarém,urban,0.35,2,Room,0,0,4.3,1,104.0
7,4,1,0,none,62,Beja,rural,0.2,3,House,1,0,4.3,0,157.0
11,0,0,0,concert,26,Vila Real,rural,0.22,2,Shared_House,0,0,4.49,0,54.0
5,2,0,0,concert,8,Portalegre,rural,0.18,3,House,0,0,4.56,0,155.0
2,5,1,0,festival,73,Bragança,rural,0.15,2,Shared_House,1,0,4.21,0,93.0
10,0,0,0,none,3,Guarda,rural,0.14,2,Room,0,0,3.69,0,31.0
4,5,1,0,none,46,Setúbal,coastal,0.6,1,Room,0,0,4.12,0,105.0
12,3,0,0,none,27,Setúbal,coastal,0.6,5,Shared_House,0,0,4.23,0,104.0
5,0,0,0,none,40,Portalegre,rural,0.18,1,Apartment,1,0,3.38,0,45.0
11,0,0,0,festival,80,Castelo Branco,historic,0.28,3,House,0,1,3.15,1,168.0
1,6,1,0,none,42,Porto,urban,0.85,3,Apartment,1,0,3.59,1,181.0
8,0,0,0,none,14,Beja,rural,0.2,2,Room,0,0,3.22,0,18.0
6,0,0,0,none,39,Faro,coastal,0.78,4,House,0,1,3.96,0,362.0
6,0,0,1,festival,10,Setúbal,coastal,0.6,2,Apartment,0,1,3.81,1,271.0
4,4,1,0,none,79,Leiria,coastal,0.4,3,Apartment,0,0,4.24,1,138.0
12,6,1,0,national_holiday,4,Évora,historic,0.52,3,Apartment,0,0,4.55,1,225.0
5,1,0,0,none,85,Faro,coastal,0.78,4,House,1,0,4.34,0,345.0
11,5,1,0,fair,20,Aveiro,coastal,0.48,4,Apartment,0,0,4.42,1,191.0
6,5,1,0,none,60,Beja,rural,0.2,2,Shared_House,0,0,4.67,0,48.0
1,1,0,1,national_holiday,80,Bragança,rural,0.15,4,House,1,0,4.04,0,138.0
11,0,0,0,national_holiday,18,Braga,urban,0.58,4,Shared_House,0,0,2.9,0,100.0
3,3,0,0,sports_event,84,Beja,rural,0.2,5,Apartment,0,0,3.33,0,131.0
4,0,0,0,sports_event,38,Faro,coastal,0.78,5,Apartment,1,0,4.45,1,352.0
11,0,0,0,sports_event,46,Porto,urban,0.85,4,Shared_House,0,1,4.3,1,165.0
11,3,0,0,none,33,Lisboa,urban,0.92,3,House,1,0,4.55,0,272.0
12,5,1,0,concert,89,Coimbra,urban,0.55,2,Apartment,0,0,5.0,1,184.0
6,6,1,0,none,61,Vila Real,rural,0.22,4,Room,0,0,4.31,1,78.0
10,4,1,0,concert,33,Faro,coastal,0.78,5,Apartment,0,0,4.15,1,397.0
4,1,0,0,national_holiday,7,Viseu,historic,0.32,1,Apartment,0,0,4.37,1,110.0
9,2,0,0,fair,81,Braga,urban,0.58,3,Room,0,0,3.6,0,84.0
7,4,1,0,sports_event,59,Santarém,urban,0.35,2,Room,0,0,4.58,1,110.0
1,1,0,0,sports_event,12,Viana do Castelo,coastal,0.38,2,House,1,0,4.11,0,204.0
6,3,0,0,festival,43,Bragança,rural,0.15,2,Apartment,0,0,5.0,1,143.0
6,5,1,0,none,24,Faro,coastal,0.78,2,Apartment,1,0,3.4,0,285.0
4,5,1,0,fair,24,Faro,coastal,0.78,4,Apartment,0,0,4.2,1,360.0
5,0,0,0,sports_event,44,Coimbra,urban,0.55,1,Apartment,1,0,3.89,1,138.0
7,2,0,0,none,6,Vila Real,rural,0.22,3,Apartment,0,0,3.67,0,67.0
1,1,0,0,concert,23,Aveiro,coastal,0.48,3,House,1,0,4.51,1,200.0
2,3,0,0,none,5,Setúbal,coastal,0.6,4,Room,0,0,4.04,0,94.0
10,1,0,0,concert,85,Santarém,urban,0.35,1,Shared_House,0,0,4.87,1,66.0
5,6,1,0,concert,81,Aveiro,coastal,0.48,2,Room,0,0,3.93,1,105.0
8,6,1,0,none,15,Castelo Branco,historic,0.28,3,Apartment,0,0,4.0,1,127.0
7,2,0,0,none,52,Lisboa,urban,0.92,4,House,1,0,5.0,1,415.0
7,2,0,0,sports_event,21,Viseu,historic,0.32,3,Shared_House,0,0,3.52,0,100.0
5,3,0,0,none,50,Faro,coastal,0.78,3,Apartment,0,1,3.81,0,234.0
6,0,0,0,national_holiday,42,Setúbal,coastal,0.6,5,Apartment,0,0,2.66,0,199.0
10,6,1,0,none,2,Setúbal,coastal,0.6,2,Apartment,1,0,3.98,1,201.0
12,5,1,0,none,72,Bragança,rural,0.15,2,House,0,0,4.55,0,110.0
4,2,0,0,none,70,Bragança,rural,0.15,5,Shared_House,1,0,4.4,0,90.0
9,3,0,0,concert,6,Leiria,coastal,0.4,4,House,1,0,4.27,1,238.0
12,2,0,0,festival,19,Porto,urban,0.85,2,House,1,1,3.76,1,339.0
1,1,0,0,fair,11,Bragança,rural,0.15,4,House,1,0,4.1,0,113.0
10,2,0,0,national_holiday,35,Aveiro,coastal,0.48,2,Room,0,1,4.0,1,121.0
6,0,0,0,festival,41,Leiria,coastal,0.4,4,Apartment,1,0,4.2,1,225.0
12,5,1,0,none,59,Viseu,historic,0.32,3,House,0,1,4.29,1,191.0
7,4,1,0,none,57,Évora,historic,0.52,3,Shared_House,0,0,4.02,1,74.0
11,6,1,0,fair,13,Bragança,rural,0.15,5,Shared_House,0,0,4.21,0,107.0
2,0,0,0,none,44,Santarém,urban,0.35,4,Apartment,0,0,4.15,0,103.0
2,4,1,0,fair,72,Madeira,urban,0.65,2,Apartment,0,1,3.86,1,251.0
12,3,0,0,fair,81,Leiria,coastal,0.4,4,Shared_House,0,0,4.24,1,96.0
7,4,1,0,festival,76,Setúbal,coastal,0.6,4,Shared_House,0,0,3.56,1,154.0
7,6,1,0,festival,27,Viseu,historic,0.32,3,Apartment,0,1,4.29,1,199.0
3,2,0,0,national_holiday,47,Vila Real,rural,0.22,2,Apartment,1,0,3.64,1,88.0
3,0,0,0,concert,13,Aveiro,coastal,0.48,2,Apartment,0,0,4.19,1,141.0
10,0,0,0,sports_event,33,Bragança,rural,0.15,5,House,1,0,4.43,1,193.0
4,3,0,0,none,26,Açores,rural,0.3,3,Apartment,1,0,3.74,0,95.0
8,1,0,0,none,23,Évora,historic,0.52,3,Apartment,0,0,4.72,0,141.0
4,0,0,0,none,79,Portalegre,rural,0.18,3,Room,0,0,5.0,0,54.0
4,1,0,0,national_holiday,66,Braga,urban,0.58,1,Apartment,1,0,3.87,0,128.0
2,1,0,0,festival,77,Portalegre,rural,0.18,1,Shared_House,0,0,4.13,0,58.0
12,0,0,0,concert,31,Santarém,urban,0.35,2,Apartment,0,0,4.81,0,129.0
12,3,0,0,none,36,Braga,urban,0.58,1,Apartment,0,1,3.3,1,78.0
2,4,1,0,fair,73,Setúbal,coastal,0.6,5,Shared_House,0,0,4.22,0,148.0
5,2,0,0,none,4,Vila Real,rural,0.22,2,Apartment,1,0,4.05,0,64.0
7,0,0,0,sports_event,66,Bragança,rural,0.15,2,Apartment,0,0,4.65,0,115.0
5,4,1,0,none,62,Guarda,rural,0.14,3,Apartment,0,0,4.08,1,77.0
9,0,0,0,fair,32,Bragança,rural,0.15,5,House,0,0,4.43,0,151.0
4,5,1,0,sports_event,85,Braga,urban,0.58,1,House,1,0,3.79,1,267.0
1,2,0,0,none,21,Setúbal,coastal,0.6,2,Shared_House,1,0,4.68,0,72.0
5,2,0,0,none,31,Viseu,historic,0.32,4,Shared_House,0,0,3.64,1,76.0
8,1,0,0,none,33,Braga,urban,0.58,3,Apartment,1,0,4.64,0,127.0
3,1,0,0,none,34,Viseu,historic,0.32,3,Apartment,0,0,4.24,0,77.0
10,1,0,0,none,31,Madeira,urban,0.65,1,House,1,0,3.02,0,129.0
1,3,0,0,none,43,Bragança,rural,0.15,4,Shared_House,0,0,4.23,0,61.0
1,1,0,0,none,87,Santarém,urban,0.35,3,Apartment,0,0,4.5,0,83.0
7,4,1,0,none,44,Madeira,urban,0.65,4,Apartment,1,0,3.59,1,265.0
7,1,0,0,sports_event,57,Évora,historic,0.52,5,Apartment,1,0,3.78,0,239.0
4,3,0,0,none,61,Santarém,urban,0.35,4,Shared_House,0,0,4.24,0,78.0
4,3,0,0,none,60,Açores,rural,0.3,1,Apartment,0,0,3.94,0,72.0
1,4,1,0,fair,30,Coimbra,urban,0.55,4,House,0,0,4.36,1,241.0
8,5,1,0,none,26,Viana do Castelo,coastal,0.38,3,Apartment,1,0,4.1,1,154.0
5,3,0,0,sports_event,33,Leiria,coastal,0.4,1,House,1,0,3.54,1,205.0
2,5,1,0,national_holiday,33,Viseu,historic,0.32,2,Apartment,1,0,5.0,1,175.0
5,1,0,0,concert,75,Castelo Branco,historic,0.28,2,House,0,1,4.03,0,147.0
12,5,1,0,festival,42,Guarda,rural,0.14,5,Apartment,0,0,4.26,1,173.0
4,2,0,1,festival,84,Leiria,coastal,0.4,4,Apartment,1,0,5.0,1,228.0
11,4,1,1,fair,88,Coimbra,urban,0.55,4,Apartment,0,0,4.63,1,188.0
4,3,0,0,concert,62,Leiria,coastal,0.4,4,Room,0,0,4.47,1,122.0
3,6,1,0,none,61,Coimbra,urban,0.55,3,Room,1,0,4.73,1,100.0
4,1,0,1,festival,12,Açores,rural,0.3,4,Apartment,1,0,4.48,1,237.0
4,3,0,0,fair,14,Vila Real,rural,0.22,2,Apartment,0,0,4.48,0,87.0
2,1,0,0,concert,64,Santarém,urban,0.35,2,Apartment,1,0,4.48,1,117.0
8,4,1,0,none,90,Faro,coastal,0.78,3,Apartment,1,0,4.12,0,313.0
5,0,0,0,none,73,Açores,rural,0.3,4,Room,0,0,4.74,0,87.0
9,2,0,0,none,25,Setúbal,coastal,0.6,4,Apartment,1,0,4.54,1,174.0
6,0,0,1,national_holiday,62,Leiria,coastal,0.4,5,House,0,0,3.05,1,243.0
6,2,0,1,sports_event,56,Porto,urban,0.85,4,House,0,0,4.63,1,406.0
6,3,0,0,none,5,Madeira,urban,0.65,2,Shared_House,1,0,3.8,0,86.0
2,2,0,0,none,79,Guarda,rural,0.14,2,Room,0,0,4.32,0,43.0
9,2,0,0,none,32,Lisboa,urban,0.92,3,Apartment,0,0,3.36,0,152.0
2,1,0,0,fair,56,Santarém,urban,0.35,3,Apartment,1,0,3.91,0,99.0
9,5,1,0,fair,31,Faro,coastal,0.78,3,Apartment,0,0,4.02,1,365.0
12,5,1,0,concert,84,Braga,urban,0.58,1,Apartment,0,0,4.47,0,174.0
10,3,0,0,fair,43,Beja,rural,0.2,3,Apartment,1,0,3.91,0,86.0
6,0,0,0,national_holiday,77,Porto,urban,0.85,4,Shared_House,0,0,3.12,1,124.0
4,0,0,0,none,85,Açores,rural,0.3,2,Apartment,0,0,3.95,0,90.0
11,4,1,0,none,4,Porto,urban,0.85,3,Room,0,0,4.01,0,116.0
4,6,1,0,concert,38,Portalegre,rural,0.18,2,Apartment,0,0,4.52,0,124.0
6,6,1,0,festival,62,Bragança,rural,0.15,3,Apartment,1,1,4.27,1,181.0
10,2,0,0,none,76,Castelo Branco,historic,0.28,4,Apartment,0,0,3.82,0,76.0
12,3,0,0,national_holiday,65,Vila Real,rural,0.22,2,Apartment,0,0,4.34,0,98.0
12,1,0,1,national_holiday,60,Vila Real,rural,0.22,4,Apartment,0,0,5.0,1,139.0
2,0,0,0,fair,34,Coimbra,urban,0.55,3,Shared_House,0,0,4.79,1,92.0
11,5,1,0,festival,15,Braga,urban,0.58,2,House,1,0,3.25,1,259.0
2,2,0,1,national_holiday,82,Bragança,rural,0.15,5,Apartment,0,0,5.0,0,151.0
8,3,0,0,fair,4,Aveiro,coastal,0.48,4,Apartment,0,0,4.79,0,196.0
12,2,0,0,concert,73,Bragança,rural,0.15,3,Shared_House,1,0,4.99,0,94.0
8,2,0,0,sports_event,4,Porto,urban,0.85,1,Apartment,1,0,3.44,1,213.0
12,6,1,1,festival,34,Guarda,rural,0.14,3,Apartment,1,0,3.99,1,140.0
5,5,1,0,none,78,Leiria,coastal,0.4,2,Room,0,0,4.49,0,78.0
4,4,1,0,none,21,Évora,historic,0.52,2,House,1,0,3.64,1,233.0
4,2,0,0,none,24,Castelo Branco,historic,0.28,3,Apartment,0,0,4.46,0,98.0
5,5,1,0,none,20,Aveiro,coastal,0.48,5,House,1,1,5.0,0,327.0
9,2,0,0,none,62,Castelo Branco,historic,0.28,2,Apartment,0,0,4.03,0,60.0
6,3,0,0,festival,20,Beja,rural,0.2,4,House,1,0,5.0,1,230.0
9,1,0,0,none,63,Porto,urban,0.85,3,Apartment,0,0,4.55,0,186.0
5,4,1,0,festival,54,Viseu,historic,0.32,3,Room,0,0,3.27,1,115.0
4,0,0,0,none,81,Coimbra,urban,0.55,4,House,1,1,3.77,0,172.0
3,5,1,0,none,58,Viseu,historic,0.32,2,Apartment,0,0,4.75,1,116.0
7,4,1,0,national_holiday,37,Viana do Castelo,coastal,0.38,3,House,0,1,3.68,1,277.0
11,0,0,0,national_holiday,14,Braga,urban,0.58,2,Apartment,0,0,4.74,0,147.0
11,3,0,0,concert,40,Faro,coastal,0.78,2,Shared_House,0,0,4.51,0,122.0
4,1,0,0,none,50,Faro,coastal,0.78,3,Apartment,1,0,4.36,1,222.0
6,3,0,0,sports_event,84,Leiria,coastal,0.4,1,Apartment,1,0,3.91,0,139.0
9,0,0,0,none,23,Setúbal,coastal,0.6,2,Room,0,0,4.35,1,68.0
8,5,1,0,festival,35,Bragança,rural,0.15,2,Apartment,1,0,5.0,1,143.0
1,3,0,0,fair,82,Viana do Castelo,coastal,0.38,1,Apartment,0,0,4.0,1,74.0
8,2,0,0,none,83,Lisboa,urban,0.92,2,Room,0,0,4.51,0,105.0
1,6,1,0,national_holiday,78,Setúbal,coastal,0.6,1,Room,0,0,5.0,1,156.0
2,4,1,0,sports_event,17,Porto,urban,0.85,2,Apartment,0,1,4.33,1,322.0
8,4,1,0,none,11,Viana do Castelo,coastal,0.38,3,House,1,1,3.95,1,243.0
2,1,0,0,none,34,Coimbra,urban,0.55,3,House,1,0,3.95,0,128.0
5,3,0,0,concert,23,Faro,coastal,0.78,5,Room,0,0,3.16,0,166.0
8,4,1,0,none,29,Castelo Branco,historic,0.28,5,House,0,0,3.59,1,176.0
8,6,1,0,none,86,Braga,urban,0.58,4,House,1,0,4.37,0,249.0
6,4,1,0,none,49,Beja,rural,0.2,3,Room,0,0,4.68,1,74.0
2,1,0,0,national_holiday,27,Açores,rural,0.3,2,Apartment,1,0,3.99,0,136.0
10,4,1,0,none,66,Santarém,urban,0.35,2,Apartment,0,0,4.68,1,115.0
12,0,0,0,national_holiday,74,Castelo Branco,historic,0.28,5,House,1,0,4.65,1,208.0
11,2,0,0,sports_event,39,Portalegre,rural,0.18,5,Apartment,1,0,3.81,0,136.0
9,6,1,0,none,5,Coimbra,urban,0.55,3,House,1,0,3.9,0,221.0
5,5,1,0,none,43,Leiria,coastal,0.4,3,Apartment,0,0,3.53,1,123.0
11,6,1,0,concert,35,Bragança,rural,0.15,1,House,1,1,4.57,1,152.0
6,2,0,0,none,18,Viseu,historic,0.32,2,House,1,1,4.2,1,154.0
2,4,1,0,none,56,Santarém,urban,0.35,3,Room,1,0,4.64,1,75.0
11,4,1,0,none,67,Lisboa,urban,0.92,2,Apartment,0,0,4.17,1,219.0
4,1,0,0,fair,36,Aveiro,coastal,0.48,3,Room,0,0,3.73,0,94.0
12,6,1,0,sports_event,35,Évora,historic,0.52,4,Apartment,1,0,4.59,1,255.0
5,6,1,0,none,72,Castelo Branco,historic,0.28,4,Room,0,0,3.21,0,62.0
11,0,0,0,none,17,Castelo Branco,historic,0.28,4,House,0,1,4.03,0,139.0
7,5,1,0,none,89,Coimbra,urban,0.55,2,Apartment,0,0,3.81,0,127.0
6,3,0,0,concert,38,Setúbal,coastal,0.6,3,Shared_House,0,0,4.96,1,122.0
4,4,1,0,none,47,Évora,historic,0.52,3,House,1,1,5.0,1,302.0
11,3,0,0,national_holiday,54,Viseu,historic,0.32,3,Apartment,0,0,4.41,1,135.0
1,1,0,0,fair,42,Setúbal,coastal,0.6,5,House,1,1,3.91,0,239.0
6,0,0,0,none,5,Leiria,coastal,0.4,2,House,1,1,5.0,1,244.0
5,3,0,0,fair,64,Santarém,urban,0.35,1,Room,0,0,3.85,0,28.0
7,5,1,0,sports_event,81,Aveiro,coastal,0.48,2,Apartment,0,0,3.51,1,191.0
4,5,1,0,sports_event,68,Setúbal,coastal,0.6,3,Apartment,1,0,3.21,1,252.0
8,1,0,0,none,62,Viseu,historic,0.32,2,Apartment,0,0,4.25,1,84.0
5,6,1,0,fair,6,Braga,urban,0.58,2,House,1,0,3.34,1,211.0
3,2,0,0,none,71,Santarém,urban,0.35,2,House,1,0,4.91,1,119.0
3,3,0,0,concert,40,Beja,rural,0.2,3,Room,0,0,3.91,0,66.0
9,2,0,0,none,28,Setúbal,coastal,0.6,3,Apartment,0,0,3.56,1,135.0
4,3,0,1,national_holiday,45,Viana do Castelo,coastal,0.38,2,House,0,1,4.76,1,241.0
4,3,0,0,national_holiday,21,Braga,urban,0.58,4,Shared_House,0,0,4.64,1,123.0
8,4,1,0,none,28,Porto,urban,0.85,3,Apartment,0,0,5.0,1,308.0
4,3,0,0,none,73,Évora,historic,0.52,1,Apartment,0,0,3.35,0,74.0
5,3,0,0,concert,69,Faro,coastal,0.78,1,Shared_House,0,0,3.24,1,83.0
3,4,1,0,none,51,Santarém,urban,0.35,1,Apartment,1,0,4.98,1,119.0
5,2,0,0,fair,80,Beja,rural,0.2,1,House,1,1,2.8,0,86.0
9,3,0,0,fair,15,Vila Real,rural,0.22,3,Apartment,1,0,3.59,0,93.0
7,0,0,0,none,77,Castelo Branco,historic,0.28,5,Apartment,1,0,4.23,1,137.0
12,6,1,0,festival,43,Viseu,historic,0.32,2,Room,0,0,3.54,1,110.0
10,0,0,0,national_holiday,58,Portalegre,rural,0.18,2,Apartment,1,0,4.31,0,102.0
1,6,1,0,national_holiday,76,Bragança,rural,0.15,4,Room,0,0,3.63,1,98.0
5,5,1,0,festival,72,Castelo Branco,historic,0.28,3,Apartment,0,0,4.85,1,164.0
4,6,1,0,sports_event,90,Évora,historic,0.52,3,Apartment,1,0,4.56,1,247.0
8,0,0,0,festival,21,Açores,rural,0.3,3,Apartment,0,0,4.34,1,220.0
4,1,0,0,none,16,Guarda,rural,0.14,1,Room,1,0,4.02,0,31.0
12,0,0,0,sports_event,3,Viana do Castelo,coastal,0.38,2,Apartment,0,0,3.68,0,132.0
4,2,0,0,none,61,Santarém,urban,0.35,5,Apartment,0,0,4.13,0,124.0
7,6,1,0,none,47,Bragança,rural,0.15,3,Apartment,0,0,3.58,0,80.0
2,5,1,0,none,60,Castelo Branco,historic,0.28,2,House,1,0,5.0,1,152.0
11,4,1,0,fair,37,Porto,urban,0.85,5,Apartment,0,0,4.36,1,294.0
11,5,1,0,none,32,Viseu,historic,0.32,2,Shared_House,1,0,3.76,1,42.0
10,0,0,0,none,80,Lisboa,urban,0.92,2,Apartment,1,0,4.98,1,201.0
5,5,1,0,none,17,Beja,rural,0.2,5,Apartment,1,0,4.18,0,140.0
1,2,0,0,none,72,Bragança,rural,0.15,3,Apartment,0,0,4.9,0,81.0
9,4,1,0,national_holiday,10,Vila Real,rural,0.22,4,Apartment,1,0,4.88,1,180.0
6,5,1,1,national_holiday,35,Açores,rural,0.3,1,Room,0,1,4.42,1,144.0
12,4,1,0,none,5,Bragança,rural,0.15,2,Shared_House,0,0,3.57,1,48.0
9,2,0,0,national_holiday,2,Guarda,rural,0.14,5,House,0,1,3.91,0,185.0
7,4,1,0,none,4,Guarda,rural,0.14,2,Room,0,0,5.0,1,52.0
12,3,0,0,none,25,Coimbra,urban,0.55,4,Room,1,0,3.92,0,96.0
10,4,1,0,concert,85,Madeira,urban,0.65,4,Apartment,0,0,4.07,0,284.0
6,3,0,0,concert,33,Castelo Branco,historic,0.28,2,Apartment,1,1,3.96,0,126.0
1,2,0,0,none,56,Vila Real,rural,0.22,5,House,0,1,3.73,0,120.0
2,1,0,0,sports_event,61,Viana do Castelo,coastal,0.38,5,Shared_House,0,0,4.55,1,127.0
6,2,0,0,festival,79,Coimbra,urban,0.55,4,Room,0,0,3.53,1,118.0
7,5,1,0,sports_event,82,Viseu,historic,0.32,3,House,1,1,3.78,1,240.0
1,6,1,0,none,4,Évora,historic,0.52,3,Apartment,0,0,4.35,0,158.0
2,0,0,0,concert,20,Porto,urban,0.85,2,Room,0,0,4.07,0,106.0
9,1,0,0,festival,70,Viana do Castelo,coastal,0.38,2,House,1,0,4.28,1,231.0
10,3,0,0,sports_event,71,Viana do Castelo,coastal,0.38,5,Shared_House,0,0,4.18,1,145.0
1,4,1,0,national_holiday,89,Bragança,rural,0.15,5,Room,0,0,3.61,1,103.0
7,1,0,0,fair,66,Aveiro,coastal,0.48,1,Apartment,1,0,4.93,0,158.0
1,2,0,0,concert,49,Leiria,coastal,0.4,3,House,1,1,4.77,1,236.0
9,0,0,0,none,32,Madeira,urban,0.65,5,Apartment,0,1,3.72,0,209.0
11,0,0,0,none,43,Açores,rural,0.3,3,Apartment,0,1,4.44,0,115.0
11,1,0,0,festival,2,Faro,coastal,0.78,1,House,1,1,3.95,0,433.0
8,5,1,0,none,62,Leiria,coastal,0.4,1,Room,0,0,4.74,1,83.0
8,6,1,0,sports_event,3,Coimbra,urban,0.55,3,Room,0,0,4.63,1,132.0
12,3,0,0,sports_event,59,Évora,historic,0.52,5,Apartment,0,0,4.83,0,232.0
8,1,0,0,festival,56,Setúbal,coastal,0.6,2,Apartment,1,0,3.73,0,230.0
6,6,1,1,national_holiday,89,Açores,rural,0.3,2,Apartment,0,0,3.52,1,204.0
10,1,0,0,fair,77,Santarém,urban,0.35,4,House,1,0,3.27,0,138.0
8,1,0,0,festival,66,Castelo Branco,historic,0.28,4,House,1,0,5.0,1,243.0
11,0,0,0,none,57,Setúbal,coastal,0.6,5,House,1,0,4.65,0,229.0
7,2,0,0,festival,27,Coimbra,urban,0.55,4,Apartment,0,0,4.82,1,218.0
11,5,1,0,none,70,Bragança,rural,0.15,3,Room,0,0,3.48,1,53.0
1,2,0,0,concert,50,Viseu,historic,0.32,5,Apartment,0,0,4.52,1,154.0
1,3,0,0,none,46,Viana do Castelo,coastal,0.38,3,House,1,0,3.34,0,102.0
2,2,0,0,festival,56,Porto,urban,0.85,3,Room,0,0,4.43,1,151.0
7,6,1,0,none,24,Setúbal,coastal,0.6,1,Apartment,1,0,4.21,1,216.0
9,4,1,0,none,24,Porto,urban,0.85,3,Apartment,1,0,4.05,1,255.0
3,4,1,0,none,4,Viana do Castelo,coastal,0.38,1,House,1,0,3.93,0,156.0
2,3,0,0,none,35,Açores,rural,0.3,5,Apartment,0,0,4.79,0,147.0
11,3,0,0,fair,74,Braga,urban,0.58,1,House,1,0,3.94,0,132.0
10,6,1,0,concert,8,Santarém,urban,0.35,2,Shared_House,0,0,4.88,1,87.0
8,4,1,0,none,43,Viseu,historic,0.32,5,Apartment,1,0,4.18,1,151.0
6,5,1,0,none,77,Aveiro,coastal,0.48,4,Shared_House,0,0,4.39,1,116.0
6,0,0,0,concert,79,Viana do Castelo,coastal,0.38,4,Apartment,0,0,4.48,0,178.0
1,6,1,0,none,84,Açores,rural,0.3,4,House,1,1,4.43,1,253.0
3,6,1,0,none,34,Beja,rural,0.2,1,Apartment,0,0,4.31,1,72.0
11,4,1,0,none,31,Viana do Castelo,coastal,0.38,2,Room,0,0,5.0,1,92.0
5,6,1,0,festival,25,Porto,urban,0.85,4,Shared_House,1,0,4.76,1,200.0
9,3,0,0,national_holiday,38,Vila Real,rural,0.22,5,Apartment,1,0,2.92,0,132.0
9,1,0,0,none,61,Setúbal,coastal,0.6,2,Shared_House,0,0,4.1,0,55.0
4,4,1,0,national_holiday,62,Braga,urban,0.58,2,Room,0,0,4.94,1,122.0
3,4,1,0,fair,55,Viana do Castelo,coastal,0.38,2,Shared_House,0,0,3.79,1,75.0
9,1,0,0,national_holiday,42,Beja,rural,0.2,3,House,1,1,4.2,0,169.0
2,1,0,0,concert,64,Castelo Branco,historic,0.28,2,House,1,1,4.24,1,162.0
6,2,0,1,fair,31,Castelo Branco,historic,0.28,1,Shared_House,0,0,5.0,1,64.0
11,3,0,0,festival,9,Lisboa,urban,0.92,2,Room,0,0,3.68,1,157.0
9,1,0,0,fair,87,Coimbra,urban,0.55,3,Room,0,0,3.75,0,75.0
10,5,1,0,none,8,Castelo Branco,historic,0.28,3,Apartment,1,0,4.45,1,124.0
1,0,0,0,concert,77,Guarda,rural,0.14,2,Apartment,1,0,4.37,1,84.0
3,6,1,0,festival,52,Portalegre,rural,0.18,2,House,1,0,4.46,0,170.0
4,4,1,1,national_holiday,89,Guarda,rural,0.14,2,Apartment,0,0,4.36,1,130.0
4,2,0,0,none,50,Aveiro,coastal,0.48,3,Apartment,1,0,4.14,0,127.0
3,2,0,0,none,5,Santarém,urban,0.35,2,Room,1,0,4.48,0,74.0
12,4,1,0,none,9,Lisboa,urban,0.92,5,House,1,1,4.3,1,507.0
2,0,0,0,none,8,Madeira,urban,0.65,2,Shared_House,0,0,4.08,0,54.0
9,5,1,0,none,39,Porto,urban,0.85,4,Apartment,0,0,4.17,1,263.0
8,3,0,0,none,69,Viana do Castelo,coastal,0.38,2,Apartment,0,0,3.93,0,92.0
8,1,0,0,festival,58,Braga,urban,0.58,3,Apartment,0,0,3.85,1,181.0
3,6,1,0,none,74,Setúbal,coastal,0.6,3,Shared_House,1,0,4.48,1,104.0
4,4,1,0,none,49,Porto,urban,0.85,2,Apartment,1,0,3.55,1,190.0
8,1,0,0,none,12,Braga,urban,0.58,2,Shared_House,1,0,4.54,0,58.0
4,4,1,0,none,17,Évora,historic,0.52,2,Apartment,1,0,4.07,1,177.0
9,2,0,0,none,15,Viana do Castelo,coastal,0.38,3,Apartment,0,0,4.15,0,98.0
1,5,1,0,national_holiday,84,Évora,historic,0.52,5,Room,1,0,4.11,1,179.0
1,3,0,0,none,73,Viseu,historic,0.32,3,House,1,0,4.45,0,118.0
9,6,1,0,none,4,Beja,rural,0.2,4,House,1,0,4.94,1,183.0
8,6,1,0,festival,20,Vila Real,rural,0.22,2,Apartment,1,0,5.0,1,165.0
1,0,0,0,fair,25,Faro,coastal,0.78,3,House,1,0,4.72,0,380.0
11,2,0,0,none,65,Faro,coastal,0.78,4,Room,0,0,4.24,1,106.0
1,1,0,0,none,7,Santarém,urban,0.35,2,Apartment,1,0,4.6,0,86.0
12,3,0,0,festival,89,Castelo Branco,historic,0.28,2,Apartment,0,0,3.19,0,105.0
9,1,0,0,none,26,Guarda,rural,0.14,2,Apartment,1,0,4.5,0,55.0
12,3,0,0,none,77,Viana do Castelo,coastal,0.38,2,House,0,0,4.39,0,152.0
12,1,0,0,national_holiday,62,Santarém,urban,0.35,5,Room,0,0,3.43,0,116.0
4,4,1,0,national_holiday,35,Viseu,historic,0.32,2,House,1,0,3.91,1,209.0
10,3,0,0,festival,3,Beja,rural,0.2,1,Shared_House,0,0,4.34,0,72.0
3,6,1,0,none,50,Castelo Branco,historic,0.28,2,House,1,0,4.39,0,126.0
6,6,1,0,festival,4,Évora,historic,0.52,2,House,1,0,4.68,1,320.0
3,4,1,0,national_holiday,65,Setúbal,coastal,0.6,2,House,1,0,5.0,1,371.0
6,3,0,0,national_holiday,19,Santarém,urban,0.35,2,Room,1,0,4.13,1,92.0
11,5,1,0,none,86,Castelo Branco,historic,0.28,1,Apartment,0,1,3.63,0,88.0
6,4,1,0,none,3,Faro,coastal,0.78,2,House,1,0,4.61,1,500.0
2,0,0,0,none,32,Açores,rural,0.3,4,Apartment,0,1,4.84,0,144.0
4,2,0,0,concert,36,Viseu,historic,0.32,3,Shared_House,1,1,4.83,0,132.0
10,6,1,0,none,70,Bragança,rural,0.15,4,Apartment,0,1,4.44,0,121.0
7,2,0,0,none,21,Castelo Branco,historic,0.28,2,Apartment,1,0,5.0,0,105.0
7,0,0,0,none,71,Madeira,urban,0.65,2,House,1,1,4.06,0,278.0
6,5,1,0,none,29,Aveiro,coastal,0.48,5,House,1,1,5.0,1,305.0
4,6,1,0,fair,8,Açores,rural,0.3,1,Apartment,0,0,3.62,0,154.0
8,4,1,0,none,76,Viana do Castelo,coastal,0.38,3,House,1,0,3.07,1,184.0
8,4,1,0,none,18,Vila Real,rural,0.22,2,House,0,0,3.61,0,115.0
11,2,0,0,sports_event,39,Faro,coastal,0.78,1,Apartment,0,0,3.91,0,219.0
8,2,0,0,festival,55,Coimbra,urban,0.55,3,Apartment,1,0,4.2,1,189.0
12,6,1,0,sports_event,2,Évora,historic,0.52,3,Apartment,1,0,3.73,1,223.0
10,6,1,0,concert,59,Beja,rural,0.2,2,Room,0,0,4.26,1,80.0
1,3,0,0,none,50,Aveiro,coastal,0.48,3,Apartment,1,0,4.52,0,136.0
5,2,0,0,none,70,Lisboa,urban,0.92,2,House,1,0,4.38,0,291.0
5,1,0,0,none,10,Portalegre,rural,0.18,3,Apartment,0,0,4.13,1,58.0
1,0,0,0,sports_event,80,Setúbal,coastal,0.6,4,Apartment,0,0,4.8,1,257.0
3,3,0,0,national_holiday,6,Madeira,urban,0.65,4,Room,0,0,3.8,1,139.0
10,3,0,0,none,85,Bragança,rural,0.15,2,Apartment,1,0,4.08,1,43.0
5,4,1,0,concert,30,Açores,rural,0.3,2,Apartment,0,0,3.93,0,206.0
2,5,1,0,sports_event,7,Madeira,urban,0.65,4,Shared_House,0,0,4.53,1,167.0
4,2,0,0,national_holiday,25,Viana do Castelo,coastal,0.38,2,Room,0,0,3.99,1,88.0
4,1,0,0,none,45,Madeira,urban,0.65,5,Room,0,0,4.4,0,135.0
3,5,1,0,none,11,Santarém,urban,0.35,4,House,0,1,4.61,1,224.0
2,5,1,0,concert,27,Braga,urban,0.58,2,House,1,0,3.95,1,236.0
10,3,0,0,concert,27,Vila Real,rural,0.22,4,Apartment,0,0,3.4,0,109.0
10,0,0,0,sports_event,15,Santarém,urban,0.35,2,Apartment,0,0,4.09,1,139.0
6,3,0,0,fair,44,Beja,rural,0.2,1,House,1,0,3.8,1,92.0
8,4,1,0,none,3,Viseu,historic,0.32,5,Room,0,0,3.88,1,110.0
12,6,1,0,sports_event,23,Braga,urban,0.58,4,House,1,0,2.96,0,261.0
11,3,0,0,none,13,Açores,rural,0.3,3,Room,0,0,3.39,0,50.0
1,3,0,0,none,3,Portalegre,rural,0.18,4,Apartment,0,0,4.6,0,94.0
12,2,0,0,none,44,Castelo Branco,historic,0.28,1,Apartment,0,0,3.73,0,49.0
1,2,0,0,none,81,Évora,historic,0.52,4,Apartment,0,0,4.78,0,133.0
1,0,0,0,none,32,Faro,coastal,0.78,5,Room,1,0,3.84,0,137.0
5,0,0,0,sports_event,59,Bragança,rural,0.15,4,Apartment,0,0,4.44,1,136.0
9,5,1,0,fair,14,Madeira,urban,0.65,3,Apartment,0,0,4.07,1,284.0
1,2,0,0,none,64,Açores,rural,0.3,2,Room,0,0,4.52,0,64.0
4,5,1,0,none,62,Évora,historic,0.52,5,House,1,1,4.07,1,328.0
4,2,0,0,none,37,Açores,rural,0.3,2,Apartment,0,1,4.31,0,106.0
5,6,1,0,none,25,Guarda,rural,0.14,5,House,1,0,4.82,0,167.0
12,1,0,0,none,52,Castelo Branco,historic,0.28,2,Shared_House,0,0,4.44,0,40.0
4,1,0,0,festival,55,Portalegre,rural,0.18,2,House,0,1,3.86,0,154.0
3,4,1,0,fair,64,Setúbal,coastal,0.6,2,Room,0,0,3.26,1,112.0
2,5,1,0,none,18,Beja,rural,0.2,3,Apartment,1,0,4.15,1,109.0
3,1,0,0,sports_event,33,Viseu,historic,0.32,2,House,1,1,4.42,1,194.0
2,3,0,0,sports_event,75,Santarém,urban,0.35,2,Apartment,0,0,4.28,1,123.0
7,1,0,0,none,75,Viseu,historic,0.32,5,Shared_House,0,0,3.76,0,80.0
6,5,1,0,none,74,Vila Real,rural,0.22,1,Apartment,1,0,4.28,1,88.0
6,3,0,0,none,70,Évora,historic,0.52,3,Shared_House,1,0,4.53,1,97.0
10,4,1,0,none,8,Lisboa,urban,0.92,3,Apartment,0,0,4.9,0,284.0
7,1,0,0,fair,26,Porto,urban,0.85,3,House,0,1,4.09,1,344.0
2,2,0,0,none,26,Évora,historic,0.52,3,House,0,0,5.0,0,165.0
5,4,1,0,none,30,Évora,historic,0.52,4,Apartment,1,0,4.93,1,217.0
4,2,0,0,none,44,Coimbra,urban,0.55,3,Apartment,0,0,4.28,0,96.0
10,4,1,0,none,17,Castelo Branco,historic,0.28,3,Apartment,0,0,4.33,0,95.0
4,1,0,0,national_holiday,71,Braga,urban,0.58,2,Room,0,0,4.89,0,119.0
2,2,0,0,none,46,Madeira,urban,0.65,3,Room,0,0,3.72,0,95.0
9,0,0,0,sports_event,8,Castelo Branco,historic,0.28,1,Shared_House,1,0,3.8,0,69.0
6,0,0,0,none,74,Portalegre,rural,0.18,3,Apartment,1,0,3.56,0,83.0
2,1,0,0,none,29,Lisboa,urban,0.92,3,Room,1,0,4.07,0,93.0
9,3,0,0,none,51,Lisboa,urban,0.92,4,Apartment,1,0,3.77,1,223.0
3,1,0,0,fair,38,Braga,urban,0.58,3,House,1,0,4.02,0,163.0
11,0,0,0,none,32,Évora,historic,0.52,3,Apartment,0,0,4.18,0,104.0
10,6,1,0,sports_event,30,Viseu,historic,0.32,1,Shared_House,1,0,3.51,1,77.0
5,3,0,0,none,37,Évora,historic,0.52,4,House,0,0,4.88,0,241.0
7,5,1,0,festival,7,Portalegre,rural,0.18,5,House,0,0,4.8,1,243.0
7,5,1,0,festival,63,Castelo Branco,historic,0.28,3,Apartment,1,0,3.97,1,175.0
8,0,0,0,festival,59,Portalegre,rural,0.18,1,Apartment,0,0,4.94,1,111.0
1,4,1,0,none,47,Faro,coastal,0.78,3,Apartment,0,1,4.39,1,294.0
4,6,1,0,none,80,Lisboa,urban,0.92,2,House,0,0,4.75,0,399.0
3,3,0,0,fair,50,Bragança,rural,0.15,3,House,1,0,3.52,0,108.0
9,6,1,0,festival,35,Lisboa,urban,0.92,1,Apartment,1,0,4.03,1,356.0
1,6,1,0,none,55,Bragança,rural,0.15,3,Apartment,0,0,4.51,1,73.0
7,3,0,0,none,72,Évora,historic,0.52,4,Apartment,0,0,4.12,0,155.0
9,0,0,0,none,67,Santarém,urban,0.35,2,House,0,1,4.11,0,123.0
12,4,1,0,none,52,Évora,historic,0.52,3,Apartment,0,0,4.14,0,164.0
4,6,1,0,none,57,Madeira,urban,0.65,2,Apartment,0,0,4.39,1,233.0
1,4,1,0,none,89,Beja,rural,0.2,2,Apartment,0,0,4.26,0,71.0
9,5,1,0,none,62,Açores,rural,0.3,3,Apartment,0,0,4.98,1,189.0
1,3,0,0,festival,64,Faro,coastal,0.78,4,House,0,1,3.71,1,396.0
1,2,0,0,national_holiday,60,Portalegre,rural,0.18,4,House,0,0,4.25,0,151.0
12,6,1,1,sports_event,87,Vila Real,rural,0.22,2,Apartment,1,0,4.55,1,148.0
11,1,0,0,none,84,Madeira,urban,0.65,1,Apartment,0,0,3.58,0,87.0
9,3,0,0,concert,32,Castelo Branco,historic,0.28,3,House,0,0,4.03,1,156.0
11,1,0,0,none,67,Santarém,urban,0.35,3,Apartment,0,0,4.29,0,77.0
1,4,1,0,sports_event,59,Évora,historic,0.52,4,Shared_House,0,0,4.95,1,152.0
2,6,1,0,none,50,Madeira,urban,0.65,4,House,1,1,4.27,1,341.0
4,6,1,0,none,47,Vila Real,rural,0.22,4,House,1,1,4.58,1,164.0
1,1,0,0,festival,81,Madeira,urban,0.65,1,House,0,0,4.61,1,293.0
11,5,1,0,none,83,Açores,rural,0.3,5,House,1,1,2.82,0,202.0
1,6,1,0,sports_event,82,Viseu,historic,0.32,5,Apartment,0,0,4.24,1,191.0
7,5,1,0,festival,28,Braga,urban,0.58,1,Apartment,0,0,3.98,1,178.0
11,3,0,0,none,32,Setúbal,coastal,0.6,2,Room,0,0,4.95,1,80.0
9,1,0,0,none,9,Vila Real,rural,0.22,4,Shared_House,0,0,4.55,0,71.0
3,3,0,0,festival,73,Setúbal,coastal,0.6,3,Shared_House,0,0,4.64,1,145.0
6,5,1,0,sports_event,62,Faro,coastal,0.78,1,Apartment,0,0,4.46,1,354.0
7,4,1,0,concert,89,Santarém,urban,0.35,2,Shared_House,1,0,4.25,1,83.0
10,2,0,0,none,67,Bragança,rural,0.15,3,Room,0,0,4.62,0,64.0
6,1,0,0,concert,19,Bragança,rural,0.15,4,Apartment,0,0,4.19,0,123.0
4,4,1,1,national_holiday,27,Braga,urban,0.58,4,Shared_House,0,0,4.84,1,140.0
10,2,0,0,none,36,Castelo Branco,historic,0.28,5,Shared_House,0,0,3.67,0,68.0
11,3,0,0,festival,69,Vila Real,rural,0.22,3,House,0,0,4.72,0,158.0
6,6,1,0,none,38,Guarda,rural,0.14,4,Room,0,0,4.02,0,77.0
1,0,0,0,none,88,Madeira,urban,0.65,1,Room,0,0,4.54,0,51.0
7,1,0,0,none,55,Guarda,rural,0.14,3,House,1,1,3.41,0,99.0
11,6,1,1,concert,34,Faro,coastal,0.78,5,Apartment,1,0,4.33,0,391.0
12,6,1,1,fair,87,Viana do Castelo,coastal,0.38,4,Apartment,0,0,4.12,0,183.0
5,2,0,0,national_holiday,49,Setúbal,coastal,0.6,3,Shared_House,1,0,4.18,0,133.0
2,6,1,0,none,28,Leiria,coastal,0.4,2,Apartment,0,1,3.32,0,109.0
7,1,0,0,none,36,Vila Real,rural,0.22,2,Apartment,1,1,4.22,0,111.0
10,0,0,0,concert,68,Bragança,rural,0.15,3,Apartment,0,0,4.26,0,101.0
12,2,0,0,none,8,Madeira,urban,0.65,2,Apartment,1,0,3.31,0,122.0
1,3,0,0,none,71,Coimbra,urban,0.55,2,Apartment,0,1,3.62,0,95.0
4,0,0,0,none,10,Açores,rural,0.3,4,Apartment,0,0,4.28,1,141.0
6,1,0,0,festival,63,Madeira,urban,0.65,1,Room,0,0,4.4,1,142.0
2,5,1,0,sports_event,65,Leiria,coastal,0.4,2,House,0,0,4.17,1,235.0
11,4,1,0,none,53,Vila Real,rural,0.22,2,Shared_House,0,0,4.22,0,31.0
2,4,1,0,none,17,Leiria,coastal,0.4,1,Room,0,0,4.21,1,59.0
8,6,1,0,sports_event,52,Santarém,urban,0.35,2,House,0,0,3.93,1,201.0
12,1,0,0,festival,75,Setúbal,coastal,0.6,2,Apartment,0,0,4.11,1,210.0
9,6,1,0,none,26,Évora,historic,0.52,3,Apartment,0,0,3.5,1,152.0
10,2,0,0,none,83,Aveiro,coastal,0.48,3,Shared_House,0,0,3.91,0,52.0
4,6,1,0,national_holiday,13,Portalegre,rural,0.18,3,House,1,1,4.18,1,201.0
10,5,1,0,festival,81,Santarém,urban,0.35,4,Room,1,0,4.82,1,168.0
6,1,0,0,festival,31,Vila Real,rural,0.22,3,Shared_House,0,0,4.14,1,108.0
1,1,0,0,festival,64,Porto,urban,0.85,3,Apartment,0,0,5.0,1,246.0
5,3,0,0,national_holiday,21,Évora,historic,0.52,3,Shared_House,1,0,5.0,1,138.0
5,3,0,0,none,56,Bragança,rural,0.15,3,Room,0,0,4.23,0,49.0
7,1,0,0,none,59,Açores,rural,0.3,2,House,1,0,3.99,0,139.0
4,1,0,0,none,45,Lisboa,urban,0.92,5,Shared_House,0,0,5.0,1,135.0
6,6,1,0,concert,77,Castelo Branco,historic,0.28,3,House,1,0,4.57,1,207.0
6,5,1,1,national_holiday,82,Coimbra,urban,0.55,3,Apartment,1,0,4.42,1,212.0
4,1,0,0,none,15,Aveiro,coastal,0.48,3,Apartment,0,1,3.84,1,126.0
9,5,1,0,none,74,Vila Real,rural,0.22,4,Room,0,0,3.99,0,75.0
4,1,0,0,festival,60,Évora,historic,0.52,3,Room,0,0,3.7,1,116.0
10,3,0,0,sports_event,48,Lisboa,urban,0.92,3,Apartment,0,0,4.94,1,307.0
4,0,0,0,none,11,Guarda,rural,0.14,3,Apartment,0,1,4.45,0,103.0
11,4,1,0,none,55,Portalegre,rural,0.18,4,Apartment,0,0,4.04,0,92.0
5,1,0,0,concert,35,Açores,rural,0.3,2,House,0,1,3.96,0,204.0
1,1,0,0,none,4,Porto,urban,0.85,5,House,1,1,3.7,0,225.0
2,1,0,0,sports_event,16,Leiria,coastal,0.4,4,Room,0,0,4.17,1,137.0
10,1,0,0,none,9,Santarém,urban,0.35,2,Apartment,0,0,4.29,0,86.0
11,0,0,0,fair,27,Porto,urban,0.85,2,Apartment,1,0,3.06,0,138.0
3,3,0,0,none,16,Viana do Castelo,coastal,0.38,5,Apartment,0,0,3.72,0,118.0
8,6,1,0,sports_event,78,Évora,historic,0.52,2,Shared_House,0,0,3.86,1,111.0
7,2,0,0,none,26,Porto,urban,0.85,2,House,1,1,4.74,1,310.0
2,5,1,0,none,38,Vila Real,rural,0.22,2,Apartment,0,0,3.92,0,70.0
6,3,0,0,sports_event,67,Aveiro,coastal,0.48,1,Apartment,1,0,3.3,0,131.0
9,1,0,0,festival,10,Bragança,rural,0.15,3,Apartment,0,0,3.65,0,110.0
12,0,0,0,concert,32,Viseu,historic,0.32,4,Room,0,0,5.0,0,117.0
11,5,1,0,festival,18,Viana do Castelo,coastal,0.38,3,House,1,1,4.01,1,291.0
2,0,0,0,festival,47,Lisboa,urban,0.92,1,Room,0,0,3.68,1,127.0
3,2,0,0,fair,76,Vila Real,rural,0.22,3,Apartment,0,0,3.36,0,68.0
6,0,0,0,none,50,Lisboa,urban,0.92,2,Apartment,1,0,4.21,0,211.0
2,5,1,0,fair,37,Beja,rural,0.2,3,House,0,0,4.26,1,154.0
7,6,1,0,none,8,Castelo Branco,historic,0.28,3,Apartment,0,0,4.42,1,117.0
1,2,0,0,none,85,Vila Real,rural,0.22,5,Apartment,1,0,5.0,0,119.0
2,2,0,0,concert,42,Beja,rural,0.2,4,Apartment,0,0,3.58,0,100.0
1,3,0,0,none,51,Portalegre,rural,0.18,4,Room,0,0,4.02,0,46.0
4,3,0,0,none,46,Madeira,urban,0.65,3,House,1,0,4.35,0,241.0
10,2,0,0,none,46,Leiria,coastal,0.4,3,Apartment,0,0,3.98,0,91.0
3,2,0,0,none,10,Portalegre,rural,0.18,3,House,1,0,3.17,0,73.0
12,1,0,0,festival,42,Açores,rural,0.3,4,Apartment,0,0,4.46,0,206.0
4,1,0,0,none,38,Aveiro,coastal,0.48,5,Room,0,0,3.88,0,80.0
1,4,1,0,none,70,Santarém,urban,0.35,5,Room,0,0,3.67,1,87.0
5,5,1,0,none,39,Braga,urban,0.58,3,Apartment,0,0,3.75,1,146.0
9,5,1,0,none,76,Açores,rural,0.3,3,Room,0,1,4.98,1,130.0
2,3,0,0,none,59,Lisboa,urban,0.92,2,Apartment,1,0,4.85,1,186.0
1,5,1,0,none,12,Setúbal,coastal,0.6,1,House,1,0,3.65,0,229.0
11,4,1,0,fair,80,Faro,coastal,0.78,4,House,0,0,3.33,1,395.0
8,2,0,0,sports_event,37,Guarda,rural,0.14,5,Room,0,0,4.65,0,133.0
5,2,0,0,none,64,Faro,coastal,0.78,4,Apartment,0,1,5.0,1,268.0
10,3,0,0,none,26,Coimbra,urban,0.55,4,Apartment,0,0,5.0,0,139.0
11,2,0,0,none,68,Évora,historic,0.52,3,Shared_House,0,0,3.49,0,40.0
5,5,1,0,none,81,Aveiro,coastal,0.48,4,Shared_House,1,0,4.88,1,113.0
7,1,0,0,none,3,Setúbal,coastal,0.6,3,Room,0,0,4.2,1,113.0
1,0,0,0,fair,67,Açores,rural,0.3,3,Apartment,0,0,3.24,0,101.0
4,3,0,1,concert,68,Santarém,urban,0.35,2,House,1,0,3.77,1,159.0
8,0,0,0,none,27,Coimbra,urban,0.55,3,Apartment,1,0,3.81,0,113.0
3,1,0,0,none,36,Vila Real,rural,0.22,2,Apartment,1,1,4.44,0,89.0
12,2,0,0,sports_event,37,Faro,coastal,0.78,4,Apartment,0,0,3.52,0,265.0
12,0,0,0,national_holiday,41,Braga,urban,0.58,5,Room,0,0,4.67,0,165.0
4,1,0,0,none,38,Vila Real,rural,0.22,4,Apartment,0,0,4.44,0,68.0
5,3,0,0,fair,82,Guarda,rural,0.14,2,Apartment,0,0,4.71,0,78.0
3,2,0,0,none,84,Porto,urban,0.85,3,Apartment,0,1,3.87,0,163.0
7,6,1,0,sports_event,85,Açores,rural,0.3,3,House,1,1,4.4,1,364.0
2,0,0,0,none,43,Évora,historic,0.52,4,Room,0,0,3.68,0,80.0
5,5,1,0,festival,63,Bragança,rural,0.15,2,Apartment,1,0,4.54,1,140.0
7,4,1,0,none,2,Açores,rural,0.3,3,Room,1,0,4.08,1,109.0
8,4,1,0,festival,2,Castelo Branco,historic,0.28,4,Apartment,0,0,4.13,1,183.0
8,4,1,0,festival,66,Santarém,urban,0.35,1,Apartment,0,0,4.18,1,144.0
3,0,0,0,festival,60,Beja,rural,0.2,4,Apartment,0,0,3.33,0,145.0
10,5,1,0,sports_event,9,Faro,coastal,0.78,5,House,1,0,4.79,0,587.0
9,2,0,0,none,60,Porto,urban,0.85,4,Shared_House,0,0,4.24,0,103.0
10,4,1,0,sports_event,57,Beja,rural,0.2,5,Room,0,0,4.8,1,153.0
6,2,0,0,none,68,Lisboa,urban,0.92,4,Apartment,0,0,4.76,0,244.0
11,2,0,0,sports_event,47,Bragança,rural,0.15,3,Shared_House,0,0,3.79,0,83.0
5,4,1,0,none,69,Porto,urban,0.85,3,House,0,0,4.07,1,347.0
10,6,1,0,none,69,Setúbal,coastal,0.6,1,House,1,0,3.42,1,237.0
3,6,1,0,none,54,Leiria,coastal,0.4,1,Shared_House,0,1,4.81,1,72.0
3,5,1,0,national_holiday,50,Castelo Branco,historic,0.28,3,Room,1,0,4.36,1,123.0
7,3,0,0,festival,72,Setúbal,coastal,0.6,2,Room,0,0,4.3,1,161.0
7,3,0,0,none,16,Lisboa,urban,0.92,2,Apartment,1,0,4.06,0,213.0
9,6,1,0,sports_event,89,Castelo Branco,historic,0.28,4,Apartment,0,0,3.72,1,176.0
4,1,0,0,none,81,Aveiro,coastal,0.48,1,Room,0,0,4.84,0,47.0
11,6,1,0,none,49,Porto,urban,0.85,2,House,1,1,5.0,1,380.0
4,4,1,0,none,82,Coimbra,urban,0.55,3,Room,0,0,4.86,1,90.0
7,4,1,0,concert,65,Coimbra,urban,0.55,1,Room,0,0,4.12,1,80.0
12,4,1,0,national_holiday,38,Madeira,urban,0.65,3,Shared_House,0,0,4.4,1,155.0
7,5,1,0,national_holiday,39,Madeira,urban,0.65,1,Apartment,1,0,4.73,1,287.0
9,4,1,0,none,55,Coimbra,urban,0.55,4,Apartment,0,0,4.25,1,166.0
11,0,0,0,none,23,Vila Real,rural,0.22,3,Apartment,0,0,5.0,0,96.0
12,5,1,0,concert,50,Viana do Castelo,coastal,0.38,3,Apartment,1,0,4.82,1,183.0
6,5,1,0,none,37,Coimbra,urban,0.55,2,House,1,0,5.0,1,249.0
6,6,1,0,festival,49,Madeira,urban,0.65,4,House,1,1,4.3,1,468.0
3,6,1,0,national_holiday,37,Leiria,coastal,0.4,2,Apartment,0,0,2.99,1,145.0
7,6,1,0,none,9,Lisboa,urban,0.92,3,House,1,0,4.24,1,493.0
12,0,0,0,none,65,Portalegre,rural,0.18,1,Apartment,1,0,4.01,0,41.0
6,4,1,0,fair,45,Madeira,urban,0.65,1,House,1,0,4.29,1,390.0
5,6,1,0,sports_event,18,Madeira,urban,0.65,2,House,0,1,5.0,1,432.0
2,6,1,0,national_holiday,21,Vila Real,rural,0.22,2,Apartment,1,0,3.93,0,135.0
5,3,0,0,festival,47,Açores,rural,0.3,2,House,1,1,3.78,1,273.0
3,6,1,0,none,72,Santarém,urban,0.35,1,House,1,1,3.88,0,145.0
12,6,1,0,concert,23,Coimbra,urban,0.55,4,Apartment,0,0,5.0,1,216.0
7,0,0,0,concert,77,Lisboa,urban,0.92,3,Apartment,0,0,3.97,1,275.0
2,6,1,1,national_holiday,72,Leiria,coastal,0.4,3,Apartment,0,0,4.33,1,202.0
1,4,1,0,none,2,Leiria,coastal,0.4,2,Room,0,0,5.0,1,79.0
11,4,1,0,none,13,Açores,rural,0.3,1,Shared_House,1,0,4.53,1,66.0
12,1,0,0,none,67,Setúbal,coastal,0.6,5,Apartment,1,0,3.07,0,134.0
10,6,1,1,national_holiday,50,Viseu,historic,0.32,1,Apartment,0,0,3.96,1,132.0
2,2,0,0,national_holiday,11,Viana do Castelo,coastal,0.38,4,Room,0,0,3.87,0,113.0
2,2,0,0,national_holiday,90,Beja,rural,0.2,3,Room,0,0,3.33,0,74.0
3,2,0,0,festival,1,Santarém,urban,0.35,3,Apartment,0,0,3.96,0,131.0
10,6,1,0,national_holiday,37,Leiria,coastal,0.4,4,House,1,0,2.84,1,245.0
10,3,0,0,none,2,Lisboa,urban,0.92,4,Shared_House,0,0,4.36,1,112.0
11,0,0,0,fair,82,Bragança,rural,0.15,4,Apartment,1,0,4.2,0,109.0
2,0,0,0,festival,42,Portalegre,rural,0.18,3,House,1,0,3.85,0,132.0
2,6,1,0,sports_event,56,Braga,urban,0.58,2,Room,0,0,3.3,0,105.0
11,1,0,0,sports_event,74,Braga,urban,0.58,3,Apartment,0,0,4.9,1,181.0
12,5,1,0,festival,24,Bragança,rural,0.15,1,Shared_House,0,0,3.92,1,63.0
9,0,0,0,fair,29,Porto,urban,0.85,2,Shared_House,0,0,4.75,1,108.0
2,6,1,1,national_holiday,57,Faro,coastal,0.78,3,Room,0,0,4.14,1,221.0
1,4,1,0,fair,84,Leiria,coastal,0.4,2,House,1,0,4.93,1,232.0
1,1,0,0,none,17,Lisboa,urban,0.92,4,House,1,1,4.49,0,295.0
9,6,1,0,none,38,Braga,urban,0.58,5,House,0,0,4.26,0,250.0
11,2,0,0,sports_event,24,Leiria,coastal,0.4,1,Apartment,1,0,3.78,0,129.0
8,6,1,0,concert,17,Guarda,rural,0.14,2,Apartment,0,0,4.85,1,120.0
4,4,1,0,fair,18,Santarém,urban,0.35,3,Apartment,1,0,4.1,1,142.0
10,3,0,0,none,42,Bragança,rural,0.15,1,Apartment,1,0,3.79,1,44.0
1,0,0,0,none,10,Aveiro,coastal,0.48,1,Room,0,0,4.12,0,34.0
10,1,0,0,none,57,Porto,urban,0.85,5,Room,0,0,4.18,1,110.0
11,0,0,0,fair,17,Santarém,urban,0.35,1,Apartment,0,0,4.64,0,85.0
9,5,1,0,national_holiday,46,Évora,historic,0.52,2,House,0,0,3.26,1,281.0
11,0,0,0,fair,22,Açores,rural,0.3,3,House,1,1,5.0,0,232.0
8,0,0,0,none,40,Santarém,urban,0.35,1,House,1,0,4.43,1,138.0
6,0,0,0,fair,14,Santarém,urban,0.35,4,House,1,1,4.19,0,193.0
4,6,1,0,none,17,Vila Real,rural,0.22,4,Apartment,0,0,4.42,1,119.0
12,6,1,1,national_holiday,30,Lisboa,urban,0.92,2,Apartment,1,0,3.43,1,334.0
9,5,1,0,festival,63,Lisboa,urban,0.92,2,Apartment,0,0,4.26,1,374.0
3,0,0,0,none,39,Setúbal,coastal,0.6,5,Shared_House,1,0,4.53,0,118.0
12,3,0,0,festival,32,Bragança,rural,0.15,3,Shared_House,1,0,4.05,1,110.0
1,6,1,0,concert,52,Aveiro,coastal,0.48,3,House,1,1,4.46,1,294.0
8,0,0,0,none,88,Viana do Castelo,coastal,0.38,2,House,1,1,4.6,1,210.0
3,5,1,0,none,73,Porto,urban,0.85,3,House,0,1,3.84,1,324.0
8,0,0,0,sports_event,37,Porto,urban,0.85,2,Apartment,0,0,4.82,0,282.0
5,5,1,0,national_holiday,46,Aveiro,coastal,0.48,3,Apartment,0,0,4.17,1,188.0
6,3,0,0,festival,20,Castelo Branco,historic,0.28,3,Apartment,0,0,5.0,1,166.0
9,6,1,0,none,66,Açores,rural,0.3,3,Apartment,0,0,4.85,1,183.0
10,2,0,0,sports_event,78,Leiria,coastal,0.4,3,Shared_House,0,0,4.4,0,105.0
5,5,1,0,none,78,Santarém,urban,0.35,4,Room,0,0,3.79,0,80.0
12,5,1,1,national_holiday,19,Évora,historic,0.52,4,House,1,0,4.14,1,343.0
6,2,0,0,none,68,Coimbra,urban,0.55,3,Room,0,0,4.7,0,75.0
2,4,1,0,none,16,Évora,historic,0.52,2,House,0,0,3.92,0,208.0
1,3,0,0,none,1,Coimbra,urban,0.55,4,House,0,1,4.42,1,187.0
3,3,0,0,none,65,Setúbal,coastal,0.6,4,Room,0,0,4.47,0,93.0
9,5,1,0,none,39,Portalegre,rural,0.18,1,Apartment,1,0,4.14,1,79.0
7,1,0,0,sports_event,27,Açores,rural,0.3,5,Apartment,0,1,3.79,1,228.0
5,0,0,0,none,46,Lisboa,urban,0.92,5,House,1,1,5.0,0,405.0
6,3,0,1,national_holiday,38,Faro,coastal,0.78,3,Apartment,0,0,4.44,1,377.0
11,5,1,0,festival,22,Setúbal,coastal,0.6,1,House,1,1,4.05,1,362.0
7,1,0,0,concert,41,Vila Real,rural,0.22,3,Room,1,0,3.8,0,86.0
1,2,0,0,concert,4,Vila Real,rural,0.22,2,Room,0,0,4.65,0,72.0
1,4,1,0,none,71,Santarém,urban,0.35,2,Apartment,0,0,4.17,0,95.0
6,3,0,0,sports_event,85,Vila Real,rural,0.22,1,Apartment,0,0,4.69,0,117.0
5,4,1,0,concert,52,Viana do Castelo,coastal,0.38,4,Shared_House,0,0,3.74,1,119.0
11,3,0,0,sports_event,56,Porto,urban,0.85,3,Shared_House,0,1,4.35,0,154.0
7,5,1,0,festival,67,Leiria,coastal,0.4,3,Apartment,1,0,3.96,1,196.0
10,6,1,0,none,44,Castelo Branco,historic,0.28,2,Room,0,0,5.0,1,71.0
8,3,0,0,none,89,Beja,rural,0.2,3,Room,0,0,4.38,1,70.0
5,3,0,0,none,26,Açores,rural,0.3,3,Apartment,0,0,3.7,0,98.0
8,1,0,0,none,64,Guarda,rural,0.14,3,Apartment,0,1,4.67,1,90.0
8,3,0,0,national_holiday,26,Beja,rural,0.2,1,Shared_House,1,0,4.82,1,89.0
9,5,1,0,none,26,Beja,rural,0.2,2,Room,0,0,4.03,1,47.0
3,3,0,0,festival,39,Viseu,historic,0.32,1,House,1,0,3.8,1,166.0
8,4,1,0,national_holiday,70,Porto,urban,0.85,4,Shared_House,0,0,3.1,1,151.0
4,2,0,0,festival,37,Castelo Branco,historic,0.28,3,Room,0,1,4.75,1,138.0
10,4,1,0,none,77,Setúbal,coastal,0.6,4,Apartment,0,1,3.32,1,200.0
10,4,1,0,national_holiday,35,Aveiro,coastal,0.48,3,House,1,0,4.18,1,286.0
8,3,0,0,none,39,Guarda,rural,0.14,2,Room,0,0,3.34,0,32.0
12,6,1,1,national_holiday,47,Santarém,urban,0.35,2,Apartment,0,0,5.0,1,154.0
7,6,1,0,none,60,Vila Real,rural,0.22,2,Apartment,0,1,4.87,1,114.0
1,1,0,0,none,40,Leiria,coastal,0.4,3,Room,0,0,4.35,0,72.0
8,1,0,0,concert,45,Lisboa,urban,0.92,4,Room,0,0,4.72,1,187.0
10,6,1,0,none,6,Braga,urban,0.58,1,Apartment,1,0,4.13,1,126.0
2,2,0,0,concert,12,Portalegre,rural,0.18,3,Apartment,0,1,3.79,1,111.0
2,2,0,0,none,13,Lisboa,urban,0.92,1,Room,1,0,3.36,0,67.0
4,5,1,0,national_holiday,66,Viseu,historic,0.32,2,Apartment,1,0,4.6,1,171.0
11,4,1,0,none,34,Faro,coastal,0.78,3,Apartment,0,0,3.7,1,250.0
7,0,0,0,national_holiday,40,Castelo Branco,historic,0.28,1,Shared_House,0,0,5.0,1,86.0
12,0,0,0,none,49,Porto,urban,0.85,1,Room,0,0,3.64,0,59.0
11,5,1,0,fair,32,Viseu,historic,0.32,4,Apartment,0,0,4.71,1,161.0
7,5,1,0,concert,12,Évora,historic,0.52,3,House,1,0,4.84,0,321.0
9,2,0,0,festival,43,Leiria,coastal,0.4,2,Apartment,0,1,3.53,1,175.0
4,6,1,0,none,31,Faro,coastal,0.78,3,Apartment,0,0,3.98,0,274.0
2,0,0,0,festival,53,Leiria,coastal,0.4,1,Shared_House,0,0,4.09,1,68.0
5,6,1,0,festival,57,Viana do Castelo,coastal,0.38,4,House,1,0,5.0,1,277.0
8,0,0,0,festival,69,Bragança,rural,0.15,4,House,1,0,4.08,0,191.0
3,4,1,0,festival,47,Braga,urban,0.58,2,Apartment,0,0,3.63,1,189.0
3,5,1,0,national_holiday,82,Açores,rural,0.3,3,House,1,1,4.45,1,355.0
1,4,1,0,national_holiday,90,Faro,coastal,0.78,2,Apartment,1,0,3.68,1,322.0
9,5,1,0,festival,62,Castelo Branco,historic,0.28,4,Apartment,1,0,4.17,1,176.0
11,2,0,0,none,84,Bragança,rural,0.15,1,House,1,0,3.97,0,57.0
10,2,0,0,none,90,Faro,coastal,0.78,3,Room,0,0,4.46,0,115.0
5,1,0,1,sports_event,76,Castelo Branco,historic,0.28,2,Room,0,0,3.92,1,89.0
8,0,0,0,national_holiday,15,Faro,coastal,0.78,4,Apartment,0,0,3.85,0,328.0
12,1,0,0,none,61,Guarda,rural,0.14,5,House,1,1,4.74,0,157.0
8,1,0,0,none,14,Santarém,urban,0.35,2,Apartment,1,0,4.34,1,102.0
4,5,1,0,none,27,Vila Real,rural,0.22,3,House,0,1,4.21,1,161.0
5,1,0,0,none,72,Beja,rural,0.2,3,Room,0,0,3.24,0,29.0
9,1,0,0,national_holiday,49,Coimbra,urban,0.55,3,Room,0,0,4.51,0,128.0
6,5,1,0,sports_event,58,Setúbal,coastal,0.6,2,Apartment,0,0,3.96,1,246.0
11,3,0,0,none,36,Setúbal,coastal,0.6,3,Room,0,0,4.34,0,98.0
11,1,0,0,none,78,Aveiro,coastal,0.48,4,Apartment,0,0,3.28,0,95.0
1,4,1,0,none,32,Coimbra,urban,0.55,5,Apartment,0,0,4.34,1,178.0
9,1,0,0,sports_event,62,Bragança,rural,0.15,4,Apartment,0,0,4.3,0,144.0
5,5,1,0,sports_event,70,Lisboa,urban,0.92,3,Apartment,1,0,4.09,1,379.0
7,0,0,0,none,2,Leiria,coastal,0.4,2,House,1,1,3.76,0,187.0
4,4,1,0,none,77,Faro,coastal,0.78,1,Apartment,1,0,4.78,1,291.0
5,4,1,0,fair,61,Porto,urban,0.85,3,House,1,0,3.83,0,374.0
4,2,0,0,concert,18,Viana do Castelo,coastal,0.38,3,Apartment,1,0,4.66,1,160.0
1,4,1,0,festival,20,Bragança,rural,0.15,4,House,1,0,4.72,1,221.0
10,2,0,0,none,7,Coimbra,urban,0.55,3,Apartment,0,1,3.78,0,112.0
2,4,1,0,national_holiday,41,Leiria,coastal,0.4,2,Apartment,0,0,4.57,1,182.0
5,1,0,0,sports_event,6,Braga,urban,0.58,2,House,1,1,3.99,0,253.0
3,3,0,0,national_holiday,63,Porto,urban,0.85,3,Apartment,0,0,4.52,0,256.0
2,5,1,0,none,7,Aveiro,coastal,0.48,2,Apartment,1,0,3.73,1,122.0
5,6,1,0,none,60,Leiria,coastal,0.4,2,Room,0,0,4.14,1,77.0
12,2,0,0,none,66,Açores,rural,0.3,1,Apartment,0,0,4.24,0,75.0
12,3,0,0,fair,35,Coimbra,urban,0.55,3,Room,0,0,4.19,0,92.0
5,3,0,0,sports_event,32,Bragança,rural,0.15,2,Apartment,0,0,4.39,1,118.0
7,6,1,0,none,65,Madeira,urban,0.65,5,Room,0,0,3.8,0,160.0
12,6,1,1,national_holiday,82,Leiria,coastal,0.4,4,Apartment,1,0,3.92,1,197.0
3,4,1,0,national_holiday,85,Beja,rural,0.2,2,Shared_House,0,0,4.56,1,94.0
12,5,1,1,national_holiday,56,Portalegre,rural,0.18,4,Apartment,0,0,3.99,1,152.0
2,0,0,0,sports_event,21,Aveiro,coastal,0.48,3,Shared_House,0,0,3.95,1,104.0
3,5,1,0,sports_event,32,Coimbra,urban,0.55,5,Apartment,0,0,3.78,1,229.0
5,5,1,0,none,11,Leiria,coastal,0.4,3,Room,0,0,3.97,1,95.0
1,5,1,0,sports_event,3,Aveiro,coastal,0.48,2,Apartment,0,0,3.69,0,177.0
10,4,1,0,none,13,Braga,urban,0.58,2,Apartment,0,0,4.56,1,147.0
11,6,1,0,fair,70,Setúbal,coastal,0.6,5,Apartment,0,0,3.98,1,246.0
5,4,1,0,concert,42,Vila Real,rural,0.22,5,Apartment,1,0,3.66,1,154.0
11,5,1,0,fair,52,Viana do Castelo,coastal,0.38,3,Apartment,0,0,4.1,1,152.0
10,1,0,0,concert,27,Bragança,rural,0.15,3,House,1,0,3.5,0,106.0
10,4,1,0,none,6,Faro,coastal,0.78,3,House,1,1,3.77,1,474.0
10,3,0,0,none,43,Viseu,historic,0.32,4,House,1,1,4.88,1,177.0
7,6,1,0,sports_event,40,Beja,rural,0.2,3,Apartment,0,0,3.66,1,136.0
2,6,1,0,none,8,Setúbal,coastal,0.6,2,House,1,0,4.13,1,262.0
12,5,1,0,sports_event,60,Porto,urban,0.85,2,Room,0,0,5.0,1,172.0
8,1,0,0,none,23,Madeira,urban,0.65,3,Apartment,0,1,4.32,0,214.0
11,3,0,0,none,46,Viseu,historic,0.32,2,Room,0,0,3.94,0,29.0
12,0,0,0,none,32,Portalegre,rural,0.18,4,Apartment,0,1,3.21,0,90.0
3,6,1,0,sports_event,9,Porto,urban,0.85,5,Apartment,1,0,4.28,1,349.0
5,1,0,0,none,85,Viana do Castelo,coastal,0.38,2,Room,0,0,3.82,0,38.0
3,4,1,0,sports_event,57,Santarém,urban,0.35,5,House,1,0,4.48,1,252.0
1,3,0,0,none,27,Porto,urban,0.85,4,House,1,0,3.86,0,206.0
12,6,1,0,concert,21,Açores,rural,0.3,3,Apartment,0,0,4.34,0,206.0
12,5,1,0,sports_event,5,Porto,urban,0.85,2,House,1,0,4.92,1,448.0
12,5,1,1,festival,70,Viseu,historic,0.32,3,House,1,0,4.54,1,238.0
11,4,1,0,none,28,Évora,historic,0.52,5,Shared_House,0,0,3.54,0,100.0
8,0,0,0,festival,20,Lisboa,urban,0.92,3,Room,0,0,4.24,0,204.0
7,6,1,0,none,85,Lisboa,urban,0.92,3,Apartment,0,0,4.68,1,312.0
12,0,0,0,sports_event,90,Portalegre,rural,0.18,1,Apartment,1,0,3.44,1,78.0
7,3,0,0,none,39,Viana do Castelo,coastal,0.38,2,House,1,1,5.0,1,211.0
8,2,0,0,fair,54,Porto,urban,0.85,3,Room,0,0,4.27,1,122.0
3,2,0,0,concert,74,Beja,rural,0.2,3,Apartment,1,0,4.49,0,117.0
9,6,1,0,festival,55,Faro,coastal,0.78,4,Room,0,0,4.03,1,221.0
10,1,0,0,fair,25,Beja,rural,0.2,3,House,0,1,4.22,0,129.0
9,4,1,0,sports_event,69,Portalegre,rural,0.18,2,Apartment,0,0,3.75,1,124.0
6,1,0,0,none,13,Porto,urban,0.85,2,Apartment,0,0,4.97,0,185.0
3,6,1,0,concert,50,Évora,historic,0.52,2,House,1,0,5.0,1,328.0
1,5,1,0,national_holiday,45,Santarém,urban,0.35,2,Room,0,0,5.0,1,97.0
8,2,0,0,none,54,Beja,rural,0.2,2,Apartment,0,1,3.32,0,76.0
9,0,0,0,none,64,Faro,coastal,0.78,4,Apartment,0,0,4.36,0,236.0
10,1,0,0,festival,6,Viseu,historic,0.32,3,Apartment,1,0,4.42,1,149.0
12,1,0,0,none,77,Santarém,urban,0.35,4,Apartment,0,0,3.85,0,92.0
6,2,0,0,festival,28,Aveiro,coastal,0.48,5,House,1,1,4.39,1,320.0
10,6,1,0,festival,22,Portalegre,rural,0.18,1,Apartment,1,0,3.48,0,106.0
9,0,0,0,concert,48,Setúbal,coastal,0.6,4,Room,0,0,4.94,1,157.0
4,4,1,0,none,89,Évora,historic,0.52,1,Apartment,1,0,3.43,0,114.0
11,2,0,0,none,76,Vila Real,rural,0.22,1,Room,0,0,4.33,0,21.0
1,0,0,0,fair,45,Madeira,urban,0.65,2,Shared_House,1,0,4.59,0,97.0
8,4,1,0,none,53,Viseu,historic,0.32,1,Apartment,1,0,3.9,1,104.0
12,4,1,0,none,46,Bragança,rural,0.15,3,Shared_House,1,0,4.89,1,63.0
8,6,1,0,none,62,Évora,historic,0.52,4,Room,1,0,3.29,0,108.0
12,3,0,0,none,78,Guarda,rural,0.14,3,Room,0,0,4.18,0,51.0
1,2,0,0,none,13,Açores,rural,0.3,3,Apartment,1,0,3.36,0,107.0
7,5,1,0,none,37,Santarém,urban,0.35,4,Room,0,0,3.81,1,107.0
10,1,0,0,sports_event,52,Porto,urban,0.85,4,House,1,0,3.95,0,340.0
8,4,1,0,festival,69,Setúbal,coastal,0.6,4,Apartment,0,0,3.92,1,272.0
11,6,1,0,fair,9,Açores,rural,0.3,3,Shared_House,1,0,4.84,0,117.0
6,0,0,0,fair,52,Madeira,urban,0.65,2,Shared_House,0,0,3.61,0,91.0
9,6,1,0,none,70,Bragança,rural,0.15,3,Apartment,1,0,3.42,0,95.0
6,1,0,0,none,13,Beja,rural,0.2,3,House,1,0,3.98,0,122.0
11,3,0,0,fair,16,Viana do Castelo,coastal,0.38,1,Shared_House,0,0,4.26,1,41.0
2,1,0,0,none,3,Madeira,urban,0.65,4,House,1,0,4.45,0,247.0
4,1,0,0,none,77,Faro,coastal,0.78,5,House,0,1,4.78,0,361.0
2,4,1,1,national_holiday,85,Viseu,historic,0.32,5,Apartment,0,0,3.12,1,168.0
9,3,0,0,sports_event,43,Braga,urban,0.58,2,Apartment,1,0,5.0,1,200.0
3,3,0,0,none,78,Santarém,urban,0.35,1,House,1,0,3.79,0,63.0
4,3,0,0,none,54,Faro,coastal,0.78,1,Room,0,0,4.06,0,80.0
11,5,1,0,none,89,Leiria,coastal,0.4,4,House,0,0,4.21,1,214.0
5,6,1,0,concert,10,Lisboa,urban,0.92,3,House,1,0,3.11,0,484.0
2,3,0,0,none,61,Lisboa,urban,0.92,4,Apartment,1,0,3.98,1,180.0
1,1,0,0,sports_event,66,Vila Real,rural,0.22,5,Room,0,0,4.7,0,109.0
3,2,0,0,none,59,Évora,historic,0.52,2,Apartment,1,0,4.52,0,97.0
11,3,0,0,none,45,Aveiro,coastal,0.48,2,House,1,1,3.95,0,154.0
7,0,0,0,none,19,Madeira,urban,0.65,4,Room,0,0,4.31,0,135.0
12,1,0,0,none,16,Viseu,historic,0.32,2,Room,0,0,4.43,0,52.0
3,1,0,0,none,58,Portalegre,rural,0.18,3,Apartment,0,0,4.07,0,58.0
5,6,1,0,fair,53,Madeira,urban,0.65,3,Room,1,0,4.45,1,171.0
2,2,0,0,none,44,Castelo Branco,historic,0.28,3,Apartment,0,1,3.8,0,92.0
5,6,1,0,national_holiday,4,Setúbal,coastal,0.6,5,Apartment,0,0,3.73,1,282.0
7,3,0,0,none,34,Porto,urban,0.85,1,Room,0,0,4.05,0,72.0
10,3,0,0,none,79,Beja,rural,0.2,3,Apartment,0,0,2.99,0,57.0
5,6,1,0,festival,62,Aveiro,coastal,0.48,5,Apartment,0,0,4.55,1,252.0
10,4,1,0,concert,69,Madeira,urban,0.65,2,Shared_House,0,0,4.24,1,123.0
8,1,0,0,none,8,Lisboa,urban,0.92,4,Apartment,0,0,4.09,1,233.0
4,1,0,0,none,41,Beja,rural,0.2,5,Room,0,0,4.6,0,84.0
11,4,1,0,festival,46,Açores,rural,0.3,2,House,1,0,4.39,1,298.0
6,0,0,0,none,71,Vila Real,rural,0.22,1,Apartment,0,0,4.73,0,58.0
2,1,0,0,sports_event,69,Bragança,rural,0.15,1,House,1,0,4.99,0,138.0
12,0,0,0,concert,9,Braga,urban,0.58,1,Apartment,1,0,4.37,0,138.0
11,4,1,0,none,75,Castelo Branco,historic,0.28,2,Room,0,0,3.84,0,62.0
1,3,0,0,fair,4,Castelo Branco,historic,0.28,2,Room,0,0,4.56,0,53.0
11,0,0,0,none,45,Vila Real,rural,0.22,3,Apartment,0,0,3.84,0,70.0
12,5,1,0,fair,23,Aveiro,coastal,0.48,4,House,0,1,3.82,1,303.0
10,4,1,0,national_holiday,32,Aveiro,coastal,0.48,2,House,0,1,4.05,0,279.0
4,5,1,0,sports_event,39,Leiria,coastal,0.4,3,Room,0,0,4.78,1,136.0
8,1,0,0,national_holiday,52,Açores,rural,0.3,2,Apartment,0,0,4.58,0,170.0
7,6,1,0,concert,3,Castelo Branco,historic,0.28,3,Apartment,0,0,4.64,0,150.0
8,1,0,0,none,12,Beja,rural,0.2,2,Apartment,0,0,4.26,1,67.0
8,3,0,0,none,63,Faro,coastal,0.78,2,House,1,1,4.48,0,396.0
8,3,0,0,none,9,Aveiro,coastal,0.48,5,Apartment,0,0,4.5,1,179.0
7,1,0,0,none,22,Beja,rural,0.2,4,House,0,0,3.86,0,105.0
9,2,0,0,festival,74,Bragança,rural,0.15,3,Shared_House,0,0,4.49,1,90.0
7,0,0,0,none,20,Porto,urban,0.85,4,Apartment,0,0,4.2,1,200.0
1,3,0,0,sports_event,12,Faro,coastal,0.78,3,House,1,1,4.0,1,414.0
1,4,1,0,none,44,Santarém,urban,0.35,2,Apartment,0,0,4.02,1,94.0
12,2,0,0,none,38,Viseu,historic,0.32,3,House,1,0,3.92,0,124.0
11,3,0,0,none,12,Viana do Castelo,coastal,0.38,4,Apartment,0,0,4.06,0,92.0
8,6,1,0,national_holiday,38,Coimbra,urban,0.55,5,Shared_House,0,0,4.2,1,161.0
3,1,0,0,none,77,Bragança,rural,0.15,3,Apartment,0,0,4.53,1,73.0
10,2,0,0,none,89,Viana do Castelo,coastal,0.38,2,Shared_House,0,0,4.95,0,53.0
2,0,0,0,none,6,Faro,coastal,0.78,4,Apartment,1,1,4.48,0,239.0
5,3,0,0,national_holiday,64,Viseu,historic,0.32,3,Room,0,0,4.26,1,103.0
4,1,0,0,none,62,Aveiro,coastal,0.48,2,Apartment,0,0,3.2,0,80.0
1,5,1,0,sports_event,69,Porto,urban,0.85,3,Apartment,1,0,5.0,1,333.0
10,2,0,0,none,70,Évora,historic,0.52,2,Room,0,0,3.85,0,53.0
7,4,1,0,none,61,Faro,coastal,0.78,3,Apartment,0,0,3.86,1,319.0
4,1,0,0,sports_event,79,Beja,rural,0.2,4,House,1,1,4.83,0,209.0
7,2,0,0,festival,25,Portalegre,rural,0.18,2,Room,1,0,3.65,0,86.0
1,1,0,0,sports_event,12,Açores,rural,0.3,3,Apartment,0,0,4.39,0,170.0
6,3,0,0,none,33,Braga,urban,0.58,2,Apartment,0,0,3.97,0,106.0
7,0,0,0,national_holiday,18,Coimbra,urban,0.55,2,Shared_House,0,0,4.07,0,105.0
5,0,0,0,festival,17,Viseu,historic,0.32,4,House,1,1,4.22,1,253.0
10,3,0,0,national_holiday,4,Évora,historic,0.52,3,Room,0,0,3.6,1,116.0
3,3,0,0,none,49,Viseu,historic,0.32,4,Room,0,0,4.14,0,66.0
2,2,0,0,none,75,Coimbra,urban,0.55,3,Room,0,0,4.71,0,55.0
7,3,0,0,none,8,Faro,coastal,0.78,4,House,1,0,4.16,1,387.0
11,2,0,0,concert,60,Aveiro,coastal,0.48,2,Apartment,0,1,5.0,0,171.0
5,5,1,0,concert,82,Açores,rural,0.3,3,Room,0,1,4.25,1,151.0
1,3,0,0,none,44,Porto,urban,0.85,2,Room,0,0,3.6,0,50.0
12,5,1,0,none,18,Porto,urban,0.85,4,Room,1,0,3.94,1,154.0
6,1,0,0,none,61,Viseu,historic,0.32,3,Room,0,0,3.23,0,47.0
3,1,0,0,none,20,Viana do Castelo,coastal,0.38,1,Apartment,0,0,4.74,0,76.0
8,2,0,0,fair,12,Lisboa,urban,0.92,3,Apartment,1,0,5.0,0,296.0
4,0,0,0,none,44,Porto,urban,0.85,4,Apartment,0,0,4.62,0,190.0
12,4,1,0,none,2,Faro,coastal,0.78,2,House,0,1,3.78,1,461.0
4,2,0,0,none,29,Viseu,historic,0.32,3,Apartment,0,0,3.76,0,77.0
7,2,0,0,none,71,Setúbal,coastal,0.6,4,Apartment,0,0,4.57,1,185.0
7,3,0,0,national_holiday,15,Aveiro,coastal,0.48,1,House,1,1,3.94,1,257.0
3,0,0,0,none,47,Viseu,historic,0.32,3,Apartment,0,0,3.77,1,76.0
6,2,0,0,national_holiday,89,Coimbra,urban,0.55,5,House,1,1,3.71,0,254.0
2,6,1,0,sports_event,20,Bragança,rural,0.15,2,Apartment,0,0,5.0,1,131.0
8,4,1,0,festival,26,Castelo Branco,historic,0.28,2,Apartment,1,1,3.97,1,171.0
10,4,1,0,none,64,Aveiro,coastal,0.48,3,House,0,1,4.62,0,262.0
12,3,0,0,sports_event,67,Beja,rural,0.2,3,Apartment,0,0,4.47,1,113.0
4,3,0,0,sports_event,44,Aveiro,coastal,0.48,4,Apartment,0,0,3.78,1,175.0
4,6,1,0,none,66,Coimbra,urban,0.55,3,Apartment,0,0,4.22,0,157.0
7,6,1,0,fair,57,Beja,rural,0.2,3,Shared_House,1,0,3.7,0,88.0
9,2,0,0,none,23,Porto,urban,0.85,3,Apartment,0,0,4.92,0,210.0
12,6,1,1,national_holiday,75,Lisboa,urban,0.92,1,Apartment,0,0,3.74,1,328.0
1,0,0,0,none,25,Viana do Castelo,coastal,0.38,3,Room,0,0,4.38,0,62.0
3,2,0,0,sports_event,61,Porto,urban,0.85,2,Apartment,0,0,3.95,1,197.0
4,2,0,0,none,49,Braga,urban,0.58,5,House,1,1,3.74,0,180.0
4,4,1,0,none,49,Madeira,urban,0.65,1,Room,0,0,4.74,1,109.0
6,4,1,0,none,78,Beja,rural,0.2,1,Apartment,0,0,3.94,0,75.0
11,3,0,0,none,82,Madeira,urban,0.65,4,Shared_House,1,0,3.29,0,85.0
1,1,0,0,none,67,Coimbra,urban,0.55,1,House,1,0,4.41,0,95.0
10,3,0,0,fair,54,Açores,rural,0.3,3,Room,0,0,3.85,0,91.0
8,1,0,0,none,28,Braga,urban,0.58,5,Shared_House,0,0,4.28,0,98.0
8,3,0,0,national_holiday,65,Coimbra,urban,0.55,4,Room,1,0,4.63,1,163.0
9,2,0,0,sports_event,4,Braga,urban,0.58,2,Apartment,0,0,4.38,0,171.0
2,6,1,0,concert,10,Évora,historic,0.52,2,House,1,0,4.64,1,311.0
9,5,1,0,national_holiday,55,Viseu,historic,0.32,3,Apartment,0,0,3.55,1,158.0
3,1,0,0,none,25,Faro,coastal,0.78,3,House,0,0,4.8,0,297.0
7,6,1,0,festival,43,Évora,historic,0.52,1,Room,0,0,4.05,1,134.0
9,4,1,0,none,85,Açores,rural,0.3,2,Apartment,1,0,3.49,1,140.0
8,2,0,0,none,31,Porto,urban,0.85,4,House,1,1,2.97,0,268.0
4,3,0,0,none,38,Beja,rural,0.2,2,House,0,0,4.05,0,70.0
5,1,0,0,sports_event,59,Viseu,historic,0.32,4,Apartment,0,0,3.81,1,151.0
6,0,0,0,concert,67,Açores,rural,0.3,2,House,0,1,3.81,0,233.0
1,2,0,0,none,86,Viseu,historic,0.32,3,Apartment,0,0,4.37,0,74.0
9,5,1,0,concert,29,Santarém,urban,0.35,3,House,0,0,5.0,1,207.0
2,2,0,0,none,82,Aveiro,coastal,0.48,2,Apartment,1,0,3.75,1,77.0
6,2,0,0,none,20,Portalegre,rural,0.18,3,Room,1,0,4.25,0,56.0
8,6,1,0,none,60,Coimbra,urban,0.55,2,Apartment,0,0,3.92,1,151.0
1,6,1,0,festival,8,Madeira,urban,0.65,4,House,1,0,3.71,1,431.0
12,3,0,0,none,87,Viana do Castelo,coastal,0.38,4,House,1,1,3.69,1,171.0
5,0,0,0,none,72,Porto,urban,0.85,2,Apartment,0,0,5.0,1,192.0
1,4,1,0,none,36,Portalegre,rural,0.18,3,House,1,0,4.21,0,129.0
8,5,1,0,festival,82,Setúbal,coastal,0.6,5,Room,0,0,4.1,1,196.0
7,6,1,0,concert,10,Braga,urban,0.58,3,Apartment,1,1,3.86,1,214.0
8,6,1,0,none,33,Guarda,rural,0.14,2,House,1,1,4.23,1,135.0
10,4,1,0,sports_event,41,Coimbra,urban,0.55,4,Apartment,1,0,3.88,0,222.0
6,0,0,0,festival,60,Açores,rural,0.3,1,House,1,1,5.0,0,315.0
10,1,0,0,none,60,Castelo Branco,historic,0.28,3,Room,0,0,4.33,1,68.0
5,5,1,1,national_holiday,5,Portalegre,rural,0.18,2,House,1,0,4.27,1,187.0
7,4,1,0,national_holiday,73,Castelo Branco,historic,0.28,3,Apartment,0,0,4.26,1,150.0
2,3,0,0,none,13,Aveiro,coastal,0.48,3,Apartment,0,0,4.85,0,142.0
8,2,0,0,none,85,Portalegre,rural,0.18,1,House,1,0,4.19,0,67.0
4,4,1,0,fair,37,Porto,urban,0.85,4,Apartment,0,0,3.96,1,274.0
9,2,0,0,fair,47,Lisboa,urban,0.92,3,House,0,1,4.28,0,384.0
10,1,0,0,sports_event,36,Bragança,rural,0.15,2,Room,0,0,4.6,0,87.0
11,6,1,1,concert,34,Braga,urban,0.58,4,Room,0,0,4.79,1,148.0
12,2,0,0,none,41,Porto,urban,0.85,3,Apartment,1,0,4.31,0,185.0
2,1,0,0,concert,26,Viseu,historic,0.32,1,Room,0,0,4.31,1,65.0
2,0,0,0,none,82,Évora,historic,0.52,3,Apartment,1,0,4.7,0,118.0
12,3,0,0,fair,55,Bragança,rural,0.15,5,Apartment,0,0,2.83,0,96.0
5,6,1,0,none,41,Faro,coastal,0.78,2,House,1,0,4.24,1,458.0
1,1,0,0,none,63,Açores,rural,0.3,4,House,0,1,3.91,0,165.0
4,1,0,0,none,6,Viseu,historic,0.32,3,House,1,0,4.23,0,125.0
11,1,0,0,concert,57,Viseu,historic,0.32,1,Room,0,0,4.38,0,50.0
5,0,0,0,none,16,Vila Real,rural,0.22,4,Apartment,0,1,4.82,1,132.0
1,4,1,0,concert,18,Santarém,urban,0.35,3,Apartment,1,0,3.51,1,135.0
9,2,0,0,none,60,Aveiro,coastal,0.48,4,Apartment,0,0,3.84,0,115.0
3,5,1,0,none,41,Leiria,coastal,0.4,3,Apartment,0,0,3.76,0,124.0
5,2,0,0,festival,16,Madeira,urban,0.65,1,Apartment,0,0,3.9,0,214.0
1,4,1,0,none,7,Açores,rural,0.3,2,Room,0,0,3.51,0,60.0
8,0,0,0,sports_event,55,Faro,coastal,0.78,2,House,1,0,5.0,1,544.0
6,2,0,0,national_holiday,47,Beja,rural,0.2,3,Apartment,0,0,4.64,1,127.0
11,2,0,1,sports_event,22,Beja,rural,0.2,5,House,1,1,3.81,1,203.0
5,0,0,0,none,20,Setúbal,coastal,0.6,4,Apartment,0,0,4.21,1,185.0
3,2,0,0,festival,67,Guarda,rural,0.14,4,Apartment,0,0,3.98,0,128.0
2,3,0,0,fair,81,Santarém,urban,0.35,3,House,1,0,4.28,0,143.0
3,2,0,0,sports_event,85,Viana do Castelo,coastal,0.38,1,Room,0,0,3.82,1,79.0
6,3,0,0,concert,73,Évora,historic,0.52,4,Room,0,0,3.44,0,116.0
2,5,1,0,none,22,Madeira,urban,0.65,1,Apartment,0,0,3.91,1,157.0
5,5,1,0,concert,66,Viana do Castelo,coastal,0.38,1,Apartment,1,0,4.89,1,168.0
11,0,0,0,none,35,Viseu,historic,0.32,2,House,0,0,3.46,0,77.0
10,4,1,0,concert,11,Bragança,rural,0.15,5,Room,0,0,4.75,1,125.0
8,6,1,0,fair,16,Viseu,historic,0.32,4,Apartment,0,0,4.48,1,170.0
11,6,1,0,fair,41,Beja,rural,0.2,1,Apartment,0,0,4.0,1,97.0
10,2,0,0,none,26,Bragança,rural,0.15,5,Shared_House,0,0,4.58,0,84.0
8,5,1,0,concert,17,Viana do Castelo,coastal,0.38,4,Apartment,0,0,4.3,1,200.0
11,5,1,1,national_holiday,70,Leiria,coastal,0.4,3,Shared_House,0,0,3.13,1,87.0
2,2,0,0,none,4,Açores,rural,0.3,2,House,1,1,4.0,1,161.0
10,6,1,0,sports_event,86,Coimbra,urban,0.55,2,House,1,0,4.01,1,265.0
4,4,1,0,none,37,Madeira,urban,0.65,2,Apartment,1,0,4.92,1,245.0
9,5,1,0,none,30,Braga,urban,0.58,3,Room,0,0,4.0,1,91.0
11,5,1,0,sports_event,29,Braga,urban,0.58,3,Apartment,1,0,4.09,1,194.0
6,5,1,0,sports_event,61,Aveiro,coastal,0.48,2,Apartment,1,0,3.62,1,183.0
2,6,1,0,festival,83,Porto,urban,0.85,2,Apartment,0,0,4.17,1,275.0
5,6,1,0,festival,25,Madeira,urban,0.65,3,Apartment,1,0,3.61,1,334.0
5,2,0,0,sports_event,84,Vila Real,rural,0.22,4,Room,0,0,4.74,1,129.0
12,3,0,0,none,82,Coimbra,urban,0.55,2,Apartment,0,0,3.99,0,87.0
12,4,1,0,none,85,Porto,urban,0.85,4,House,0,0,3.6,0,303.0
7,5,1,0,festival,56,Beja,rural,0.2,5,Room,1,0,4.81,1,169.0
12,2,0,0,sports_event,2,Açores,rural,0.3,4,House,1,0,3.55,0,243.0
6,2,0,1,national_holiday,28,Viseu,historic,0.32,3,House,0,0,4.33,1,194.0
5,5,1,0,none,47,Viana do Castelo,coastal,0.38,4,Apartment,0,0,3.46,1,151.0
11,6,1,0,fair,72,Lisboa,urban,0.92,4,Room,0,0,4.35,1,188.0
9,6,1,0,fair,2,Bragança,rural,0.15,4,Apartment,0,0,4.73,0,147.0
7,1,0,0,festival,53,Aveiro,coastal,0.48,1,House,1,0,3.88,1,237.0
6,6,1,0,concert,55,Évora,historic,0.52,2,Room,0,0,3.61,1,113.0
9,5,1,0,national_holiday,4,Guarda,rural,0.14,1,Room,0,0,3.63,1,71.0
10,1,0,0,festival,46,Coimbra,urban,0.55,1,Apartment,0,0,4.17,0,139.0
6,0,0,0,none,38,Castelo Branco,historic,0.28,4,Apartment,1,1,5.0,1,153.0
1,1,0,0,festival,39,Bragança,rural,0.15,2,Room,1,0,4.73,1,89.0
2,6,1,0,fair,68,Évora,historic,0.52,4,Room,1,0,4.79,1,168.0
2,5,1,0,sports_event,5,Aveiro,coastal,0.48,3,House,1,1,3.67,1,316.0
6,4,1,0,none,68,Évora,historic,0.52,3,Apartment,0,0,4.75,1,205.0
8,4,1,0,fair,10,Viana do Castelo,coastal,0.38,1,Apartment,1,0,4.69,1,169.0
10,2,0,0,concert,64,Bragança,rural,0.15,2,Shared_House,0,0,4.35,0,63.0
3,6,1,0,none,29,Braga,urban,0.58,1,Apartment,0,0,3.88,1,115.0
10,1,0,0,national_holiday,47,Açores,rural,0.3,5,Room,0,0,4.69,0,159.0
8,2,0,0,sports_event,22,Leiria,coastal,0.4,2,Apartment,0,0,3.86,1,155.0
1,1,0,0,concert,89,Vila Real,rural,0.22,1,Room,0,0,4.53,0,53.0
5,5,1,0,national_holiday,17,Aveiro,coastal,0.48,1,Apartment,0,0,4.01,1,178.0
4,3,0,0,none,37,Beja,rural,0.2,3,Apartment,0,0,3.71,0,66.0
11,4,1,0,concert,77,Lisboa,urban,0.92,3,Apartment,0,0,4.0,0,296.0
12,6,1,0,none,35,Setúbal,coastal,0.6,5,Room,0,0,5.0,1,165.0
10,1,0,0,fair,3,Viana do Castelo,coastal,0.38,2,House,1,1,3.62,0,184.0
7,6,1,0,fair,19,Aveiro,coastal,0.48,1,House,1,0,4.7,1,250.0
6,0,0,0,concert,20,Leiria,coastal,0.4,4,Shared_House,0,0,4.62,1,114.0
4,5,1,0,concert,8,Lisboa,urban,0.92,2,Apartment,1,1,4.11,1,362.0
10,4,1,0,concert,83,Setúbal,coastal,0.6,2,Room,0,0,3.92,1,123.0
2,5,1,0,none,75,Açores,rural,0.3,5,Apartment,0,0,3.58,0,145.0
4,1,0,0,none,79,Portalegre,rural,0.18,3,Apartment,1,0,4.84,1,81.0
2,6,1,0,none,50,Santarém,urban,0.35,3,House,1,0,3.61,1,150.0
6,5,1,0,concert,32,Faro,coastal,0.78,5,Shared_House,0,0,2.81,1,175.0
4,0,0,0,sports_event,78,Açores,rural,0.3,2,Room,0,0,4.35,0,103.0
3,3,0,0,festival,73,Bragança,rural,0.15,1,Apartment,1,0,3.52,0,91.0
5,5,1,0,none,66,Setúbal,coastal,0.6,2,Shared_House,1,0,4.15,1,100.0
11,3,0,0,festival,14,Faro,coastal,0.78,1,Room,0,0,3.53,1,141.0
7,2,0,0,none,76,Viseu,historic,0.32,3,Room,0,0,3.91,0,66.0
10,1,0,0,national_holiday,58,Aveiro,coastal,0.48,4,House,1,1,4.23,1,278.0
11,3,0,0,fair,63,Viseu,historic,0.32,5,Apartment,0,0,4.34,0,132.0
11,6,1,0,festival,80,Porto,urban,0.85,4,Apartment,0,0,4.87,1,340.0
5,4,1,0,concert,25,Vila Real,rural,0.22,5,House,1,0,4.2,1,209.0
11,5,1,0,none,43,Lisboa,urban,0.92,3,Apartment,1,0,4.25,1,278.0
11,5,1,0,none,31,Porto,urban,0.85,2,House,1,0,4.08,0,303.0
12,5,1,0,festival,16,Castelo Branco,historic,0.28,2,House,1,0,4.66,1,213.0
5,2,0,0,sports_event,46,Açores,rural,0.3,3,House,1,0,3.63,0,223.0
3,5,1,0,none,53,Bragança,rural,0.15,2,Room,1,0,3.98,1,54.0
8,2,0,0,none,25,Beja,rural,0.2,1,Apartment,0,0,4.2,1,58.0
12,4,1,0,festival,68,Coimbra,urban,0.55,5,Apartment,1,0,3.75,1,250.0
11,2,0,0,none,28,Santarém,urban,0.35,2,Apartment,0,0,4.9,0,87.0
7,6,1,0,none,78,Setúbal,coastal,0.6,4,Apartment,1,0,4.36,1,246.0
2,5,1,0,none,67,Lisboa,urban,0.92,1,Apartment,0,0,3.59,1,195.0
6,4,1,1,national_holiday,35,Portalegre,rural,0.18,3,Apartment,0,0,4.4,1,153.0
9,3,0,0,none,67,Faro,coastal,0.78,3,Apartment,0,0,4.86,0,248.0
7,3,0,0,none,26,Setúbal,coastal,0.6,2,Apartment,1,0,3.84,1,159.0
5,5,1,0,none,54,Évora,historic,0.52,1,Shared_House,1,0,4.88,0,94.0
5,1,0,0,none,62,Guarda,rural,0.14,3,Apartment,0,0,4.33,0,73.0
1,5,1,0,concert,19,Açores,rural,0.3,3,Apartment,0,0,4.3,1,189.0
4,1,0,0,none,23,Évora,historic,0.52,2,Room,0,0,4.8,0,76.0
9,0,0,0,none,12,Beja,rural,0.2,2,Apartment,1,0,4.3,0,71.0
3,5,1,0,national_holiday,22,Braga,urban,0.58,1,House,1,0,4.4,1,255.0
12,4,1,0,concert,63,Porto,urban,0.85,2,Room,0,0,4.25,1,155.0
1,2,0,0,none,17,Coimbra,urban,0.55,5,House,0,0,3.32,0,142.0
8,4,1,0,none,80,Leiria,coastal,0.4,2,Apartment,0,0,4.41,1,147.0
6,5,1,0,fair,34,Lisboa,urban,0.92,3,Apartment,0,0,4.33,1,366.0
10,5,1,0,sports_event,28,Viana do Castelo,coastal,0.38,3,Shared_House,0,0,4.01,0,113.0
11,6,1,0,national_holiday,40,Évora,historic,0.52,4,Room,1,0,2.93,0,135.0
7,5,1,0,none,58,Guarda,rural,0.14,1,Room,0,0,4.51,1,51.0
8,3,0,0,concert,66,Açores,rural,0.3,3,Apartment,0,0,3.77,0,161.0
9,1,0,0,none,61,Vila Real,rural,0.22,3,Apartment,1,0,3.64,0,59.0
7,0,0,0,none,10,Coimbra,urban,0.55,2,Room,0,0,3.59,0,47.0
3,4,1,0,concert,79,Madeira,urban,0.65,1,Apartment,0,1,3.22,1,233.0
6,4,1,0,sports_event,39,Madeira,urban,0.65,4,Shared_House,1,1,4.43,1,198.0
3,4,1,0,none,78,Castelo Branco,historic,0.28,3,Shared_House,1,0,5.0,1,82.0
6,0,0,0,none,60,Viana do Castelo,coastal,0.38,1,Apartment,0,1,3.91,1,106.0
8,4,1,0,concert,7,Guarda,rural,0.14,3,Apartment,1,0,4.61,1,142.0
3,5,1,0,none,50,Leiria,coastal,0.4,2,Apartment,0,0,4.15,1,124.0
3,5,1,0,none,75,Lisboa,urban,0.92,1,House,0,1,4.34,1,395.0
10,3,0,0,none,71,Castelo Branco,historic,0.28,2,Apartment,0,0,4.17,1,63.0
5,0,0,0,none,66,Vila Real,rural,0.22,2,House,1,0,4.59,1,102.0
3,3,0,0,concert,81,Açores,rural,0.3,3,House,0,1,3.6,0,198.0
9,4,1,0,none,51,Portalegre,rural,0.18,3,Apartment,1,0,4.25,1,110.0
9,3,0,0,festival,20,Santarém,urban,0.35,1,Apartment,0,1,4.77,0,165.0
10,4,1,0,sports_event,1,Faro,coastal,0.78,3,Apartment,0,1,4.55,1,398.0
10,3,0,0,none,82,Guarda,rural,0.14,4,House,0,0,4.36,0,98.0
12,3,0,0,festival,59,Vila Real,rural,0.22,3,Shared_House,1,0,4.25,0,122.0
7,2,0,0,none,80,Santarém,urban,0.35,1,Apartment,0,0,4.02,0,67.0
4,4,1,0,concert,72,Évora,historic,0.52,1,Room,0,0,4.02,1,82.0
11,1,0,0,concert,33,Vila Real,rural,0.22,5,Apartment,0,1,3.42,0,131.0
4,3,0,0,concert,16,Leiria,coastal,0.4,2,Room,0,0,4.45,1,84.0
4,2,0,0,none,74,Portalegre,rural,0.18,2,Apartment,1,0,4.88,0,72.0
10,4,1,0,concert,77,Castelo Branco,historic,0.28,3,Apartment,0,0,4.35,1,141.0
11,6,1,0,festival,47,Beja,rural,0.2,4,Apartment,1,0,4.21,1,161.0
5,4,1,0,none,23,Setúbal,coastal,0.6,5,Room,0,0,4.5,0,169.0
9,0,0,0,none,73,Viseu,historic,0.32,2,Apartment,0,1,3.14,0,77.0
12,4,1,0,none,76,Braga,urban,0.58,5,Apartment,0,0,3.95,1,173.0
10,2,0,0,none,68,Castelo Branco,historic,0.28,1,House,1,0,4.16,1,77.0
1,0,0,0,none,48,Castelo Branco,historic,0.28,4,House,1,0,3.35,0,99.0
8,1,0,0,national_holiday,87,Açores,rural,0.3,2,Apartment,0,1,4.28,1,201.0
3,6,1,0,national_holiday,86,Beja,rural,0.2,5,Apartment,0,1,3.27,0,156.0
11,2,0,0,none,20,Évora,historic,0.52,4,Room,0,0,4.55,1,111.0
1,1,0,0,national_holiday,29,Porto,urban,0.85,4,Apartment,0,0,4.31,1,238.0
12,0,0,0,sports_event,67,Coimbra,urban,0.55,3,Apartment,1,0,4.1,1,172.0
3,4,1,0,none,14,Beja,rural,0.2,2,Apartment,1,1,4.58,1,114.0
6,5,1,0,national_holiday,2,Vila Real,rural,0.22,3,House,1,1,4.27,1,226.0
3,2,0,0,sports_event,47,Évora,historic,0.52,1,Shared_House,0,0,4.44,1,68.0
10,0,0,0,festival,83,Beja,rural,0.2,4,Room,1,0,4.34,0,128.0
5,2,0,0,none,80,Coimbra,urban,0.55,1,Room,0,0,3.77,1,47.0
9,4,1,0,none,18,Évora,historic,0.52,2,House,1,1,4.98,1,299.0
1,0,0,0,fair,21,Évora,historic,0.52,2,Apartment,1,0,4.82,1,152.0
6,1,0,0,none,34,Beja,rural,0.2,4,Shared_House,0,0,4.41,0,63.0
11,0,0,0,none,84,Coimbra,urban,0.55,3,Apartment,1,0,4.28,0,120.0
12,3,0,0,none,76,Coimbra,urban,0.55,3,Room,0,0,4.58,0,81.0
3,1,0,0,none,82,Lisboa,urban,0.92,2,Apartment,0,0,4.83,0,164.0
5,1,0,0,none,43,Porto,urban,0.85,2,House,1,0,5.0,0,269.0
5,0,0,0,national_holiday,8,Braga,urban,0.58,3,Shared_House,0,0,3.93,0,105.0
7,5,1,0,none,60,Setúbal,coastal,0.6,2,Room,0,0,4.72,1,113.0
7,3,0,0,fair,82,Castelo Branco,historic,0.28,3,Room,1,0,4.16,0,80.0
2,6,1,0,festival,33,Vila Real,rural,0.22,3,Room,1,0,3.4,1,99.0
10,2,0,0,festival,22,Aveiro,coastal,0.48,5,House,1,0,4.62,1,289.0
3,1,0,0,none,50,Beja,rural,0.2,2,Apartment,0,0,4.93,0,67.0
4,1,0,0,none,22,Portalegre,rural,0.18,2,House,1,1,4.69,0,101.0
11,6,1,0,fair,77,Portalegre,rural,0.18,5,Apartment,0,0,4.12,0,136.0
9,4,1,0,concert,37,Vila Real,rural,0.22,5,House,1,0,4.39,1,219.0
5,2,0,0,none,81,Coimbra,urban,0.55,3,Apartment,0,0,4.55,0,117.0
11,4,1,0,fair,55,Leiria,coastal,0.4,2,Room,0,0,4.49,1,96.0
5,3,0,0,concert,42,Açores,rural,0.3,3,Room,0,0,4.82,1,108.0
7,0,0,0,none,41,Beja,rural,0.2,3,Apartment,1,0,4.67,1,97.0
3,4,1,0,festival,65,Lisboa,urban,0.92,2,House,1,0,3.91,1,514.0
3,0,0,0,concert,23,Vila Real,rural,0.22,2,Room,0,0,4.21,1,75.0
6,1,0,0,concert,43,Lisboa,urban,0.92,3,Room,0,0,3.95,0,158.0
7,4,1,0,none,78,Bragança,rural,0.15,2,Apartment,1,0,4.28,1,102.0
10,3,0,0,none,85,Açores,rural,0.3,4,House,1,0,3.27,0,153.0
5,1,0,0,none,4,Guarda,rural,0.14,1,Apartment,0,0,5.0,0,63.0
11,0,0,0,none,66,Beja,rural,0.2,5,Room,1,0,3.81,0,97.0
8,4,1,0,none,76,Setúbal,coastal,0.6,3,Room,0,0,3.94,1,128.0
1,4,1,0,festival,39,Madeira,urban,0.65,5,Apartment,0,0,4.24,1,317.0
9,1,0,0,none,21,Porto,urban,0.85,4,Apartment,0,0,3.51,0,154.0
7,2,0,0,none,45,Viseu,historic,0.32,2,Apartment,0,0,4.03,1,66.0
5,2,0,0,festival,82,Viseu,historic,0.32,2,Apartment,0,0,4.28,1,135.0
6,6,1,0,none,17,Viana do Castelo,coastal,0.38,1,Apartment,1,0,5.0,1,124.0
4,5,1,0,none,29,Viseu,historic,0.32,4,Room,1,0,4.27,1,99.0
8,1,0,0,concert,85,Lisboa,urban,0.92,2,Apartment,0,0,4.0,0,240.0
7,3,0,0,fair,60,Coimbra,urban,0.55,4,House,1,1,3.64,1,223.0
6,6,1,0,none,23,Vila Real,rural,0.22,4,Room,0,0,5.0,1,101.0
4,2,0,0,fair,62,Bragança,rural,0.15,3,Room,0,0,4.24,0,65.0
5,0,0,0,fair,17,Santarém,urban,0.35,3,Apartment,0,0,4.24,1,119.0
6,2,0,0,festival,65,Aveiro,coastal,0.48,5,Room,0,0,3.51,1,151.0
6,4,1,0,national_holiday,41,Bragança,rural,0.15,4,House,1,0,4.46,1,197.0
4,6,1,0,none,80,Bragança,rural,0.15,2,Apartment,0,0,3.91,0,72.0
7,2,0,0,none,66,Setúbal,coastal,0.6,2,Apartment,0,0,4.94,1,175.0
3,0,0,0,fair,11,Guarda,rural,0.14,3,Room,0,0,4.43,0,76.0
7,1,0,0,none,62,Lisboa,urban,0.92,2,Apartment,0,0,4.26,0,202.0
2,2,0,0,none,60,Bragança,rural,0.15,3,Apartment,1,0,3.54,0,74.0
6,0,0,0,none,23,Portalegre,rural,0.18,5,Apartment,0,0,4.15,0,106.0
10,0,0,0,none,47,Bragança,rural,0.15,3,Shared_House,1,0,4.09,0,54.0
10,4,1,0,none,24,Madeira,urban,0.65,2,Room,0,0,4.26,1,108.0
9,5,1,0,none,67,Faro,coastal,0.78,2,Room,1,0,3.21,1,123.0
9,1,0,0,national_holiday,22,Coimbra,urban,0.55,5,Apartment,1,0,3.75,1,192.0
1,3,0,0,none,37,Faro,coastal,0.78,2,Room,0,0,3.95,0,85.0
5,4,1,0,concert,55,Setúbal,coastal,0.6,2,Apartment,0,0,4.45,1,241.0
8,4,1,0,none,5,Lisboa,urban,0.92,3,Shared_House,0,0,3.23,0,108.0
10,6,1,0,none,87,Aveiro,coastal,0.48,3,House,1,1,4.89,0,271.0
7,6,1,0,fair,4,Lisboa,urban,0.92,2,House,1,0,4.82,1,520.0
11,2,0,0,none,81,Leiria,coastal,0.4,3,Shared_House,0,0,3.7,0,56.0
4,6,1,0,none,59,Leiria,coastal,0.4,3,Shared_House,0,1,5.0,1,117.0
2,0,0,0,concert,46,Portalegre,rural,0.18,1,Apartment,1,0,4.32,0,85.0
2,6,1,0,none,44,Bragança,rural,0.15,3,Apartment,0,0,4.15,0,74.0
7,0,0,0,none,35,Santarém,urban,0.35,4,House,1,1,4.5,1,196.0
8,0,0,0,national_holiday,65,Évora,historic,0.52,2,Apartment,1,0,4.41,1,211.0
4,0,0,0,none,36,Braga,urban,0.58,5,Apartment,0,1,4.26,0,155.0
10,0,0,0,sports_event,48,Santarém,urban,0.35,2,Apartment,1,0,3.66,0,107.0
9,3,0,0,none,73,Guarda,rural,0.14,3,House,0,1,3.98,0,101.0
5,4,1,0,none,59,Castelo Branco,historic,0.28,3,House,1,1,4.38,1,197.0
3,5,1,0,none,59,Guarda,rural,0.14,3,Apartment,1,1,4.62,1,123.0
9,0,0,0,sports_event,52,Santarém,urban,0.35,1,House,1,1,4.92,1,207.0
9,2,0,0,none,4,Lisboa,urban,0.92,3,Apartment,1,0,3.97,0,196.0
3,0,0,0,fair,7,Vila Real,rural,0.22,5,Shared_House,0,0,4.24,0,103.0
4,1,0,0,concert,7,Madeira,urban,0.65,3,Apartment,1,0,3.87,0,226.0
6,5,1,0,festival,25,Viana do Castelo,coastal,0.38,1,Room,0,0,4.75,1,116.0
7,4,1,0,none,44,Santarém,urban,0.35,1,Shared_House,0,0,4.04,1,32.0
2,1,0,0,festival,22,Guarda,rural,0.14,3,House,1,1,3.91,0,152.0
12,2,0,1,sports_event,48,Braga,urban,0.58,2,House,0,0,4.23,1,198.0
5,6,1,0,none,79,Bragança,rural,0.15,4,Apartment,0,0,3.36,0,105.0
5,4,1,0,fair,87,Vila Real,rural,0.22,5,Apartment,0,0,4.47,1,157.0
1,1,0,0,none,60,Viana do Castelo,coastal,0.38,5,Apartment,0,0,4.05,0,117.0
11,6,1,0,national_holiday,13,Setúbal,coastal,0.6,2,House,1,1,5.0,1,391.0
3,1,0,0,national_holiday,68,Madeira,urban,0.65,3,Shared_House,0,0,3.89,0,119.0
12,2,0,0,none,73,Açores,rural,0.3,2,Apartment,0,0,4.07,0,84.0
6,4,1,0,none,71,Vila Real,rural,0.22,2,House,0,0,4.71,1,128.0
11,3,0,0,festival,81,Viseu,historic,0.32,3,Room,0,0,4.59,0,106.0
3,0,0,0,festival,1,Faro,coastal,0.78,2,Apartment,0,0,4.72,1,332.0
2,5,1,0,concert,34,Madeira,urban,0.65,1,House,0,0,4.06,1,342.0
10,1,0,0,none,54,Setúbal,coastal,0.6,4,House,1,1,3.63,1,216.0
10,4,1,0,festival,15,Setúbal,coastal,0.6,4,House,0,1,5.0,1,419.0
7,2,0,0,national_holiday,36,Bragança,rural,0.15,5,Apartment,0,0,4.46,1,142.0
1,5,1,0,national_holiday,23,Lisboa,urban,0.92,2,House,0,0,4.31,1,496.0
12,6,1,0,none,20,Vila Real,rural,0.22,4,House,0,0,4.6,0,169.0
5,5,1,0,national_holiday,60,Vila Real,rural,0.22,2,Apartment,1,0,3.55,1,139.0
12,6,1,0,none,60,Portalegre,rural,0.18,1,House,1,1,3.97,0,131.0
11,3,0,0,festival,7,Portalegre,rural,0.18,3,House,0,1,3.68,0,155.0
11,0,0,0,none,62,Castelo Branco,historic,0.28,3,House,0,1,4.28,0,119.0
9,3,0,0,festival,80,Vila Real,rural,0.22,3,House,1,1,3.51,1,186.0
9,3,0,0,none,4,Madeira,urban,0.65,4,Apartment,0,0,4.54,0,192.0
7,5,1,0,none,69,Braga,urban,0.58,2,Room,1,0,4.79,1,99.0
1,1,0,0,none,64,Porto,urban,0.85,5,Apartment,1,0,4.77,1,194.0
5,4,1,0,fair,72,Viseu,historic,0.32,1,House,1,1,4.42,1,203.0
9,3,0,0,festival,87,Vila Real,rural,0.22,4,Apartment,1,0,4.3,0,165.0
10,4,1,0,sports_event,67,Lisboa,urban,0.92,5,House,1,1,3.99,1,583.0
7,2,0,0,sports_event,33,Braga,urban,0.58,3,Room,1,0,4.42,1,124.0
9,2,0,0,none,12,Coimbra,urban,0.55,4,Room,0,0,4.15,1,81.0
1,1,0,0,none,82,Guarda,rural,0.14,3,Apartment,0,0,3.27,0,47.0
6,5,1,0,none,66,Castelo Branco,historic,0.28,1,House,1,0,3.89,1,145.0
7,0,0,0,none,41,Braga,urban,0.58,3,Apartment,1,0,4.6,0,152.0
11,1,0,0,national_holiday,54,Bragança,rural,0.15,3,Room,0,0,3.64,0,84.0
4,2,0,0,none,48,Beja,rural,0.2,1,Shared_House,1,0,3.63,0,27.0
3,1,0,0,sports_event,5,Castelo Branco,historic,0.28,3,House,1,0,4.1,1,174.0
5,6,1,0,concert,23,Viseu,historic,0.32,1,Apartment,1,0,3.12,1,133.0
3,2,0,0,fair,26,Viana do Castelo,coastal,0.38,2,Apartment,0,0,4.56,1,113.0
7,1,0,0,none,56,Setúbal,coastal,0.6,5,Apartment,1,0,4.52,0,209.0
8,1,0,0,national_holiday,39,Portalegre,rural,0.18,5,House,1,0,4.67,1,208.0
10,1,0,0,festival,39,Beja,rural,0.2,3,Room,0,0,4.31,0,104.0
12,4,1,0,none,49,Açores,rural,0.3,2,House,1,0,3.77,1,208.0
1,3,0,0,concert,81,Madeira,urban,0.65,2,Shared_House,0,0,3.58,0,95.0
3,1,0,0,none,17,Lisboa,urban,0.92,1,Apartment,0,0,4.48,1,169.0
4,6,1,0,concert,11,Santarém,urban,0.35,2,Apartment,1,0,4.56,1,155.0
3,4,1,0,sports_event,48,Portalegre,rural,0.18,4,House,1,1,3.64,1,211.0
10,2,0,0,concert,78,Aveiro,coastal,0.48,3,Apartment,0,0,3.57,1,123.0
2,3,0,0,fair,87,Vila Real,rural,0.22,3,Apartment,0,0,4.19,0,91.0
1,4,1,0,festival,30,Setúbal,coastal,0.6,1,Apartment,0,0,4.27,1,257.0
11,1,0,0,none,32,Braga,urban,0.58,5,House,1,0,4.67,0,153.0
12,5,1,0,none,75,Santarém,urban,0.35,2,Apartment,1,0,4.53,1,127.0
3,1,0,0,fair,14,Bragança,rural,0.15,2,Shared_House,0,0,4.16,0,58.0
4,0,0,0,festival,33,Lisboa,urban,0.92,2,Room,0,0,4.72,0,183.0
7,3,0,0,fair,43,Madeira,urban,0.65,2,Room,0,0,4.03,0,120.0
7,6,1,0,none,27,Guarda,rural,0.14,3,Apartment,0,0,4.05,1,92.0
12,5,1,0,none,41,Bragança,rural,0.15,3,Apartment,0,0,4.62,1,116.0
5,2,0,0,fair,89,Guarda,rural,0.14,3,House,1,0,4.68,0,132.0
1,2,0,0,concert,83,Aveiro,coastal,0.48,1,Apartment,1,0,4.69,0,135.0
6,4,1,0,none,35,Portalegre,rural,0.18,5,Apartment,0,0,4.11,1,116.0
7,1,0,0,none,42,Viseu,historic,0.32,4,Apartment,1,0,4.24,0,121.0
7,5,1,0,fair,84,Setúbal,coastal,0.6,5,House,0,1,3.77,1,377.0
7,2,0,0,concert,22,Guarda,rural,0.14,2,House,0,0,4.65,0,132.0
12,1,0,0,none,52,Leiria,coastal,0.4,5,House,0,0,3.9,0,160.0
10,0,0,0,festival,21,Viseu,historic,0.32,4,Room,0,0,3.2,1,107.0
4,4,1,0,none,58,Évora,historic,0.52,3,Apartment,0,0,3.98,1,160.0
5,0,0,0,none,4,Aveiro,coastal,0.48,1,Apartment,1,0,3.77,0,90.0
9,5,1,0,none,20,Lisboa,urban,0.92,2,Apartment,0,0,2.85,0,216.0
5,6,1,0,none,67,Leiria,coastal,0.4,4,Room,0,0,3.91,1,97.0
6,0,0,0,fair,63,Madeira,urban,0.65,2,Apartment,0,0,4.59,0,220.0
3,0,0,0,none,25,Portalegre,rural,0.18,3,Room,0,0,4.41,0,41.0
4,6,1,0,concert,19,Açores,rural,0.3,4,Apartment,1,0,4.41,1,251.0
9,0,0,0,none,71,Santarém,urban,0.35,4,Apartment,0,0,4.91,0,123.0
11,2,0,0,none,89,Coimbra,urban,0.55,2,House,0,0,3.91,0,98.0
10,6,1,0,none,50,Açores,rural,0.3,5,Apartment,1,0,3.63,0,180.0
4,0,0,0,none,65,Coimbra,urban,0.55,2,Apartment,1,0,4.45,0,121.0
2,4,1,0,sports_event,65,Porto,urban,0.85,4,Apartment,0,0,4.38,0,327.0
2,2,0,0,fair,82,Leiria,coastal,0.4,3,House,1,0,3.57,0,152.0
5,3,0,0,concert,19,Portalegre,rural,0.18,2,Apartment,1,0,4.11,1,89.0
7,6,1,0,concert,52,Leiria,coastal,0.4,2,Apartment,1,0,4.47,1,184.0
11,4,1,0,fair,14,Aveiro,coastal,0.48,4,Apartment,0,0,4.34,0,204.0
11,2,0,0,concert,30,Portalegre,rural,0.18,3,Room,0,1,4.57,1,108.0
1,6,1,0,festival,38,Portalegre,rural,0.18,2,Room,0,0,3.86,1,75.0
9,4,1,0,sports_event,84,Vila Real,rural,0.22,2,Apartment,0,0,3.49,1,111.0
4,0,0,0,none,33,Vila Real,rural,0.22,3,Shared_House,0,0,3.74,0,39.0
3,2,0,0,none,3,Leiria,coastal,0.4,2,Apartment,0,1,4.63,1,128.0
7,1,0,0,sports_event,46,Lisboa,urban,0.92,2,Room,0,0,4.72,1,176.0
1,4,1,0,sports_event,39,Guarda,rural,0.14,4,Shared_House,0,0,4.12,1,109.0
5,6,1,0,none,68,Coimbra,urban,0.55,2,House,1,1,4.96,1,263.0
7,0,0,0,national_holiday,1,Guarda,rural,0.14,1,Apartment,0,0,4.12,1,104.0
4,5,1,0,none,82,Madeira,urban,0.65,3,Shared_House,1,0,3.94,1,108.0
8,6,1,1,sports_event,67,Açores,rural,0.3,3,Apartment,0,0,3.49,1,232.0
6,6,1,0,national_holiday,54,Guarda,rural,0.14,3,Apartment,0,0,4.16,1,124.0
10,4,1,0,none,78,Guarda,rural,0.14,1,Room,0,0,4.73,1,34.0
3,2,0,0,fair,21,Évora,historic,0.52,3,Apartment,1,0,4.83,0,185.0
1,1,0,1,concert,37,Faro,coastal,0.78,2,House,1,1,4.73,1,431.0
7,6,1,0,concert,27,Porto,urban,0.85,3,House,1,0,4.45,1,435.0
4,2,0,0,national_holiday,25,Açores,rural,0.3,1,Shared_House,1,0,5.0,0,90.0
9,2,0,0,sports_event,82,Madeira,urban,0.65,2,House,0,1,3.72,0,295.0
2,5,1,0,none,82,Viana do Castelo,coastal,0.38,3,Room,1,0,4.79,1,102.0
7,5,1,0,sports_event,19,Bragança,rural,0.15,2,Apartment,0,0,4.34,1,149.0
12,5,1,0,none,23,Coimbra,urban,0.55,5,House,0,0,4.31,1,236.0
2,6,1,0,none,9,Porto,urban,0.85,5,House,0,0,3.49,0,300.0
4,6,1,0,none,14,Viseu,historic,0.32,2,Apartment,0,0,4.37,1,107.0
11,1,0,0,none,83,Santarém,urban,0.35,3,Apartment,1,1,4.78,0,113.0
7,1,0,0,concert,18,Viseu,historic,0.32,3,Apartment,0,0,3.14,0,117.0
3,1,0,0,national_holiday,3,Faro,coastal,0.78,2,Apartment,0,0,4.6,1,286.0
3,4,1,0,national_holiday,79,Braga,urban,0.58,2,House,1,1,3.06,0,246.0
10,4,1,0,none,68,Portalegre,rural,0.18,5,Apartment,0,0,3.49,0,119.0
11,6,1,0,festival,65,Viseu,historic,0.32,2,Room,0,0,4.15,1,110.0
5,5,1,0,festival,14,Portalegre,rural,0.18,3,Room,0,0,4.99,1,124.0
6,5,1,0,none,2,Açores,rural,0.3,3,House,1,0,4.14,1,289.0
10,0,0,0,festival,60,Lisboa,urban,0.92,2,Room,1,0,4.43,0,173.0
3,4,1,0,none,51,Braga,urban,0.58,3,House,1,1,3.75,0,217.0
3,5,1,0,national_holiday,17,Coimbra,urban,0.55,5,Shared_House,1,0,4.1,1,161.0
10,6,1,0,none,41,Évora,historic,0.52,1,Room,0,0,4.17,1,71.0
3,2,0,0,concert,81,Braga,urban,0.58,2,Apartment,1,1,5.0,1,159.0
10,5,1,0,fair,82,Lisboa,urban,0.92,2,Room,0,0,3.83,0,164.0
6,2,0,0,sports_event,5,Setúbal,coastal,0.6,4,House,1,0,3.87,1,329.0
12,1,0,0,none,4,Lisboa,urban,0.92,3,Room,0,0,4.74,0,124.0
1,2,0,0,none,28,Madeira,urban,0.65,3,Apartment,0,0,4.08,0,136.0
12,1,0,0,national_holiday,68,Porto,urban,0.85,4,House,1,1,4.26,1,378.0
3,6,1,0,none,71,Guarda,rural,0.14,5,Room,0,0,4.42,0,100.0
1,1,0,0,none,48,Porto,urban,0.85,2,Shared_House,0,0,3.88,0,66.0
9,0,0,0,national_holiday,52,Porto,urban,0.85,4,Apartment,0,0,3.17,1,238.0
7,4,1,0,concert,43,Beja,rural,0.2,2,House,1,1,4.74,1,212.0
11,4,1,0,concert,38,Leiria,coastal,0.4,2,Apartment,0,0,4.26,1,165.0
2,3,0,0,none,12,Lisboa,urban,0.92,2,Room,0,0,3.56,0,69.0
1,1,0,0,none,40,Leiria,coastal,0.4,2,Apartment,1,0,4.59,0,91.0
7,3,0,0,fair,89,Setúbal,coastal,0.6,5,Shared_House,0,0,5.0,1,164.0
11,6,1,0,none,46,Bragança,rural,0.15,3,House,1,0,4.8,0,136.0
5,0,0,0,none,54,Setúbal,coastal,0.6,3,Apartment,0,0,5.0,0,173.0
10,5,1,0,none,90,Viana do Castelo,coastal,0.38,1,Apartment,0,1,3.59,0,118.0
11,0,0,0,festival,3,Évora,historic,0.52,1,House,0,0,4.32,1,260.0
11,1,0,0,none,61,Coimbra,urban,0.55,5,House,1,0,4.38,0,164.0
7,6,1,0,fair,23,Leiria,coastal,0.4,4,House,1,0,4.14,1,275.0
9,2,0,0,none,44,Açores,rural,0.3,3,House,1,1,4.04,0,199.0
7,3,0,0,none,2,Madeira,urban,0.65,2,House,1,0,2.72,0,207.0
9,2,0,0,national_holiday,29,Évora,historic,0.52,1,Apartment,0,0,5.0,1,186.0
7,4,1,0,national_holiday,49,Castelo Branco,historic,0.28,5,Apartment,0,0,3.39,1,178.0
7,2,0,0,sports_event,46,Portalegre,rural,0.18,1,Apartment,0,0,4.65,0,109.0
6,3,0,0,national_holiday,36,Açores,rural,0.3,2,Apartment,0,1,4.21,0,204.0
8,5,1,0,none,84,Leiria,coastal,0.4,3,Room,0,0,4.18,1,95.0
10,3,0,0,none,20,Faro,coastal,0.78,5,Apartment,0,1,4.1,0,264.0
12,3,0,0,none,20,Coimbra,urban,0.55,1,House,1,0,4.3,0,129.0
8,5,1,0,none,52,Coimbra,urban,0.55,4,Apartment,0,0,4.52,1,182.0
2,2,0,0,concert,32,Vila Real,rural,0.22,2,Apartment,0,0,4.68,1,107.0
8,5,1,0,fair,26,Castelo Branco,historic,0.28,3,Apartment,1,0,4.14,1,142.0
4,5,1,0,none,6,Portalegre,rural,0.18,1,Apartment,0,0,3.6,1,60.0
1,6,1,0,none,47,Beja,rural,0.2,4,Apartment,1,0,3.58,0,93.0
1,3,0,0,national_holiday,57,Bragança,rural,0.15,4,Room,0,0,4.72,1,120.0
8,3,0,0,festival,52,Açores,rural,0.3,5,Apartment,1,0,4.06,1,245.0
12,0,0,1,national_holiday,70,Évora,historic,0.52,3,House,1,1,3.69,1,288.0
7,0,0,0,none,60,Guarda,rural,0.14,5,Shared_House,0,0,3.83,0,59.0
6,0,0,0,none,57,Braga,urban,0.58,3,Apartment,0,0,4.15,0,118.0
2,4,1,0,none,29,Braga,urban,0.58,3,House,1,0,3.56,0,178.0
9,2,0,0,none,74,Évora,historic,0.52,1,Room,0,0,4.18,1,32.0
1,2,0,0,none,81,Madeira,urban,0.65,4,Apartment,0,0,4.83,1,152.0
11,4,1,0,none,70,Faro,coastal,0.78,3,Apartment,0,0,4.14,1,229.0
10,2,0,0,none,10,Castelo Branco,historic,0.28,3,Room,1,0,3.32,0,32.0
12,0,0,0,none,88,Viana do Castelo,coastal,0.38,3,Apartment,0,1,4.63,1,134.0
4,3,0,0,none,50,Vila Real,rural,0.22,4,Apartment,0,0,4.76,1,87.0
2,3,0,0,none,41,Castelo Branco,historic,0.28,3,Apartment,0,0,4.78,0,94.0
4,0,0,0,fair,21,Aveiro,coastal,0.48,3,Apartment,0,0,4.23,1,158.0
10,1,0,0,concert,8,Aveiro,coastal,0.48,3,Room,0,0,5.0,1,122.0
3,1,0,0,none,76,Viseu,historic,0.32,3,Room,0,0,4.57,0,65.0
11,4,1,0,none,49,Viana do Castelo,coastal,0.38,3,Room,0,0,5.0,1,89.0
2,1,0,0,festival,83,Aveiro,coastal,0.48,4,Apartment,0,0,4.88,0,200.0
1,0,0,0,none,70,Setúbal,coastal,0.6,4,Shared_House,0,0,4.8,0,98.0
3,1,0,0,sports_event,73,Setúbal,coastal,0.6,3,House,1,0,3.89,1,254.0
10,3,0,0,national_holiday,37,Coimbra,urban,0.55,2,House,1,0,3.73,1,190.0
8,5,1,0,none,34,Bragança,rural,0.15,2,Room,0,0,4.26,1,66.0
5,0,0,0,none,41,Vila Real,rural,0.22,4,Room,0,0,4.1,0,79.0
8,6,1,0,none,1,Castelo Branco,historic,0.28,5,Apartment,1,0,3.93,1,154.0
8,2,0,0,festival,67,Madeira,urban,0.65,2,House,1,1,4.13,1,376.0
7,2,0,0,none,81,Guarda,rural,0.14,5,House,1,0,4.1,0,133.0
7,0,0,0,festival,2,Setúbal,coastal,0.6,2,Apartment,0,0,3.88,1,234.0
2,1,0,0,none,81,Bragança,rural,0.15,5,Apartment,1,0,4.53,0,100.0
4,3,0,0,concert,60,Viana do Castelo,coastal,0.38,5,House,1,1,3.82,1,245.0
7,4,1,0,sports_event,50,Açores,rural,0.3,3,House,0,0,4.18,1,349.0
2,5,1,1,national_holiday,64,Portalegre,rural,0.18,5,Room,0,0,3.59,1,118.0
6,3,0,0,national_holiday,2,Faro,coastal,0.78,3,Room,0,0,4.25,0,207.0
2,0,0,0,concert,88,Setúbal,coastal,0.6,2,House,1,1,4.3,0,254.0
10,2,0,0,festival,79,Porto,urban,0.85,4,Apartment,0,0,3.72,0,229.0
2,5,1,0,national_holiday,66,Bragança,rural,0.15,1,House,1,1,4.24,1,179.0
2,4,1,0,concert,30,Évora,historic,0.52,2,Apartment,0,0,4.15,1,192.0
8,4,1,1,national_holiday,12,Faro,coastal,0.78,2,Room,0,0,3.97,1,196.0
3,3,0,0,festival,28,Viseu,historic,0.32,3,Apartment,0,0,3.97,1,156.0
5,3,0,0,festival,45,Viseu,historic,0.32,4,Room,0,0,4.42,1,129.0
4,6,1,0,sports_event,89,Madeira,urban,0.65,4,Apartment,0,0,4.21,1,311.0
3,4,1,0,national_holiday,37,Braga,urban,0.58,5,Room,0,0,4.68,1,159.0
10,4,1,0,none,66,Aveiro,coastal,0.48,4,Apartment,0,0,3.68,1,150.0
9,2,0,0,none,37,Bragança,rural,0.15,3,Apartment,0,0,4.11,0,57.0
3,3,0,0,none,6,Bragança,rural,0.15,5,House,1,0,3.89,0,106.0
9,4,1,0,concert,71,Castelo Branco,historic,0.28,2,Apartment,1,0,4.23,1,133.0
9,6,1,0,none,31,Beja,rural,0.2,4,Apartment,0,0,4.33,1,127.0
7,5,1,0,none,53,Setúbal,coastal,0.6,1,House,0,1,3.61,1,306.0
7,4,1,0,none,31,Leiria,coastal,0.4,2,Apartment,0,0,4.5,1,158.0
12,5,1,0,sports_event,66,Porto,urban,0.85,2,Apartment,0,0,5.0,1,298.0
6,0,0,0,none,74,Vila Real,rural,0.22,1,Apartment,0,0,4.29,0,68.0
5,1,0,0,none,68,Castelo Branco,historic,0.28,5,Apartment,1,0,3.77,0,117.0
7,1,0,0,none,81,Viseu,historic,0.32,3,Apartment,0,0,4.05,0,85.0
11,4,1,0,none,62,Açores,rural,0.3,5,Apartment,0,1,4.04,0,180.0
9,5,1,0,none,48,Coimbra,urban,0.55,3,House,1,1,3.87,0,230.0
1,1,0,0,none,69,Santarém,urban,0.35,3,House,1,0,4.56,0,101.0
6,1,0,0,sports_event,62,Beja,rural,0.2,2,Apartment,0,0,3.29,1,94.0
9,3,0,0,none,20,Setúbal,coastal,0.6,5,House,0,0,4.34,0,241.0
3,6,1,0,none,27,Porto,urban,0.85,1,Apartment,0,0,4.85,0,219.0
12,0,0,0,festival,9,Évora,historic,0.52,3,Apartment,0,0,4.81,1,217.0
10,6,1,0,none,69,Coimbra,urban,0.55,5,House,1,0,4.71,0,262.0
11,1,0,0,none,15,Viana do Castelo,coastal,0.38,4,House,1,0,3.87,1,136.0
1,1,0,0,none,8,Porto,urban,0.85,4,Apartment,1,0,4.93,0,175.0
7,4,1,0,none,73,Vila Real,rural,0.22,2,Apartment,0,1,4.38,0,113.0
7,5,1,0,festival,5,Porto,urban,0.85,3,House,1,1,4.91,1,484.0
8,6,1,0,national_holiday,87,Portalegre,rural,0.18,2,Apartment,1,0,4.74,1,145.0
11,0,0,0,none,20,Beja,rural,0.2,2,House,0,1,4.36,0,98.0
5,0,0,0,festival,85,Leiria,coastal,0.4,1,Room,0,0,4.08,1,104.0
7,3,0,0,fair,60,Madeira,urban,0.65,4,Apartment,0,0,5.0,1,272.0
9,3,0,0,none,2,Évora,historic,0.52,5,Room,0,0,3.31,0,86.0
10,1,0,0,concert,71,Évora,historic,0.52,4,Room,0,0,4.11,0,110.0
10,4,1,0,festival,90,Beja,rural,0.2,4,Shared_House,0,1,3.5,1,115.0
5,1,0,0,festival,84,Aveiro,coastal,0.48,3,Apartment,0,1,4.26,1,208.0
12,6,1,0,national_holiday,80,Braga,urban,0.58,2,Room,0,0,4.38,1,121.0
1,1,0,0,none,22,Guarda,rural,0.14,4,Apartment,0,0,3.88,0,90.0
6,4,1,0,fair,18,Viseu,historic,0.32,2,Apartment,0,0,3.92,1,127.0
8,3,0,0,none,29,Lisboa,urban,0.92,3,Apartment,0,0,3.54,0,203.0
1,0,0,0,festival,51,Santarém,urban,0.35,5,Apartment,0,0,4.43,0,176.0
6,4,1,0,none,70,Viseu,historic,0.32,2,Apartment,0,1,3.97,1,135.0
8,1,0,0,none,89,Santarém,urban,0.35,2,Apartment,1,0,4.41,0,93.0
8,3,0,0,none,44,Santarém,urban,0.35,1,House,1,0,3.94,0,102.0
2,4,1,0,national_holiday,43,Évora,historic,0.52,4,House,1,1,4.32,1,361.0
4,0,0,0,festival,77,Braga,urban,0.58,2,House,1,0,4.57,1,257.0
3,1,0,0,fair,86,Évora,historic,0.52,3,House,0,1,4.44,0,218.0
8,2,0,1,national_holiday,39,Beja,rural,0.2,2,Apartment,0,1,4.31,0,155.0
4,6,1,0,none,49,Bragança,rural,0.15,4,House,1,0,4.15,0,138.0
7,1,0,0,none,24,Viseu,historic,0.32,5,House,1,0,4.44,1,191.0
9,6,1,0,none,31,Santarém,urban,0.35,2,Apartment,1,0,3.9,0,103.0
10,3,0,0,none,69,Beja,rural,0.2,4,Shared_House,0,0,4.1,0,66.0
3,6,1,0,national_holiday,15,Bragança,rural,0.15,2,House,1,1,4.37,1,200.0
11,5,1,0,fair,26,Coimbra,urban,0.55,2,House,0,1,4.97,1,282.0
2,2,0,0,none,10,Santarém,urban,0.35,3,House,0,0,3.89,0,109.0
1,3,0,0,none,23,Beja,rural,0.2,2,House,1,1,3.76,0,116.0
1,5,1,0,festival,64,Beja,rural,0.2,5,House,0,0,4.34,1,204.0
3,0,0,0,festival,78,Santarém,urban,0.35,4,Room,0,1,4.8,1,143.0
11,4,1,0,sports_event,30,Braga,urban,0.58,5,Apartment,0,0,4.61,1,226.0
3,3,0,0,festival,81,Madeira,urban,0.65,2,Apartment,0,0,4.21,1,235.0
9,0,0,0,none,37,Castelo Branco,historic,0.28,4,Apartment,0,0,4.81,1,112.0
6,6,1,0,none,24,Castelo Branco,historic,0.28,3,Shared_House,0,0,3.29,0,50.0
1,1,0,0,national_holiday,85,Santarém,urban,0.35,1,Apartment,0,0,4.71,0,110.0
6,6,1,0,concert,47,Guarda,rural,0.14,4,Apartment,1,0,4.04,1,145.0
1,1,0,0,national_holiday,18,Coimbra,urban,0.55,4,Apartment,0,0,4.51,0,176.0
6,3,0,0,none,20,Madeira,urban,0.65,5,House,0,0,4.7,0,302.0
7,2,0,0,festival,34,Faro,coastal,0.78,5,Shared_House,1,0,4.3,1,228.0
7,6,1,0,none,10,Aveiro,coastal,0.48,1,House,1,1,4.24,1,243.0
4,6,1,0,fair,82,Castelo Branco,historic,0.28,5,Apartment,1,0,4.0,0,161.0
10,5,1,0,none,56,Vila Real,rural,0.22,5,Room,0,0,5.0,1,109.0
8,5,1,0,sports_event,85,Aveiro,coastal,0.48,3,Shared_House,0,0,4.37,1,129.0
4,5,1,0,none,22,Beja,rural,0.2,2,Room,1,0,4.31,1,64.0
6,2,0,0,none,73,Lisboa,urban,0.92,3,House,1,1,4.95,0,375.0
2,6,1,1,national_holiday,61,Aveiro,coastal,0.48,1,House,1,0,3.95,1,255.0
12,3,0,0,festival,35,Lisboa,urban,0.92,1,Room,0,0,4.08,0,167.0
10,2,0,0,fair,32,Viseu,historic,0.32,5,Room,0,0,4.67,1,107.0
4,1,0,0,national_holiday,12,Viseu,historic,0.32,5,House,1,0,5.0,0,252.0
9,4,1,0,festival,72,Portalegre,rural,0.18,5,House,0,1,4.22,1,234.0
9,1,0,0,festival,72,Açores,rural,0.3,2,Apartment,0,0,4.39,0,181.0
8,4,1,0,concert,51,Faro,coastal,0.78,3,Apartment,0,0,3.41,1,364.0
1,0,0,0,none,76,Vila Real,rural,0.22,3,Apartment,0,0,4.84,0,67.0
11,4,1,0,concert,56,Aveiro,coastal,0.48,3,Room,0,0,3.66,1,115.0
12,4,1,1,concert,65,Açores,rural,0.3,3,Shared_House,0,0,3.93,1,108.0
12,3,0,0,festival,90,Guarda,rural,0.14,5,Apartment,0,0,4.29,0,129.0
12,4,1,0,none,31,Açores,rural,0.3,4,Apartment,1,0,3.88,0,175.0
12,6,1,0,none,59,Faro,coastal,0.78,4,Room,0,0,3.23,0,137.0
9,5,1,0,none,59,Faro,coastal,0.78,1,Apartment,0,1,3.58,1,264.0
1,3,0,0,national_holiday,82,Açores,rural,0.3,3,Apartment,1,0,4.25,0,157.0
6,6,1,0,festival,64,Braga,urban,0.58,3,Room,0,0,4.95,1,143.0
3,6,1,0,none,24,Lisboa,urban,0.92,3,Apartment,1,0,4.91,1,318.0
3,1,0,0,none,80,Braga,urban,0.58,5,House,1,0,4.39,0,174.0
10,2,0,0,concert,74,Setúbal,coastal,0.6,2,House,1,0,4.28,1,251.0
10,5,1,0,none,13,Faro,coastal,0.78,1,Room,0,0,4.6,0,152.0
7,3,0,0,none,67,Leiria,coastal,0.4,5,Apartment,0,0,4.86,0,170.0
9,0,0,0,sports_event,24,Portalegre,rural,0.18,3,Apartment,1,0,4.26,1,123.0
2,3,0,0,none,25,Aveiro,coastal,0.48,3,Apartment,1,0,4.28,0,121.0
3,2,0,0,none,37,Vila Real,rural,0.22,5,House,1,0,4.3,0,136.0
11,5,1,0,none,29,Viana do Castelo,coastal,0.38,4,Apartment,1,0,4.7,1,162.0
6,3,0,0,none,74,Viseu,historic,0.32,4,House,1,0,3.52,0,148.0
7,0,0,0,national_holiday,18,Braga,urban,0.58,2,House,0,1,4.21,1,253.0
6,0,0,0,fair,81,Vila Real,rural,0.22,3,Room,0,0,4.4,1,77.0
3,2,0,0,national_holiday,5,Aveiro,coastal,0.48,3,Room,0,0,3.25,0,114.0
10,1,0,0,national_holiday,26,Bragança,rural,0.15,3,Apartment,1,0,4.66,1,146.0
10,6,1,0,none,41,Madeira,urban,0.65,3,Apartment,0,0,4.74,1,236.0
9,1,0,0,none,46,Porto,urban,0.85,1,Apartment,0,0,3.23,0,101.0
5,4,1,0,sports_event,80,Santarém,urban,0.35,2,Room,0,0,3.99,1,88.0
8,0,0,0,none,55,Leiria,coastal,0.4,3,House,1,1,4.01,1,205.0
12,3,0,1,national_holiday,48,Vila Real,rural,0.22,3,Apartment,0,0,3.76,0,113.0
8,6,1,0,none,15,Açores,rural,0.3,1,Room,0,0,3.82,0,73.0
6,4,1,0,festival,4,Santarém,urban,0.35,5,Apartment,0,0,3.94,1,200.0
4,2,0,0,sports_event,72,Beja,rural,0.2,2,House,1,1,4.5,0,168.0
7,5,1,0,fair,52,Guarda,rural,0.14,3,Apartment,1,0,4.82,1,135.0
5,3,0,0,sports_event,43,Lisboa,urban,0.92,3,Apartment,1,0,4.48,0,333.0
8,1,0,0,festival,46,Aveiro,coastal,0.48,4,Room,0,0,3.74,1,139.0
1,6,1,0,none,81,Leiria,coastal,0.4,2,Room,0,0,4.6,1,69.0
3,6,1,0,festival,42,Vila Real,rural,0.22,2,House,1,1,4.5,1,227.0
10,3,0,0,concert,50,Guarda,rural,0.14,2,House,1,1,2.73,0,94.0
5,0,0,0,none,47,Faro,coastal,0.78,2,Apartment,0,1,4.82,0,266.0
6,2,0,0,concert,75,Portalegre,rural,0.18,2,Apartment,0,0,4.27,0,88.0
7,3,0,0,none,21,Vila Real,rural,0.22,3,House,1,1,4.29,1,142.0
6,6,1,1,national_holiday,5,Castelo Branco,historic,0.28,3,Apartment,1,0,3.33,1,157.0
10,5,1,0,national_holiday,87,Santarém,urban,0.35,2,Room,0,0,5.0,1,112.0
3,1,0,0,none,40,Açores,rural,0.3,3,House,1,1,4.37,0,172.0
10,3,0,0,festival,52,Vila Real,rural,0.22,1,Apartment,1,0,4.59,0,120.0
3,1,0,0,none,38,Lisboa,urban,0.92,5,Apartment,1,0,3.54,1,187.0
5,3,0,1,national_holiday,27,Santarém,urban,0.35,3,Room,0,0,4.46,1,100.0
8,3,0,0,none,18,Madeira,urban,0.65,3,Apartment,0,0,4.47,0,207.0
11,3,0,0,none,61,Madeira,urban,0.65,2,Room,0,0,4.12,0,54.0
3,2,0,0,fair,51,Viseu,historic,0.32,3,Apartment,0,0,3.55,0,83.0
8,3,0,0,sports_event,57,Viseu,historic,0.32,3,Apartment,0,0,4.17,0,158.0
1,5,1,0,festival,68,Bragança,rural,0.15,5,Room,0,0,3.72,1,135.0
1,3,0,0,none,27,Braga,urban,0.58,1,Apartment,0,0,3.85,0,54.0
10,0,0,0,none,45,Madeira,urban,0.65,3,House,0,1,4.78,0,291.0
9,5,1,0,national_holiday,55,Braga,urban,0.58,4,Apartment,0,0,4.24,1,214.0
5,4,1,0,sports_event,75,Portalegre,rural,0.18,3,Apartment,0,0,4.16,1,125.0
8,4,1,0,national_holiday,9,Portalegre,rural,0.18,3,House,1,0,3.61,1,184.0
5,4,1,0,national_holiday,27,Braga,urban,0.58,5,House,1,0,4.18,1,299.0
4,1,0,0,festival,18,Portalegre,rural,0.18,2,Apartment,0,0,4.12,0,108.0
6,6,1,0,festival,27,Vila Real,rural,0.22,1,Room,0,0,3.71,1,83.0
4,6,1,0,sports_event,85,Santarém,urban,0.35,5,Apartment,1,0,4.74,1,211.0
10,1,0,0,concert,16,Castelo Branco,historic,0.28,1,Room,0,0,4.72,0,56.0
5,1,0,0,sports_event,68,Castelo Branco,historic,0.28,4,Room,0,0,3.81,0,110.0
4,1,0,0,none,71,Aveiro,coastal,0.48,2,Shared_House,0,0,4.4,0,56.0
7,6,1,0,national_holiday,68,Castelo Branco,historic,0.28,1,Room,1,0,3.27,1,85.0
10,6,1,0,sports_event,14,Beja,rural,0.2,2,Room,0,0,4.36,1,90.0
4,1,0,0,fair,8,Évora,historic,0.52,4,Shared_House,0,0,4.59,1,104.0
12,4,1,0,none,14,Santarém,urban,0.35,1,Room,0,0,3.64,1,34.0
6,1,0,0,none,76,Castelo Branco,historic,0.28,2,Room,1,0,4.21,0,55.0
8,0,0,0,sports_event,1,Castelo Branco,historic,0.28,2,Apartment,0,0,4.26,1,132.0
12,1,0,0,concert,65,Madeira,urban,0.65,1,Room,0,0,5.0,0,121.0
6,0,0,0,none,35,Porto,urban,0.85,1,House,0,1,5.0,0,313.0
3,5,1,0,none,86,Viana do Castelo,coastal,0.38,5,Shared_House,0,0,4.36,0,108.0
9,5,1,0,concert,40,Faro,coastal,0.78,3,Room,0,0,3.87,1,206.0
1,1,0,0,national_holiday,42,Vila Real,rural,0.22,2,Apartment,1,0,4.32,1,104.0
6,3,0,0,none,41,Setúbal,coastal,0.6,2,Apartment,0,0,4.76,0,184.0
12,1,0,0,none,73,Porto,urban,0.85,1,Apartment,0,0,3.36,0,84.0
5,3,0,0,none,69,Guarda,rural,0.14,2,House,1,0,3.15,0,56.0
9,6,1,0,none,87,Setúbal,coastal,0.6,2,House,0,0,3.63,1,241.0
7,6,1,0,none,38,Viana do Castelo,coastal,0.38,5,Apartment,0,1,4.58,1,201.0
3,5,1,0,festival,76,Viseu,historic,0.32,2,Apartment,0,0,4.61,1,164.0
4,1,0,0,sports_event,1,Viseu,historic,0.32,3,Apartment,0,0,4.42,0,154.0
7,1,0,0,none,56,Viana do Castelo,coastal,0.38,3,Room,0,1,4.76,0,104.0
2,1,0,0,none,55,Castelo Branco,historic,0.28,2,Apartment,1,0,4.11,0,87.0
5,0,0,0,national_holiday,5,Bragança,rural,0.15,4,Apartment,1,0,4.06,0,125.0
5,4,1,0,none,16,Viana do Castelo,coastal,0.38,4,House,1,0,4.39,1,230.0
11,4,1,0,concert,88,Porto,urban,0.85,1,Apartment,1,0,5.0,1,283.0
2,6,1,0,none,3,Braga,urban,0.58,4,House,1,1,4.41,1,232.0
11,0,0,0,concert,46,Madeira,urban,0.65,2,Room,0,0,4.15,0,119.0
5,1,0,1,concert,70,Lisboa,urban,0.92,1,Apartment,1,1,4.4,1,308.0
8,5,1,0,none,89,Vila Real,rural,0.22,3,Room,0,0,4.91,0,79.0
7,4,1,0,sports_event,23,Vila Real,rural,0.22,4,House,1,0,4.02,1,213.0
4,2,0,0,sports_event,57,Setúbal,coastal,0.6,1,Apartment,1,0,3.98,1,180.0
12,1,0,0,none,68,Madeira,urban,0.65,2,Apartment,1,0,3.96,0,139.0
3,3,0,0,concert,82,Aveiro,coastal,0.48,5,Apartment,0,0,4.61,1,186.0
1,1,0,0,none,58,Lisboa,urban,0.92,3,Apartment,0,0,3.81,0,156.0
10,3,0,0,none,21,Setúbal,coastal,0.6,3,Apartment,0,0,4.52,1,147.0
8,6,1,0,national_holiday,80,Aveiro,coastal,0.48,3,Shared_House,0,0,3.46,1,119.0
11,1,0,0,none,85,Évora,historic,0.52,3,Apartment,0,0,4.07,0,100.0
6,0,0,1,national_holiday,33,Viseu,historic,0.32,3,Shared_House,0,0,4.17,1,121.0
1,5,1,0,none,45,Évora,historic,0.52,1,House,1,0,5.0,1,229.0
1,0,0,0,national_holiday,59,Porto,urban,0.85,2,House,1,0,4.69,0,322.0
6,6,1,0,none,75,Guarda,rural,0.14,3,House,1,0,4.02,1,117.0
3,5,1,0,none,52,Santarém,urban,0.35,4,Room,0,0,3.94,0,72.0
12,2,0,0,sports_event,68,Castelo Branco,historic,0.28,4,Shared_House,0,0,3.86,1,99.0
2,2,0,0,concert,71,Porto,urban,0.85,3,Apartment,1,0,3.64,0,161.0
11,2,0,0,festival,19,Viana do Castelo,coastal,0.38,3,Apartment,0,0,5.0,1,185.0
3,2,0,0,national_holiday,30,Beja,rural,0.2,2,Apartment,0,0,3.82,1,99.0
2,5,1,0,none,76,Portalegre,rural,0.18,4,Apartment,1,0,5.0,1,119.0
4,5,1,0,festival,54,Coimbra,urban,0.55,5,Apartment,0,0,4.25,1,232.0
2,1,0,0,festival,19,Santarém,urban,0.35,4,Room,0,0,4.16,0,126.0
5,1,0,0,none,49,Vila Real,rural,0.22,4,Apartment,0,1,4.25,1,98.0
4,3,0,0,fair,20,Viana do Castelo,coastal,0.38,5,Room,0,0,4.8,0,118.0
7,4,1,0,festival,4,Porto,urban,0.85,2,Room,0,0,3.77,1,179.0
7,5,1,0,none,42,Braga,urban,0.58,3,Apartment,0,0,4.45,1,177.0
1,2,0,0,none,4,Coimbra,urban,0.55,3,Apartment,0,0,4.18,0,90.0
2,3,0,0,none,86,Santarém,urban,0.35,3,House,1,1,4.4,0,131.0
2,0,0,0,fair,82,Madeira,urban,0.65,4,Apartment,0,0,4.1,0,188.0
3,3,0,0,none,20,Aveiro,coastal,0.48,2,Apartment,0,0,4.02,0,98.0
2,4,1,0,fair,58,Lisboa,urban,0.92,2,Apartment,0,0,4.46,1,269.0
4,2,0,0,none,35,Vila Real,rural,0.22,2,Apartment,0,0,3.51,0,71.0
7,2,0,0,national_holiday,56,Faro,coastal,0.78,2,House,0,1,4.9,1,530.0
4,3,0,0,concert,48,Castelo Branco,historic,0.28,3,Apartment,0,0,4.25,1,114.0
4,6,1,0,none,67,Setúbal,coastal,0.6,1,Apartment,0,0,3.93,1,153.0
6,4,1,0,none,69,Évora,historic,0.52,1,Room,0,0,4.38,1,64.0
7,6,1,0,concert,2,Bragança,rural,0.15,3,House,0,1,3.85,1,183.0
4,0,0,0,none,77,Viseu,historic,0.32,3,Apartment,1,0,4.24,0,95.0
3,5,1,0,none,21,Évora,historic,0.52,3,Apartment,0,0,4.24,1,164.0
5,0,0,0,concert,58,Bragança,rural,0.15,1,Apartment,0,0,4.83,0,85.0
1,2,0,0,fair,59,Castelo Branco,historic,0.28,5,House,1,0,4.34,1,167.0
6,2,0,0,concert,58,Viseu,historic,0.32,2,Apartment,0,0,3.64,1,105.0
12,1,0,0,fair,65,Faro,coastal,0.78,3,Room,0,0,4.49,0,157.0
5,6,1,0,festival,12,Aveiro,coastal,0.48,5,Apartment,0,0,4.56,1,245.0
2,6,1,1,concert,57,Setúbal,coastal,0.6,5,Room,0,0,3.39,1,163.0
9,3,0,0,none,34,Castelo Branco,historic,0.28,3,Apartment,0,1,3.61,0,99.0
2,3,0,0,concert,37,Lisboa,urban,0.92,2,Apartment,0,0,5.0,0,269.0
3,5,1,0,sports_event,14,Lisboa,urban,0.92,4,Room,0,0,4.03,1,213.0
2,4,1,0,festival,53,Porto,urban,0.85,3,Room,0,0,4.05,0,188.0
11,3,0,0,national_holiday,30,Açores,rural,0.3,4,House,1,1,4.18,0,260.0
12,5,1,0,none,63,Lisboa,urban,0.92,2,Apartment,0,0,3.88,0,252.0
7,1,0,0,festival,43,Porto,urban,0.85,5,House,1,0,3.31,1,395.0
8,1,0,0,none,37,Castelo Branco,historic,0.28,5,Room,0,0,3.64,0,78.0
8,0,0,0,none,46,Guarda,rural,0.14,4,Apartment,0,0,3.88,1,79.0
8,0,0,0,none,51,Bragança,rural,0.15,5,Apartment,1,0,3.95,0,120.0
7,1,0,0,national_holiday,61,Açores,rural,0.3,3,House,1,1,3.82,0,279.0
12,4,1,0,none,8,Viseu,historic,0.32,2,Room,0,0,3.45,1,50.0
9,5,1,0,sports_event,73,Açores,rural,0.3,3,House,1,0,3.92,1,317.0
2,4,1,0,festival,16,Viseu,historic,0.32,3,Apartment,0,0,4.76,1,174.0
5,3,0,0,fair,21,Castelo Branco,historic,0.28,3,Room,0,0,3.86,1,82.0
12,1,0,0,concert,70,Évora,historic,0.52,2,Room,0,0,4.11,1,95.0
5,0,0,0,none,1,Santarém,urban,0.35,3,House,0,0,4.92,0,147.0
3,4,1,0,none,35,Viana do Castelo,coastal,0.38,2,Apartment,0,0,3.86,0,106.0
11,0,0,0,sports_event,60,Lisboa,urban,0.92,4,Apartment,0,0,5.0,0,301.0
8,5,1,0,none,71,Viseu,historic,0.32,5,House,1,0,4.65,1,234.0
7,2,0,0,none,81,Viseu,historic,0.32,2,Room,0,0,4.24,0,57.0
6,2,0,0,none,61,Setúbal,coastal,0.6,4,House,1,0,4.08,1,237.0
2,0,0,0,none,22,Portalegre,rural,0.18,2,Apartment,0,1,4.87,0,75.0
5,1,0,0,national_holiday,33,Bragança,rural,0.15,3,Room,0,0,3.85,0,70.0
6,0,0,0,national_holiday,3,Castelo Branco,historic,0.28,5,Apartment,0,0,3.98,1,182.0
12,5,1,0,concert,70,Santarém,urban,0.35,1,Shared_House,1,0,5.0,1,81.0
4,3,0,0,none,1,Évora,historic,0.52,1,House,0,0,4.01,0,156.0
2,5,1,0,national_holiday,12,Évora,historic,0.52,5,House,0,0,3.97,1,320.0
6,3,0,0,festival,88,Porto,urban,0.85,2,Apartment,0,0,3.87,0,245.0
12,6,1,0,national_holiday,15,Vila Real,rural,0.22,2,Apartment,0,0,3.23,0,103.0
6,5,1,0,none,26,Setúbal,coastal,0.6,3,Shared_House,1,0,4.71,1,128.0
5,1,0,0,none,37,Lisboa,urban,0.92,1,Room,0,0,4.18,0,89.0
9,0,0,0,sports_event,13,Lisboa,urban,0.92,2,House,1,1,4.73,1,519.0
8,6,1,0,fair,60,Faro,coastal,0.78,4,House,1,0,4.12,1,540.0
4,1,0,0,none,28,Faro,coastal,0.78,3,Apartment,1,0,3.99,0,207.0
12,5,1,0,none,27,Vila Real,rural,0.22,2,Room,0,0,3.87,0,36.0
8,4,1,0,festival,52,Guarda,rural,0.14,3,Apartment,1,0,4.54,0,158.0
1,4,1,0,national_holiday,30,Lisboa,urban,0.92,2,Apartment,0,0,3.8,0,314.0
5,1,0,1,concert,20,Braga,urban,0.58,3,Apartment,1,0,4.39,1,175.0
12,2,0,0,national_holiday,78,Porto,urban,0.85,5,House,1,1,4.22,1,380.0
5,3,0,0,sports_event,53,Bragança,rural,0.15,4,Apartment,0,0,3.68,0,114.0
7,0,0,0,fair,81,Braga,urban,0.58,3,Shared_House,0,0,3.98,1,77.0
8,2,0,0,none,33,Faro,coastal,0.78,3,Room,0,0,4.21,1,124.0
9,3,0,0,none,83,Porto,urban,0.85,4,Shared_House,0,0,4.04,0,89.0
11,1,0,0,sports_event,80,Évora,historic,0.52,3,House,1,0,5.0,0,272.0
2,2,0,0,festival,2,Castelo Branco,historic,0.28,2,Apartment,1,0,4.32,0,128.0
7,6,1,0,none,12,Setúbal,coastal,0.6,3,Shared_House,1,1,4.1,1,133.0
7,2,0,0,none,72,Portalegre,rural,0.18,2,Apartment,0,0,4.02,0,64.0
2,6,1,0,concert,27,Viseu,historic,0.32,5,Shared_House,0,1,4.09,1,141.0
9,6,1,0,concert,69,Bragança,rural,0.15,3,Apartment,0,1,3.9,1,162.0
2,4,1,0,none,40,Açores,rural,0.3,2,Room,0,0,3.79,1,68.0
6,1,0,0,national_holiday,24,Castelo Branco,historic,0.28,2,Room,0,0,4.5,0,89.0
4,1,0,0,none,20,Évora,historic,0.52,5,House,0,0,4.97,1,215.0
2,6,1,0,none,21,Guarda,rural,0.14,2,Room,0,0,3.97,0,50.0
10,0,0,0,none,60,Guarda,rural,0.14,4,Apartment,0,0,4.41,0,80.0
3,3,0,0,none,4,Portalegre,rural,0.18,4,Apartment,0,1,3.87,0,90.0
4,4,1,0,none,17,Bragança,rural,0.15,5,Apartment,0,0,4.25,1,112.0
11,5,1,0,sports_event,74,Faro,coastal,0.78,2,Shared_House,1,0,3.55,1,150.0
11,6,1,0,concert,29,Lisboa,urban,0.92,4,House,0,1,3.77,1,495.0
1,1,0,0,festival,55,Évora,historic,0.52,2,Apartment,0,0,3.76,0,142.0
4,3,0,0,fair,27,Porto,urban,0.85,5,Apartment,1,0,4.13,1,241.0
9,4,1,0,national_holiday,2,Aveiro,coastal,0.48,1,Room,0,0,3.62,1,117.0
10,6,1,0,none,41,Braga,urban,0.58,3,Room,0,0,3.08,0,68.0
12,3,0,0,none,21,Coimbra,urban,0.55,3,Shared_House,0,0,3.51,0,65.0
7,0,0,0,none,67,Aveiro,coastal,0.48,4,Apartment,0,0,4.11,0,141.0
1,6,1,0,sports_event,75,Guarda,rural,0.14,2,House,1,1,3.8,1,159.0
11,3,0,0,none,80,Lisboa,urban,0.92,1,Apartment,1,1,3.91,0,135.0
2,1,0,0,sports_event,55,Guarda,rural,0.14,4,Room,1,0,4.33,0,118.0
2,1,0,0,sports_event,8,Vila Real,rural,0.22,2,Room,0,0,3.79,0,62.0
9,1,0,0,festival,78,Vila Real,rural,0.22,2,Apartment,1,0,4.16,1,128.0
8,5,1,0,none,77,Madeira,urban,0.65,1,House,1,0,5.0,1,364.0
1,6,1,0,none,14,Santarém,urban,0.35,5,Apartment,1,0,4.01,1,140.0
3,3,0,0,none,37,Viana do Castelo,coastal,0.38,3,House,1,1,4.1,1,163.0
8,0,0,0,concert,86,Faro,coastal,0.78,3,Apartment,0,0,4.39,1,313.0
4,6,1,0,sports_event,73,Viseu,historic,0.32,5,Apartment,0,0,3.79,1,182.0
9,4,1,0,sports_event,19,Leiria,coastal,0.4,4,Apartment,0,0,3.9,1,207.0
5,3,0,0,sports_event,57,Viana do Castelo,coastal,0.38,3,Apartment,0,0,4.15,1,169.0
8,0,0,0,none,28,Viana do Castelo,coastal,0.38,2,House,1,1,4.3,1,181.0
6,6,1,0,none,79,Braga,urban,0.58,3,House,1,0,3.73,1,216.0
5,0,0,1,national_holiday,84,Lisboa,urban,0.92,3,Shared_House,0,0,4.48,1,173.0
5,4,1,0,none,71,Coimbra,urban,0.55,1,Apartment,0,0,4.97,1,150.0
9,4,1,0,none,29,Castelo Branco,historic,0.28,5,House,1,1,3.24,1,188.0
7,3,0,0,none,36,Açores,rural,0.3,2,Shared_House,0,0,4.4,0,58.0
8,3,0,0,concert,54,Viseu,historic,0.32,3,House,1,1,4.15,1,220.0
7,2,0,0,none,86,Beja,rural,0.2,3,Room,0,0,4.05,0,53.0
3,4,1,0,none,31,Setúbal,coastal,0.6,5,Shared_House,0,0,4.36,1,135.0
11,2,0,0,none,50,Leiria,coastal,0.4,2,Room,0,0,4.89,0,82.0
7,3,0,0,none,67,Setúbal,coastal,0.6,2,Apartment,1,1,4.33,0,186.0
9,4,1,0,none,34,Portalegre,rural,0.18,3,Apartment,0,0,4.68,0,110.0
11,5,1,0,none,29,Setúbal,coastal,0.6,5,Apartment,1,0,4.18,0,228.0
12,1,0,1,national_holiday,36,Açores,rural,0.3,3,House,0,0,4.38,0,235.0
9,6,1,0,national_holiday,40,Guarda,rural,0.14,2,House,1,1,3.93,1,185.0
10,0,0,0,none,9,Portalegre,rural,0.18,5,Apartment,1,0,4.22,0,105.0
6,1,0,0,none,8,Coimbra,urban,0.55,3,Apartment,1,0,4.06,0,134.0
9,2,0,0,none,63,Setúbal,coastal,0.6,2,Apartment,0,1,4.25,0,163.0
4,2,0,0,none,83,Setúbal,coastal,0.6,2,House,0,0,3.37,0,134.0
9,2,0,0,festival,73,Vila Real,rural,0.22,3,Apartment,0,0,3.64,0,123.0
2,2,0,0,none,82,Porto,urban,0.85,3,Apartment,1,0,4.79,0,148.0
11,3,0,0,fair,76,Porto,urban,0.85,1,House,1,0,4.9,0,261.0
3,5,1,0,national_holiday,73,Viana do Castelo,coastal,0.38,3,Apartment,0,0,3.33,1,176.0
8,5,1,0,sports_event,6,Lisboa,urban,0.92,5,House,0,0,3.92,1,565.0
1,2,0,0,none,79,Lisboa,urban,0.92,4,Apartment,0,0,3.83,0,164.0
2,1,0,0,none,41,Bragança,rural,0.15,3,House,1,0,4.33,0,95.0
12,4,1,0,none,55,Portalegre,rural,0.18,2,Room,0,0,4.16,1,41.0
11,0,0,0,concert,81,Santarém,urban,0.35,2,Apartment,0,0,4.54,1,122.0
3,3,0,0,none,8,Coimbra,urban,0.55,5,Apartment,0,0,3.52,1,119.0
2,1,0,0,sports_event,23,Santarém,urban,0.35,3,Shared_House,0,0,4.37,0,96.0
10,4,1,0,none,7,Setúbal,coastal,0.6,2,Room,0,0,4.03,1,100.0
12,0,0,0,none,38,Faro,coastal,0.78,4,Apartment,1,0,3.83,1,227.0
3,5,1,0,none,71,Viana do Castelo,coastal,0.38,1,Room,0,0,4.42,1,66.0
8,1,0,1,national_holiday,45,Aveiro,coastal,0.48,2,House,0,0,4.08,1,249.0
4,3,0,0,sports_event,47,Aveiro,coastal,0.48,2,House,0,0,4.15,1,233.0
9,4,1,0,festival,22,Viana do Castelo,coastal,0.38,5,Room,0,0,4.87,1,184.0
6,3,0,0,none,25,Madeira,urban,0.65,4,Apartment,0,0,4.24,0,205.0
2,3,0,0,none,51,Setúbal,coastal,0.6,3,House,1,0,5.0,0,219.0
4,1,0,0,fair,4,Beja,rural,0.2,3,Apartment,1,0,3.04,0,75.0
7,5,1,0,none,40,Leiria,coastal,0.4,4,House,1,1,4.2,1,272.0
10,3,0,0,festival,89,Santarém,urban,0.35,2,Apartment,1,0,3.64,0,139.0
1,1,0,0,none,52,Viseu,historic,0.32,1,Shared_House,0,1,3.74,0,41.0
12,1,0,0,festival,9,Évora,historic,0.52,4,House,1,1,3.87,1,295.0
8,3,0,0,festival,38,Guarda,rural,0.14,4,Room,0,0,4.66,1,114.0
11,5,1,0,none,33,Braga,urban,0.58,2,Apartment,0,0,4.0,0,113.0
12,6,1,0,festival,63,Bragança,rural,0.15,2,Apartment,0,0,3.63,1,125.0
2,2,0,0,none,62,Porto,urban,0.85,4,Room,0,0,4.53,0,92.0
2,2,0,1,national_holiday,89,Porto,urban,0.85,2,Apartment,0,0,3.61,0,189.0
10,0,0,0,concert,57,Coimbra,urban,0.55,3,Shared_House,0,0,5.0,1,119.0
3,3,0,0,none,22,Açores,rural,0.3,4,House,1,1,3.55,0,180.0
2,1,0,0,none,12,Portalegre,rural,0.18,3,Room,0,0,4.06,0,34.0
6,5,1,0,concert,15,Santarém,urban,0.35,3,Apartment,1,0,5.0,0,166.0
11,3,0,0,fair,56,Bragança,rural,0.15,4,Apartment,0,0,4.04,0,93.0
10,1,0,0,none,54,Madeira,urban,0.65,5,Apartment,0,0,4.41,0,181.0
7,6,1,0,sports_event,31,Braga,urban,0.58,4,Shared_House,0,0,4.15,1,126.0
3,5,1,0,none,67,Coimbra,urban,0.55,3,Apartment,1,0,4.2,1,145.0
5,2,0,0,sports_event,16,Guarda,rural,0.14,5,Room,0,0,3.79,1,112.0
9,0,0,0,none,65,Braga,urban,0.58,3,House,1,0,4.43,0,165.0
2,1,0,0,concert,56,Faro,coastal,0.78,1,Room,0,0,4.86,1,129.0
7,2,0,0,none,16,Évora,historic,0.52,2,Shared_House,0,0,3.23,1,49.0
1,2,0,0,none,82,Viana do Castelo,coastal,0.38,2,Room,0,0,3.74,0,22.0
4,5,1,0,fair,79,Évora,historic,0.52,2,Apartment,1,0,3.92,1,173.0
3,6,1,0,none,68,Leiria,coastal,0.4,4,Room,0,0,3.76,0,86.0
9,5,1,0,none,60,Santarém,urban,0.35,1,House,1,1,4.52,1,175.0
11,5,1,0,none,15,Viana do Castelo,coastal,0.38,3,House,1,0,3.9,1,187.0
2,0,0,1,festival,88,Castelo Branco,historic,0.28,4,Apartment,0,0,4.24,1,154.0
10,1,0,0,none,16,Viana do Castelo,coastal,0.38,1,Room,0,0,4.95,1,50.0
8,6,1,0,festival,73,Braga,urban,0.58,3,Apartment,0,0,3.3,1,211.0
12,4,1,1,national_holiday,43,Madeira,urban,0.65,5,Room,0,0,4.36,0,200.0
11,1,0,0,festival,61,Açores,rural,0.3,1,Apartment,0,0,4.14,0,135.0
2,5,1,1,fair,2,Coimbra,urban,0.55,2,House,0,0,4.14,1,236.0
9,1,0,0,none,29,Viseu,historic,0.32,1,Apartment,1,0,3.75,1,62.0
8,5,1,0,festival,2,Lisboa,urban,0.92,3,Apartment,1,0,4.01,1,375.0
2,6,1,0,none,66,Setúbal,coastal,0.6,3,Shared_House,0,0,4.2,1,98.0
4,3,0,0,none,23,Faro,coastal,0.78,5,Room,1,0,4.11,0,161.0
12,4,1,0,concert,29,Vila Real,rural,0.22,3,Apartment,0,0,4.55,1,131.0
7,5,1,0,fair,10,Faro,coastal,0.78,3,House,1,0,3.65,1,537.0
5,6,1,0,concert,12,Santarém,urban,0.35,5,Room,0,0,3.5,1,128.0
4,4,1,0,national_holiday,50,Viana do Castelo,coastal,0.38,2,House,1,0,3.2,1,229.0
11,2,0,0,none,31,Guarda,rural,0.14,4,Apartment,0,0,4.27,1,86.0
4,1,0,0,sports_event,4,Leiria,coastal,0.4,4,Room,1,0,4.58,0,138.0
2,2,0,0,none,76,Évora,historic,0.52,3,Apartment,1,1,3.61,0,120.0
7,0,0,0,national_holiday,22,Coimbra,urban,0.55,3,House,1,0,3.57,1,234.0
12,4,1,0,festival,4,Castelo Branco,historic,0.28,2,House,1,0,5.0,1,215.0
3,2,0,0,none,6,Setúbal,coastal,0.6,4,House,1,1,4.84,0,266.0
4,4,1,0,concert,37,Leiria,coastal,0.4,3,Apartment,0,0,4.87,1,193.0
6,0,0,0,festival,48,Setúbal,coastal,0.6,4,Apartment,0,0,4.37,1,275.0
3,2,0,0,national_holiday,12,Évora,historic,0.52,4,Shared_House,0,0,4.55,1,117.0
8,2,0,0,concert,32,Viseu,historic,0.32,3,Room,0,0,4.06,1,100.0
4,0,0,0,fair,32,Madeira,urban,0.65,5,Shared_House,0,0,3.49,0,115.0
2,5,1,0,festival,8,Madeira,urban,0.65,1,Room,0,0,3.51,1,153.0
4,4,1,0,none,59,Guarda,rural,0.14,1,Apartment,0,1,4.2,0,79.0
12,5,1,1,concert,32,Aveiro,coastal,0.48,2,House,1,1,4.66,1,283.0
12,5,1,0,none,64,Bragança,rural,0.15,2,Apartment,0,1,4.12,0,113.0
7,0,0,0,none,1,Bragança,rural,0.15,3,Apartment,1,0,4.5,1,100.0
5,6,1,0,national_holiday,4,Bragança,rural,0.15,2,Apartment,0,0,4.16,1,118.0
10,0,0,0,fair,75,Beja,rural,0.2,3,Apartment,0,0,4.35,0,99.0
3,6,1,0,national_holiday,30,Beja,rural,0.2,5,Apartment,0,0,4.59,1,186.0
8,4,1,0,none,33,Évora,historic,0.52,4,Apartment,1,1,4.87,1,222.0
9,5,1,0,none,38,Viseu,historic,0.32,3,Room,1,0,4.34,1,91.0
9,3,0,0,fair,60,Beja,rural,0.2,5,Shared_House,0,0,5.0,0,111.0
3,1,0,0,none,65,Aveiro,coastal,0.48,4,Apartment,0,0,4.08,0,110.0
9,1,0,0,none,64,Castelo Branco,historic,0.28,4,Apartment,1,0,4.86,1,109.0
8,0,0,0,none,79,Leiria,coastal,0.4,2,Apartment,0,0,4.49,1,113.0
11,5,1,0,fair,50,Madeira,urban,0.65,3,Room,0,0,3.28,0,108.0
3,3,0,0,none,23,Açores,rural,0.3,1,Apartment,0,0,4.91,0,104.0
8,1,0,0,none,53,Setúbal,coastal,0.6,2,House,0,1,3.74,1,213.0
10,0,0,1,festival,27,Vila Real,rural,0.22,1,Apartment,0,0,4.08,1,105.0
4,0,0,0,none,39,Santarém,urban,0.35,4,Room,0,0,4.64,0,82.0
9,1,0,0,sports_event,3,Beja,rural,0.2,1,House,1,1,3.83,1,150.0
2,5,1,0,festival,37,Beja,rural,0.2,3,Apartment,0,0,4.16,1,144.0
9,6,1,0,festival,54,Leiria,coastal,0.4,3,Shared_House,0,0,4.53,1,126.0
8,4,1,0,none,28,Madeira,urban,0.65,2,House,0,1,3.79,1,358.0
3,6,1,0,none,10,Viseu,historic,0.32,2,Apartment,1,0,4.08,1,118.0
1,2,0,0,none,7,Santarém,urban,0.35,4,House,0,0,4.02,0,115.0
9,2,0,0,national_holiday,11,Viseu,historic,0.32,5,Apartment,0,1,4.68,1,211.0
3,4,1,0,none,32,Açores,rural,0.3,4,Shared_House,0,0,4.98,1,114.0
6,0,0,0,none,90,Viseu,historic,0.32,4,Apartment,0,0,3.65,0,100.0
1,6,1,0,none,42,Beja,rural,0.2,2,Room,0,0,4.24,1,54.0
12,5,1,0,national_holiday,82,Vila Real,rural,0.22,1,Room,1,0,3.94,1,82.0
7,0,0,0,concert,13,Beja,rural,0.2,3,House,1,1,4.22,1,172.0
12,1,0,0,none,88,Leiria,coastal,0.4,5,Apartment,0,1,5.0,0,178.0
2,4,1,0,festival,82,Portalegre,rural,0.18,2,Apartment,0,0,4.39,1,140.0
3,5,1,0,none,8,Vila Real,rural,0.22,2,Room,0,0,3.92,0,48.0
8,1,0,0,concert,1,Bragança,rural,0.15,4,House,0,1,3.52,0,151.0
8,5,1,0,national_holiday,58,Setúbal,coastal,0.6,3,Shared_House,1,0,4.7,1,146.0
10,3,0,0,concert,21,Castelo Branco,historic,0.28,3,House,0,1,3.97,1,161.0
12,4,1,0,fair,58,Faro,coastal,0.78,4,House,1,1,3.81,1,520.0
10,2,0,0,none,62,Guarda,rural,0.14,3,Shared_House,0,0,4.35,0,56.0
2,3,0,0,none,6,Açores,rural,0.3,5,Room,0,0,4.49,0,85.0
4,2,0,0,sports_event,75,Aveiro,coastal,0.48,2,Apartment,0,0,4.02,0,147.0
11,1,0,0,concert,78,Leiria,coastal,0.4,3,Room,0,0,3.73,0,85.0
7,1,0,0,none,43,Madeira,urban,0.65,1,Apartment,1,0,4.88,0,180.0
11,1,0,0,none,84,Guarda,rural,0.14,2,House,1,1,4.54,0,88.0
7,5,1,0,none,53,Portalegre,rural,0.18,2,Apartment,1,0,4.69,1,106.0
1,2,0,0,none,66,Viana do Castelo,coastal,0.38,1,Shared_House,0,0,4.02,1,26.0
6,2,0,1,fair,25,Viseu,historic,0.32,2,Shared_House,0,0,3.79,0,60.0
10,5,1,0,none,57,Portalegre,rural,0.18,3,Room,0,0,3.93,0,61.0
8,6,1,0,concert,86,Faro,coastal,0.78,2,Apartment,0,0,3.44,1,330.0
2,1,0,0,none,70,Braga,urban,0.58,1,Room,0,0,4.03,0,34.0
3,2,0,0,sports_event,58,Braga,urban,0.58,3,Apartment,1,0,3.86,1,147.0
11,2,0,0,fair,37,Castelo Branco,historic,0.28,2,Apartment,0,0,4.16,1,81.0
12,5,1,0,concert,12,Braga,urban,0.58,1,Room,0,0,4.22,1,92.0
10,4,1,0,concert,31,Coimbra,urban,0.55,5,Apartment,0,0,4.25,1,218.0
2,3,0,0,none,67,Braga,urban,0.58,3,Apartment,0,0,3.91,0,87.0
8,1,0,0,none,48,Faro,coastal,0.78,4,House,1,0,3.61,1,330.0
10,2,0,0,sports_event,12,Beja,rural,0.2,2,Room,0,0,3.48,0,64.0
8,0,0,0,concert,22,Viseu,historic,0.32,3,Apartment,1,1,4.3,1,172.0
8,4,1,0,concert,37,Vila Real,rural,0.22,1,House,0,1,4.27,1,180.0
6,6,1,0,concert,5,Évora,historic,0.52,3,Shared_House,0,0,3.5,1,96.0
3,5,1,0,none,45,Beja,rural,0.2,4,Apartment,0,0,4.91,1,132.0
4,2,0,0,none,83,Lisboa,urban,0.92,5,Room,0,0,4.62,0,136.0
9,3,0,0,national_holiday,66,Lisboa,urban,0.92,3,House,1,0,3.69,1,388.0
1,6,1,0,festival,85,Porto,urban,0.85,2,Apartment,1,0,4.33,1,285.0
2,2,0,0,concert,90,Açores,rural,0.3,4,Apartment,0,0,4.13,0,142.0
5,5,1,1,festival,5,Santarém,urban,0.35,3,Apartment,0,0,4.33,1,173.0
10,4,1,0,national_holiday,34,Vila Real,rural,0.22,3,Room,0,0,4.29,1,94.0
8,3,0,0,fair,19,Coimbra,urban,0.55,3,House,0,1,4.54,1,256.0
8,4,1,0,none,61,Beja,rural,0.2,3,Apartment,1,0,4.94,0,140.0
7,1,0,0,fair,4,Braga,urban,0.58,2,Apartment,0,1,4.35,1,165.0
2,2,0,0,none,61,Lisboa,urban,0.92,3,Room,0,0,4.47,0,106.0
4,2,0,0,none,35,Vila Real,rural,0.22,1,Apartment,1,0,4.93,0,66.0
1,5,1,0,fair,17,Beja,rural,0.2,3,Apartment,0,0,3.93,1,109.0
10,4,1,1,national_holiday,19,Santarém,urban,0.35,3,Shared_House,0,0,3.73,1,84.0
10,2,0,0,none,58,Porto,urban,0.85,3,Apartment,0,0,4.54,0,150.0
4,5,1,0,sports_event,43,Guarda,rural,0.14,2,Room,0,0,3.59,1,73.0
4,3,0,0,national_holiday,80,Setúbal,coastal,0.6,3,Apartment,0,0,3.8,0,219.0
4,6,1,0,none,89,Portalegre,rural,0.18,3,Apartment,0,0,4.95,0,97.0
11,4,1,0,sports_event,51,Viseu,historic,0.32,1,Apartment,0,0,3.34,1,111.0
6,6,1,0,festival,62,Coimbra,urban,0.55,2,Room,1,0,4.35,1,134.0
10,6,1,0,none,44,Beja,rural,0.2,1,Room,0,0,3.48,1,29.0
6,2,0,0,concert,36,Açores,rural,0.3,2,Apartment,0,0,4.41,0,156.0
9,1,0,0,festival,59,Coimbra,urban,0.55,3,Room,0,0,5.0,1,138.0
7,5,1,0,concert,2,Lisboa,urban,0.92,2,Room,0,0,3.69,1,202.0
4,1,0,0,concert,73,Madeira,urban,0.65,2,House,1,0,3.15,1,217.0
11,5,1,0,national_holiday,62,Coimbra,urban,0.55,2,House,1,0,4.38,1,290.0
9,1,0,0,concert,21,Vila Real,rural,0.22,2,House,1,1,3.89,0,142.0
10,6,1,0,none,1,Vila Real,rural,0.22,1,Apartment,0,1,4.11,1,92.0
12,4,1,0,concert,15,Évora,historic,0.52,5,Room,0,0,4.38,1,174.0
3,3,0,0,sports_event,64,Faro,coastal,0.78,3,Room,1,0,4.48,1,183.0
2,3,0,1,national_holiday,59,Faro,coastal,0.78,3,Room,1,0,4.49,0,180.0
7,4,1,0,festival,60,Braga,urban,0.58,2,Room,0,0,4.19,1,128.0
4,2,0,0,concert,4,Aveiro,coastal,0.48,5,Room,0,0,4.42,0,129.0
6,2,0,0,none,2,Guarda,rural,0.14,3,Room,0,0,4.11,0,35.0
3,1,0,0,none,75,Viseu,historic,0.32,3,Shared_House,1,0,4.04,0,61.0
5,1,0,0,festival,41,Santarém,urban,0.35,4,House,1,0,4.19,0,207.0
5,6,1,0,none,28,Portalegre,rural,0.18,2,Room,1,0,4.49,1,71.0
5,5,1,0,fair,8,Leiria,coastal,0.4,5,Room,0,0,3.88,1,138.0
9,3,0,0,none,10,Castelo Branco,historic,0.28,2,Apartment,1,0,4.31,0,93.0
8,5,1,0,concert,67,Coimbra,urban,0.55,4,House,0,0,3.97,1,291.0
6,4,1,0,concert,69,Aveiro,coastal,0.48,5,Room,0,0,3.83,1,156.0
2,4,1,0,none,26,Santarém,urban,0.35,3,Apartment,1,0,4.73,1,140.0
7,0,0,0,festival,21,Leiria,coastal,0.4,4,House,1,0,4.39,1,287.0
3,3,0,0,none,28,Aveiro,coastal,0.48,1,Apartment,1,0,4.39,1,106.0
4,0,0,0,none,37,Viana do Castelo,coastal,0.38,3,Apartment,0,1,3.73,0,115.0
5,4,1,0,festival,77,Setúbal,coastal,0.6,2,House,1,0,4.08,1,371.0
2,0,0,0,none,38,Viseu,historic,0.32,2,Apartment,0,0,4.5,0,87.0
5,3,0,0,concert,70,Guarda,rural,0.14,3,Room,0,0,4.39,0,91.0
4,2,0,0,festival,74,Santarém,urban,0.35,3,House,0,0,5.0,1,211.0
11,0,0,0,none,54,Viseu,historic,0.32,3,Apartment,1,0,4.31,0,78.0
11,3,0,0,none,24,Leiria,coastal,0.4,2,Apartment,0,0,3.87,0,88.0
1,1,0,0,fair,89,Guarda,rural,0.14,2,Apartment,1,0,3.98,0,65.0
8,1,0,0,none,57,Castelo Branco,historic,0.28,2,House,1,0,3.77,1,106.0
8,6,1,0,sports_event,63,Porto,urban,0.85,3,Room,1,0,3.88,1,192.0
5,2,0,0,none,90,Vila Real,rural,0.22,1,House,1,0,4.25,0,53.0
6,2,0,0,national_holiday,55,Coimbra,urban,0.55,3,Apartment,1,1,3.97,0,193.0
10,0,0,0,none,54,Porto,urban,0.85,5,House,1,1,4.87,1,332.0
5,2,0,0,none,75,Madeira,urban,0.65,5,Shared_House,0,0,4.64,0,140.0
1,2,0,0,festival,13,Leiria,coastal,0.4,3,Shared_House,0,0,4.63,0,123.0
5,5,1,0,none,87,Castelo Branco,historic,0.28,2,Room,0,0,4.07,1,47.0
4,0,0,0,sports_event,26,Évora,historic,0.52,3,Apartment,0,0,4.66,0,211.0
5,6,1,0,none,88,Bragança,rural,0.15,3,Apartment,1,1,4.71,1,141.0
3,0,0,0,none,49,Madeira,urban,0.65,1,House,0,0,5.0,1,221.0
2,4,1,0,none,80,Coimbra,urban,0.55,5,Apartment,1,0,3.93,0,157.0
12,0,0,1,festival,30,Leiria,coastal,0.4,2,House,1,0,4.21,1,250.0
2,5,1,1,fair,69,Lisboa,urban,0.92,2,Apartment,0,0,3.82,1,285.0
9,4,1,0,none,47,Setúbal,coastal,0.6,3,Shared_House,0,0,5.0,1,120.0
9,5,1,0,fair,59,Bragança,rural,0.15,5,Room,0,0,4.1,1,102.0
8,6,1,0,concert,49,Évora,historic,0.52,4,Shared_House,0,0,4.84,1,129.0
11,5,1,0,none,89,Guarda,rural,0.14,2,Room,0,0,4.28,0,39.0
1,4,1,0,none,67,Coimbra,urban,0.55,4,Apartment,0,0,4.64,1,155.0
4,5,1,0,none,23,Açores,rural,0.3,4,House,1,0,4.19,0,259.0
3,0,0,0,none,57,Vila Real,rural,0.22,4,Room,1,0,4.66,0,85.0
7,4,1,0,concert,33,Madeira,urban,0.65,2,Apartment,0,0,4.34,0,272.0
8,6,1,0,none,63,Bragança,rural,0.15,3,Apartment,1,0,5.0,1,115.0
11,2,0,0,none,44,Setúbal,coastal,0.6,4,Apartment,0,0,4.35,0,148.0
5,6,1,0,sports_event,20,Leiria,coastal,0.4,2,Apartment,1,0,3.84,1,176.0
3,3,0,0,none,21,Açores,rural,0.3,3,House,0,1,4.46,0,172.0
12,3,0,0,fair,39,Vila Real,rural,0.22,3,Apartment,0,0,4.2,0,96.0
9,2,0,0,sports_event,44,Vila Real,rural,0.22,3,Apartment,0,0,3.71,1,106.0
10,0,0,0,none,75,Viseu,historic,0.32,1,House,1,1,4.39,1,116.0
6,6,1,0,festival,58,Vila Real,rural,0.22,2,Room,0,0,3.89,1,103.0
6,5,1,0,none,68,Santarém,urban,0.35,3,Apartment,1,0,4.08,1,140.0
5,2,0,0,national_holiday,14,Setúbal,coastal,0.6,2,Room,0,0,4.22,1,125.0
9,6,1,0,none,17,Braga,urban,0.58,2,Shared_House,0,0,3.19,1,68.0
3,1,0,0,fair,4,Vila Real,rural,0.22,3,Apartment,0,0,3.98,0,80.0
12,5,1,0,national_holiday,6,Viseu,historic,0.32,1,House,1,0,4.66,0,206.0
3,3,0,0,festival,14,Açores,rural,0.3,3,Apartment,0,0,4.1,0,169.0
6,4,1,0,sports_event,59,Vila Real,rural,0.22,5,Room,0,0,3.25,1,116.0
4,0,0,0,festival,42,Guarda,rural,0.14,3,Room,0,0,4.16,1,111.0
8,4,1,0,none,40,Aveiro,coastal,0.48,2,Apartment,0,0,4.44,1,166.0
9,4,1,0,national_holiday,67,Setúbal,coastal,0.6,2,Room,0,0,4.05,1,144.0
12,6,1,0,none,37,Lisboa,urban,0.92,3,Apartment,0,0,4.07,1,259.0
10,2,0,0,fair,1,Aveiro,coastal,0.48,3,Room,0,0,3.98,1,81.0
3,0,0,0,sports_event,3,Madeira,urban,0.65,4,House,1,1,4.51,1,414.0
3,0,0,0,none,17,Viana do Castelo,coastal,0.38,3,Apartment,1,0,3.79,0,101.0
11,1,0,0,none,35,Lisboa,urban,0.92,2,Shared_House,0,0,4.47,0,72.0
6,2,0,0,none,80,Beja,rural,0.2,2,House,0,0,4.07,0,70.0
2,5,1,0,none,17,Aveiro,coastal,0.48,3,Apartment,0,1,4.83,1,198.0
10,1,0,0,sports_event,67,Viseu,historic,0.32,2,Room,0,0,3.96,1,91.0
8,1,0,0,none,4,Leiria,coastal,0.4,3,Apartment,0,0,3.64,0,92.0
1,0,0,0,national_holiday,10,Madeira,urban,0.65,2,Shared_House,1,0,4.51,1,127.0
10,2,0,0,none,36,Beja,rural,0.2,3,Apartment,0,0,4.45,0,75.0
8,4,1,0,none,58,Coimbra,urban,0.55,3,House,1,0,4.41,1,250.0
8,1,0,0,none,75,Bragança,rural,0.15,4,House,0,0,4.62,0,121.0
11,3,0,1,national_holiday,67,Coimbra,urban,0.55,2,House,1,0,3.7,1,184.0
6,1,0,0,festival,81,Leiria,coastal,0.4,5,House,1,0,3.81,1,265.0
6,5,1,0,none,40,Aveiro,coastal,0.48,3,Apartment,0,0,4.86,1,192.0
8,0,0,0,festival,22,Viana do Castelo,coastal,0.38,4,Room,1,1,4.42,1,162.0
3,1,0,0,festival,38,Bragança,rural,0.15,3,Apartment,0,0,3.97,0,115.0
2,3,0,0,none,25,Évora,historic,0.52,4,Room,0,0,3.32,0,75.0
11,5,1,0,none,32,Braga,urban,0.58,3,Apartment,1,0,3.58,0,123.0
3,2,0,0,none,9,Beja,rural,0.2,1,Room,0,0,3.72,0,15.0
7,0,0,0,none,70,Lisboa,urban,0.92,2,Room,1,0,3.92,0,109.0
4,3,0,1,concert,82,Setúbal,coastal,0.6,5,Room,0,0,4.35,0,161.0
3,1,0,0,none,9,Beja,rural,0.2,3,Apartment,0,0,3.52,0,54.0
8,2,0,0,none,6,Santarém,urban,0.35,4,Room,0,0,3.94,1,61.0
10,6,1,1,festival,73,Beja,rural,0.2,4,House,1,1,3.57,1,233.0
6,6,1,0,none,85,Évora,historic,0.52,2,Shared_House,0,0,3.99,1,82.0
2,1,0,0,national_holiday,2,Leiria,coastal,0.4,4,Apartment,0,0,5.0,0,189.0
3,4,1,0,fair,58,Aveiro,coastal,0.48,2,Room,0,0,4.79,1,94.0
2,3,0,0,concert,38,Leiria,coastal,0.4,1,House,1,1,4.49,0,194.0
11,6,1,0,none,71,Viana do Castelo,coastal,0.38,3,Shared_House,0,0,3.94,1,64.0
4,6,1,0,none,47,Viana do Castelo,coastal,0.38,4,Apartment,0,0,3.66,0,139.0
5,2,0,0,none,20,Madeira,urban,0.65,3,Apartment,0,1,4.16,0,174.0
1,0,0,0,concert,27,Guarda,rural,0.14,2,Room,1,0,3.42,0,58.0
6,0,0,0,none,55,Vila Real,rural,0.22,3,Apartment,1,0,4.52,1,85.0
11,0,0,0,none,24,Santarém,urban,0.35,4,Room,0,0,4.1,0,81.0
5,5,1,0,festival,10,Coimbra,urban,0.55,3,Apartment,0,0,4.19,1,198.0
8,5,1,0,concert,48,Porto,urban,0.85,2,Shared_House,0,0,3.37,1,123.0
3,5,1,0,festival,60,Vila Real,rural,0.22,2,House,0,1,4.22,0,191.0
2,0,0,0,none,72,Lisboa,urban,0.92,3,Apartment,0,1,4.08,0,181.0
9,0,0,0,national_holiday,55,Viseu,historic,0.32,2,Room,0,0,3.72,0,73.0
1,1,0,0,none,37,Leiria,coastal,0.4,4,Apartment,0,0,4.31,0,107.0
6,4,1,0,national_holiday,75,Açores,rural,0.3,1,Apartment,1,0,4.0,0,207.0
4,0,0,0,none,42,Viseu,historic,0.32,3,Room,0,0,4.35,1,68.0
1,4,1,0,national_holiday,59,Açores,rural,0.3,4,Apartment,0,0,4.51,0,223.0
7,6,1,0,fair,82,Braga,urban,0.58,3,Apartment,0,0,3.66,1,184.0
12,1,0,0,none,88,Viseu,historic,0.32,4,House,0,1,4.25,0,152.0
1,5,1,0,concert,40,Braga,urban,0.58,2,Apartment,0,0,4.24,1,164.0
10,3,0,0,none,45,Santarém,urban,0.35,3,Shared_House,0,0,4.82,0,64.0
7,6,1,0,none,79,Coimbra,urban,0.55,4,Room,0,0,4.62,1,115.0
9,1,0,0,none,50,Leiria,coastal,0.4,5,Room,0,0,4.03,0,102.0
2,1,0,0,festival,68,Porto,urban,0.85,3,Room,0,0,3.99,0,137.0
11,0,0,0,none,7,Castelo Branco,historic,0.28,2,Room,1,0,4.27,0,49.0
1,4,1,0,none,75,Setúbal,coastal,0.6,2,Apartment,0,0,3.64,0,155.0
11,6,1,0,national_holiday,10,Lisboa,urban,0.92,4,House,0,1,3.71,1,533.0
8,0,0,0,fair,35,Faro,coastal,0.78,3,Shared_House,1,0,3.97,1,137.0
5,3,0,1,national_holiday,16,Viseu,historic,0.32,2,House,0,1,3.01,1,184.0
1,5,1,0,festival,84,Coimbra,urban,0.55,3,Shared_House,0,0,3.71,1,109.0
8,5,1,0,none,11,Faro,coastal,0.78,2,Room,0,0,4.03,1,164.0
2,6,1,0,none,50,Castelo Branco,historic,0.28,1,Apartment,0,0,5.0,1,99.0
8,5,1,0,national_holiday,13,Portalegre,rural,0.18,5,House,1,1,3.88,1,227.0
10,6,1,0,national_holiday,2,Açores,rural,0.3,3,Apartment,0,0,4.53,1,244.0
4,6,1,0,none,24,Açores,rural,0.3,2,Room,0,0,4.1,1,65.0
3,6,1,0,none,8,Setúbal,coastal,0.6,5,Shared_House,0,0,4.42,1,125.0
3,3,0,0,none,26,Viana do Castelo,coastal,0.38,5,House,0,1,3.66,0,169.0
3,2,0,0,none,15,Vila Real,rural,0.22,5,Apartment,0,0,3.43,0,94.0
2,2,0,0,none,63,Viseu,historic,0.32,4,Apartment,1,0,4.89,0,107.0
3,6,1,0,none,16,Castelo Branco,historic,0.28,5,Apartment,1,0,3.53,0,113.0
8,1,0,0,none,44,Portalegre,rural,0.18,2,House,1,0,4.94,1,107.0
4,5,1,0,none,1,Faro,coastal,0.78,4,Shared_House,0,0,4.01,1,154.0
10,4,1,0,fair,84,Évora,historic,0.52,2,Apartment,0,0,3.79,0,157.0
10,0,0,0,concert,40,Évora,historic,0.52,1,Room,0,0,3.94,0,99.0
10,3,0,0,festival,31,Madeira,urban,0.65,1,Room,0,0,5.0,1,147.0
7,1,0,0,none,30,Santarém,urban,0.35,2,Room,1,0,3.85,0,45.0
4,5,1,0,concert,6,Castelo Branco,historic,0.28,4,Apartment,0,0,4.01,1,145.0
12,3,0,1,national_holiday,24,Portalegre,rural,0.18,5,Apartment,0,0,4.69,1,168.0
3,2,0,0,fair,76,Braga,urban,0.58,2,Apartment,1,0,4.44,0,118.0
6,0,0,0,none,35,Faro,coastal,0.78,4,Apartment,0,0,5.0,1,284.0
6,0,0,0,national_holiday,76,Santarém,urban,0.35,4,Apartment,0,0,4.78,1,178.0
9,5,1,0,none,17,Viseu,historic,0.32,1,House,0,0,3.85,1,156.0
7,6,1,0,concert,33,Santarém,urban,0.35,4,Room,0,0,4.85,1,118.0
10,2,0,0,none,57,Bragança,rural,0.15,1,Apartment,0,0,3.24,0,27.0
12,5,1,0,concert,7,Braga,urban,0.58,2,House,0,0,4.59,1,257.0
5,3,0,0,festival,32,Aveiro,coastal,0.48,3,House,1,0,3.87,1,241.0
11,2,0,0,none,80,Guarda,rural,0.14,5,Apartment,1,0,4.5,0,106.0
3,3,0,0,concert,45,Vila Real,rural,0.22,1,Apartment,0,0,5.0,1,92.0
11,4,1,0,none,85,Viseu,historic,0.32,2,Apartment,0,0,3.36,0,82.0
3,6,1,0,festival,13,Coimbra,urban,0.55,3,House,1,0,4.66,1,298.0
11,3,0,0,none,90,Lisboa,urban,0.92,4,House,0,1,4.62,0,289.0
5,2,0,0,concert,80,Santarém,urban,0.35,5,Apartment,0,0,4.53,1,170.0
12,5,1,0,fair,36,Porto,urban,0.85,3,Apartment,0,0,3.71,0,252.0
2,3,0,0,none,51,Viana do Castelo,coastal,0.38,4,Apartment,0,0,4.16,0,112.0
6,2,0,1,concert,12,Lisboa,urban,0.92,3,Apartment,0,0,3.72,1,274.0
11,3,0,1,fair,15,Braga,urban,0.58,2,Room,0,0,4.41,1,96.0
1,3,0,0,sports_event,35,Porto,urban,0.85,3,House,1,0,3.55,0,286.0
4,0,0,0,none,30,Lisboa,urban,0.92,2,House,1,0,3.98,0,280.0
2,0,0,0,none,53,Castelo Branco,historic,0.28,4,House,0,1,4.52,1,140.0
4,4,1,0,none,82,Portalegre,rural,0.18,2,Apartment,1,1,3.83,1,100.0
5,1,0,0,none,4,Coimbra,urban,0.55,2,Apartment,0,1,4.0,0,110.0
8,3,0,0,none,76,Faro,coastal,0.78,5,House,1,1,3.75,0,391.0
4,5,1,0,concert,25,Portalegre,rural,0.18,5,Room,0,0,4.33,1,119.0
2,1,0,0,festival,59,Setúbal,coastal,0.6,3,Room,0,0,4.13,1,159.0
3,2,0,0,festival,85,Madeira,urban,0.65,4,Room,0,0,3.83,1,153.0
12,6,1,0,none,67,Castelo Branco,historic,0.28,5,House,1,0,3.88,1,173.0
12,0,0,0,none,4,Castelo Branco,historic,0.28,1,Room,0,0,4.28,1,25.0
3,5,1,0,concert,54,Porto,urban,0.85,3,Room,0,0,3.67,1,136.0
3,1,0,0,festival,14,Bragança,rural,0.15,2,Shared_House,0,1,4.18,1,98.0
1,6,1,0,national_holiday,23,Beja,rural,0.2,4,Apartment,1,0,4.22,1,152.0
12,2,0,0,festival,53,Madeira,urban,0.65,1,Apartment,0,0,4.28,1,227.0
9,0,0,0,none,53,Aveiro,coastal,0.48,4,House,0,0,3.93,0,151.0
10,5,1,0,sports_event,87,Setúbal,coastal,0.6,2,Apartment,1,0,4.5,0,250.0
4,1,0,0,sports_event,26,Braga,urban,0.58,3,Apartment,0,0,4.68,1,180.0
8,2,0,0,none,85,Setúbal,coastal,0.6,4,Room,0,0,4.52,1,124.0
1,3,0,0,sports_event,40,Madeira,urban,0.65,1,House,0,1,4.3,1,305.0
9,5,1,0,none,24,Faro,coastal,0.78,5,House,1,1,3.49,1,499.0
7,2,0,0,none,57,Leiria,coastal,0.4,2,Apartment,1,0,5.0,1,126.0
4,6,1,0,none,56,Porto,urban,0.85,3,House,0,1,4.23,1,361.0
9,3,0,0,festival,81,Braga,urban,0.58,4,House,0,0,4.36,1,247.0
8,2,0,0,sports_event,87,Coimbra,urban,0.55,2,Apartment,0,0,3.85,1,160.0
6,2,0,0,none,60,Viseu,historic,0.32,3,Apartment,0,0,4.09,1,76.0
3,5,1,0,concert,57,Évora,historic,0.52,3,House,0,0,4.79,1,325.0
1,4,1,0,concert,26,Vila Real,rural,0.22,3,Shared_House,0,0,4.59,0,84.0
12,0,0,0,none,20,Santarém,urban,0.35,3,Apartment,0,0,4.04,0,84.0
4,5,1,0,none,54,Madeira,urban,0.65,3,Apartment,0,0,4.96,1,256.0
4,2,0,0,none,63,Setúbal,coastal,0.6,2,Apartment,0,1,3.7,0,112.0
9,2,0,0,none,34,Setúbal,coastal,0.6,2,Apartment,0,1,3.36,0,125.0
4,0,0,0,national_holiday,47,Lisboa,urban,0.92,5,House,1,1,3.24,1,408.0
5,6,1,0,concert,52,Leiria,coastal,0.4,3,Apartment,0,0,4.6,1,209.0
9,0,0,0,none,45,Aveiro,coastal,0.48,2,Apartment,0,0,3.85,0,101.0
8,6,1,0,none,5,Lisboa,urban,0.92,1,Shared_House,0,0,4.13,1,105.0
8,0,0,0,none,44,Castelo Branco,historic,0.28,4,Apartment,1,1,4.75,1,153.0
1,3,0,0,none,20,Braga,urban,0.58,3,House,1,0,4.36,0,154.0
6,0,0,0,none,11,Braga,urban,0.58,2,Shared_House,1,0,3.61,0,52.0
6,3,0,0,none,43,Faro,coastal,0.78,5,House,0,1,5.0,1,450.0
8,5,1,0,none,72,Leiria,coastal,0.4,5,Apartment,0,1,4.05,1,214.0
2,4,1,0,none,72,Vila Real,rural,0.22,5,Apartment,0,0,4.17,0,107.0
2,3,0,0,none,32,Faro,coastal,0.78,3,Room,1,0,3.84,0,96.0
10,0,0,0,none,52,Bragança,rural,0.15,2,Room,0,0,3.64,0,22.0
9,6,1,0,festival,17,Bragança,rural,0.15,2,Apartment,0,0,4.32,0,130.0
10,2,0,0,none,26,Viana do Castelo,coastal,0.38,2,House,1,0,3.48,0,106.0
4,3,0,0,none,40,Viana do Castelo,coastal,0.38,3,Apartment,0,0,4.16,0,101.0
12,6,1,0,none,36,Lisboa,urban,0.92,2,Apartment,0,0,4.99,1,314.0
4,4,1,0,national_holiday,58,Beja,rural,0.2,3,Shared_House,1,0,4.58,1,110.0
8,5,1,0,none,68,Aveiro,coastal,0.48,3,Apartment,0,0,4.3,1,177.0
2,1,0,0,festival,50,Portalegre,rural,0.18,4,Apartment,0,0,3.65,0,119.0
12,3,0,0,none,3,Coimbra,urban,0.55,1,House,0,1,4.17,1,151.0
4,3,0,0,none,74,Santarém,urban,0.35,4,Room,0,0,3.8,0,75.0
10,1,0,0,festival,41,Madeira,urban,0.65,3,Room,0,0,4.92,1,168.0
4,2,0,0,concert,76,Leiria,coastal,0.4,3,House,1,0,3.96,0,184.0
10,5,1,0,national_holiday,25,Madeira,urban,0.65,5,Room,0,0,3.81,1,208.0
6,6,1,0,none,56,Viseu,historic,0.32,2,Room,0,0,4.09,0,74.0
1,5,1,0,none,23,Porto,urban,0.85,5,Shared_House,0,0,3.81,1,137.0
3,6,1,0,concert,50,Faro,coastal,0.78,4,House,0,0,4.32,1,533.0
9,6,1,0,none,76,Faro,coastal,0.78,5,House,1,1,5.0,1,579.0
3,1,0,0,none,52,Portalegre,rural,0.18,2,Shared_House,0,0,4.2,0,20.0
4,5,1,0,fair,90,Porto,urban,0.85,2,Apartment,0,1,3.74,1,264.0
7,4,1,0,none,36,Guarda,rural,0.14,1,House,1,0,4.12,1,106.0
4,6,1,0,festival,12,Portalegre,rural,0.18,4,Room,0,0,3.56,1,119.0
2,4,1,1,national_holiday,43,Porto,urban,0.85,2,Shared_House,1,0,5.0,1,165.0
8,0,0,0,none,75,Coimbra,urban,0.55,2,Apartment,0,1,5.0,0,153.0
9,3,0,0,national_holiday,48,Braga,urban,0.58,5,House,0,0,4.82,1,285.0
9,5,1,0,none,56,Viseu,historic,0.32,3,Room,0,0,4.58,0,80.0
12,0,0,0,none,73,Bragança,rural,0.15,2,House,1,0,4.12,0,86.0
2,3,0,0,none,24,Coimbra,urban,0.55,4,Apartment,0,0,4.13,0,105.0
6,4,1,0,none,68,Évora,historic,0.52,2,Apartment,0,0,4.09,1,164.0
3,3,0,0,none,86,Castelo Branco,historic,0.28,3,Apartment,1,1,5.0,1,123.0
11,5,1,0,none,18,Leiria,coastal,0.4,2,Apartment,0,0,4.1,0,125.0
7,0,0,0,none,17,Castelo Branco,historic,0.28,3,Apartment,1,0,3.92,1,93.0
2,2,0,0,none,89,Guarda,rural,0.14,1,Room,0,0,4.15,0,20.0
9,6,1,0,concert,88,Açores,rural,0.3,4,Apartment,0,0,4.46,1,234.0
1,3,0,0,none,87,Coimbra,urban,0.55,2,Apartment,1,0,2.46,0,54.0
4,1,0,0,national_holiday,78,Viana do Castelo,coastal,0.38,2,House,1,1,4.4,1,223.0
9,0,0,0,none,26,Vila Real,rural,0.22,5,Apartment,1,0,2.93,0,94.0
7,4,1,0,none,51,Madeira,urban,0.65,4,Shared_House,0,0,4.94,1,151.0
10,6,1,0,national_holiday,90,Portalegre,rural,0.18,3,Apartment,0,0,3.34,0,118.0
7,0,0,0,fair,64,Coimbra,urban,0.55,5,Room,0,0,3.8,1,115.0
11,0,0,0,none,48,Braga,urban,0.58,2,Apartment,1,0,3.24,0,77.0
7,2,0,0,none,55,Viseu,historic,0.32,3,Shared_House,0,1,5.0,1,83.0
1,1,0,0,fair,21,Braga,urban,0.58,5,House,0,0,4.19,0,170.0
1,0,0,0,none,32,Guarda,rural,0.14,3,Shared_House,0,0,5.0,0,52.0
10,2,0,0,none,65,Lisboa,urban,0.92,2,House,0,0,5.0,0,230.0
1,4,1,0,festival,87,Coimbra,urban,0.55,4,Room,0,0,4.82,1,177.0
5,5,1,0,concert,5,Portalegre,rural,0.18,2,Apartment,0,0,3.5,0,94.0
1,2,0,0,festival,38,Lisboa,urban,0.92,2,Apartment,0,0,4.28,0,255.0
4,4,1,0,none,62,Leiria,coastal,0.4,4,Apartment,0,1,4.88,1,198.0
8,5,1,0,national_holiday,42,Guarda,rural,0.14,1,Room,0,0,4.39,1,78.0
3,0,0,0,none,76,Coimbra,urban,0.55,1,House,1,0,4.02,0,114.0
6,5,1,1,concert,59,Beja,rural,0.2,2,House,1,0,4.38,1,189.0
12,1,0,1,national_holiday,32,Beja,rural,0.2,2,Apartment,0,0,4.42,0,114.0
1,4,1,0,sports_event,69,Faro,coastal,0.78,3,Apartment,0,0,3.46,1,330.0
1,5,1,0,festival,31,Aveiro,coastal,0.48,4,House,0,1,3.92,1,305.0
4,5,1,0,none,38,Portalegre,rural,0.18,3,Apartment,1,0,4.53,1,119.0
10,2,0,0,festival,25,Faro,coastal,0.78,4,Apartment,1,0,4.64,0,346.0
5,4,1,0,fair,90,Coimbra,urban,0.55,1,Shared_House,0,0,4.32,1,72.0
8,0,0,0,none,37,Guarda,rural,0.14,2,Apartment,0,0,4.0,0,52.0
1,3,0,0,none,86,Setúbal,coastal,0.6,5,House,1,1,4.1,1,235.0
9,6,1,0,none,52,Castelo Branco,historic,0.28,3,Apartment,1,0,3.82,1,108.0
1,1,0,0,festival,12,Leiria,coastal,0.4,2,House,0,0,4.15,1,193.0
9,1,0,0,sports_event,69,Évora,historic,0.52,5,House,0,0,4.63,1,304.0
2,4,1,0,none,18,Bragança,rural,0.15,3,Room,0,0,5.0,0,77.0
11,3,0,0,none,80,Viana do Castelo,coastal,0.38,3,Room,1,0,3.6,1,58.0
4,3,0,0,sports_event,87,Braga,urban,0.58,2,Apartment,1,0,4.83,0,179.0
3,1,0,0,none,50,Castelo Branco,historic,0.28,3,Apartment,0,0,4.39,1,84.0
5,1,0,0,none,36,Guarda,rural,0.14,2,Apartment,1,0,3.4,0,53.0
1,5,1,0,none,43,Castelo Branco,historic,0.28,3,House,1,1,4.15,0,170.0
2,2,0,0,festival,70,Bragança,rural,0.15,4,Apartment,0,1,4.11,0,152.0
8,5,1,1,national_holiday,34,Porto,urban,0.85,3,House,1,0,4.2,1,451.0
4,3,0,0,festival,5,Leiria,coastal,0.4,1,Apartment,0,0,4.72,1,151.0
5,2,0,0,none,54,Açores,rural,0.3,1,House,0,0,5.0,1,139.0
10,1,0,0,concert,67,Guarda,rural,0.14,4,Apartment,0,0,4.85,1,122.0
2,4,1,0,none,14,Aveiro,coastal,0.48,5,Shared_House,0,0,4.31,1,115.0
5,1,0,0,national_holiday,33,Braga,urban,0.58,2,Shared_House,0,0,4.36,1,90.0
3,6,1,0,none,43,Porto,urban,0.85,2,Apartment,0,0,5.0,0,242.0
6,2,0,0,fair,56,Faro,coastal,0.78,3,Shared_House,0,0,3.67,1,125.0
4,5,1,0,fair,46,Vila Real,rural,0.22,4,Room,0,0,4.82,1,128.0
1,3,0,0,fair,68,Setúbal,coastal,0.6,5,Apartment,0,0,3.63,0,173.0
1,2,0,0,none,57,Viana do Castelo,coastal,0.38,3,House,1,1,3.44,0,120.0
11,3,0,0,fair,65,Coimbra,urban,0.55,2,Apartment,0,0,4.52,0,128.0
1,3,0,0,sports_event,7,Madeira,urban,0.65,4,Room,0,0,3.37,0,141.0
10,3,0,0,none,83,Viana do Castelo,coastal,0.38,4,Room,0,0,4.0,0,65.0
11,6,1,0,none,39,Porto,urban,0.85,2,House,0,0,4.89,1,333.0
6,4,1,0,festival,39,Beja,rural,0.2,3,House,1,0,3.74,1,202.0
4,0,0,0,national_holiday,69,Setúbal,coastal,0.6,2,Room,0,0,5.0,1,141.0
10,0,0,0,concert,38,Faro,coastal,0.78,2,House,1,1,3.07,0,337.0
12,0,0,0,none,71,Faro,coastal,0.78,4,House,1,1,4.72,0,395.0
2,4,1,0,sports_event,75,Setúbal,coastal,0.6,1,House,1,1,3.51,1,319.0
12,1,0,0,none,49,Coimbra,urban,0.55,4,Room,0,0,4.1,0,77.0
12,2,0,0,none,51,Madeira,urban,0.65,1,House,1,1,4.31,0,217.0
2,5,1,0,concert,79,Madeira,urban,0.65,2,Apartment,0,0,4.06,1,242.0
1,0,0,0,festival,68,Évora,historic,0.52,3,Apartment,0,1,4.07,1,203.0
9,1,0,0,concert,68,Madeira,urban,0.65,1,Apartment,0,0,3.47,1,171.0
1,0,0,0,none,63,Aveiro,coastal,0.48,3,House,1,0,4.91,0,163.0
8,1,0,0,none,72,Évora,historic,0.52,2,Apartment,1,0,3.59,0,115.0
1,0,0,0,concert,70,Porto,urban,0.85,4,Apartment,0,0,3.58,0,193.0
9,4,1,0,none,72,Leiria,coastal,0.4,5,Room,0,0,4.15,0,121.0
3,5,1,0,national_holiday,37,Évora,historic,0.52,3,Room,0,0,3.85,1,143.0
2,1,0,1,national_holiday,66,Santarém,urban,0.35,1,House,1,1,4.62,1,174.0
1,3,0,0,fair,47,Guarda,rural,0.14,4,Room,0,0,3.93,0,72.0
3,2,0,0,fair,78,Porto,urban,0.85,2,House,1,1,4.2,0,275.0
7,0,0,0,none,45,Porto,urban,0.85,2,House,1,1,4.26,0,311.0
1,3,0,0,none,9,Viana do Castelo,coastal,0.38,4,Apartment,0,0,4.69,0,136.0
10,4,1,1,concert,74,Santarém,urban,0.35,2,House,1,1,3.94,1,220.0
8,1,0,0,none,46,Faro,coastal,0.78,3,House,1,1,3.36,0,319.0
4,5,1,0,fair,4,Évora,historic,0.52,2,Apartment,1,0,3.8,1,194.0
12,6,1,0,none,75,Lisboa,urban,0.92,4,Room,1,0,4.77,1,189.0
8,0,0,0,fair,5,Braga,urban,0.58,3,Apartment,0,0,4.37,1,161.0
9,1,0,0,festival,10,Lisboa,urban,0.92,3,Apartment,0,0,4.01,1,295.0
3,2,0,0,fair,64,Vila Real,rural,0.22,3,Shared_House,0,0,4.23,0,56.0
9,5,1,0,none,14,Bragança,rural,0.15,2,Apartment,1,0,4.07,1,79.0
7,0,0,0,festival,25,Vila Real,rural,0.22,1,Apartment,0,0,4.59,0,115.0
12,3,0,0,national_holiday,37,Lisboa,urban,0.92,4,House,0,1,4.37,1,465.0
6,3,0,0,none,88,Lisboa,urban,0.92,5,Apartment,0,0,4.06,0,225.0
9,0,0,0,none,51,Aveiro,coastal,0.48,4,Room,1,0,4.66,1,114.0
5,0,0,0,none,88,Beja,rural,0.2,4,Apartment,1,0,4.79,0,92.0
1,0,0,0,festival,66,Aveiro,coastal,0.48,3,Shared_House,0,0,3.74,0,98.0
2,0,0,1,festival,26,Açores,rural,0.3,3,Apartment,0,0,3.75,0,172.0
11,3,0,0,festival,51,Beja,rural,0.2,3,Apartment,0,0,5.0,0,142.0
9,6,1,0,none,31,Santarém,urban,0.35,1,House,1,1,4.51,1,180.0
5,2,0,0,none,20,Beja,rural,0.2,3,Apartment,0,0,5.0,1,97.0
9,1,0,0,fair,49,Açores,rural,0.3,2,Apartment,0,0,4.65,1,154.0
1,1,0,0,sports_event,77,Setúbal,coastal,0.6,2,Apartment,0,0,4.43,0,182.0
1,6,1,0,none,72,Bragança,rural,0.15,4,Apartment,1,0,3.13,0,82.0
7,6,1,0,none,24,Vila Real,rural,0.22,2,Room,0,0,3.59,0,51.0
8,4,1,0,none,24,Évora,historic,0.52,4,Room,0,0,4.53,1,130.0
12,3,0,1,concert,78,Beja,rural,0.2,5,Apartment,0,0,3.75,0,141.0
10,1,0,0,sports_event,57,Castelo Branco,historic,0.28,5,House,0,1,4.13,0,210.0
4,6,1,0,festival,45,Setúbal,coastal,0.6,4,House,1,0,4.66,1,400.0
10,0,0,0,sports_event,75,Açores,rural,0.3,4,Apartment,0,0,4.27,0,193.0
6,1,0,0,fair,4,Braga,urban,0.58,2,House,1,1,4.4,1,219.0
10,4,1,0,none,68,Lisboa,urban,0.92,4,Shared_House,0,0,4.89,0,165.0
3,1,0,0,none,44,Açores,rural,0.3,3,Apartment,0,0,4.94,0,102.0
1,0,0,0,none,44,Faro,coastal,0.78,5,Apartment,0,0,4.17,0,198.0
1,4,1,0,national_holiday,59,Porto,urban,0.85,3,Apartment,1,0,4.84,1,331.0
12,0,0,0,festival,21,Évora,historic,0.52,3,House,0,0,3.72,1,286.0
1,1,0,0,festival,80,Viana do Castelo,coastal,0.38,4,Room,0,0,4.31,1,143.0
12,4,1,0,concert,8,Beja,rural,0.2,4,Apartment,0,1,4.48,1,170.0
9,1,0,0,none,53,Castelo Branco,historic,0.28,2,Apartment,0,0,4.15,1,68.0
2,5,1,0,none,43,Braga,urban,0.58,3,Apartment,1,0,4.09,1,146.0
11,0,0,0,sports_event,90,Viana do Castelo,coastal,0.38,3,Room,0,0,3.64,1,101.0
2,4,1,0,national_holiday,59,Braga,urban,0.58,3,House,1,0,4.18,1,280.0
2,0,0,0,none,35,Guarda,rural,0.14,5,Apartment,0,0,3.4,0,87.0
7,5,1,0,none,38,Castelo Branco,historic,0.28,3,Apartment,0,0,4.13,1,140.0
4,5,1,0,fair,23,Guarda,rural,0.14,4,Apartment,0,0,4.23,1,138.0
4,5,1,0,sports_event,5,Bragança,rural,0.15,2,Shared_House,0,0,4.57,1,97.0
3,1,0,0,festival,40,Portalegre,rural,0.18,1,House,1,1,3.61,0,118.0
8,1,0,0,none,2,Vila Real,rural,0.22,2,Apartment,0,0,4.37,0,80.0
1,6,1,0,none,60,Viseu,historic,0.32,3,Shared_House,0,0,4.48,1,80.0
3,5,1,0,none,82,Lisboa,urban,0.92,4,Shared_House,0,0,4.19,1,139.0
7,1,0,0,none,9,Beja,rural,0.2,3,Apartment,0,0,4.42,0,74.0
6,0,0,0,concert,88,Madeira,urban,0.65,3,Apartment,0,0,4.33,1,225.0
9,2,0,0,sports_event,9,Coimbra,urban,0.55,3,Shared_House,0,0,2.9,1,79.0
3,4,1,0,concert,43,Santarém,urban,0.35,5,Apartment,0,0,3.74,1,167.0
8,2,0,0,none,57,Vila Real,rural,0.22,2,Apartment,0,0,5.0,0,78.0
10,5,1,1,national_holiday,58,Évora,historic,0.52,2,Apartment,0,0,4.53,1,245.0
5,3,0,0,concert,35,Leiria,coastal,0.4,3,Room,0,0,3.9,0,97.0
4,6,1,0,none,5,Lisboa,urban,0.92,4,Apartment,0,0,4.38,0,305.0
7,6,1,0,none,71,Braga,urban,0.58,2,Apartment,0,0,4.56,1,162.0
7,3,0,0,none,42,Santarém,urban,0.35,1,Room,0,0,4.97,0,54.0
2,5,1,0,none,24,Açores,rural,0.3,3,Room,0,0,4.01,0,100.0
7,3,0,0,none,41,Portalegre,rural,0.18,2,Apartment,0,0,3.9,0,62.0
2,0,0,0,none,40,Açores,rural,0.3,1,Apartment,1,0,3.95,0,79.0
7,2,0,0,fair,54,Bragança,rural,0.15,2,House,1,1,3.91,0,130.0
12,2,0,0,none,47,Castelo Branco,historic,0.28,2,Apartment,0,0,3.9,1,68.0
7,6,1,0,festival,54,Beja,rural,0.2,3,House,1,0,4.29,1,225.0
10,5,1,0,festival,85,Santarém,urban,0.35,4,Apartment,1,0,3.99,1,195.0
4,1,0,0,festival,84,Aveiro,coastal,0.48,1,Room,0,0,4.17,1,95.0
12,0,0,0,none,1,Leiria,coastal,0.4,3,Apartment,0,0,5.0,0,129.0
10,3,0,0,none,58,Évora,historic,0.52,3,Apartment,0,0,3.72,0,117.0
12,3,0,1,national_holiday,20,Beja,rural,0.2,1,Apartment,0,0,4.37,1,117.0
9,5,1,0,none,7,Braga,urban,0.58,4,Apartment,0,0,3.63,1,162.0
8,1,0,0,national_holiday,9,Aveiro,coastal,0.48,1,House,1,0,4.66,1,257.0
7,5,1,0,none,58,Faro,coastal,0.78,5,House,0,1,4.76,0,565.0
12,2,0,0,none,90,Coimbra,urban,0.55,3,Room,0,0,3.77,0,42.0
11,2,0,0,national_holiday,71,Vila Real,rural,0.22,2,House,1,1,3.85,0,149.0
6,2,0,0,concert,12,Porto,urban,0.85,5,Apartment,0,0,4.53,1,263.0
2,6,1,0,concert,19,Açores,rural,0.3,3,Room,0,0,4.06,1,130.0
1,2,0,0,none,75,Vila Real,rural,0.22,2,Apartment,1,0,4.91,0,72.0
3,3,0,0,fair,55,Vila Real,rural,0.22,2,Room,0,0,3.6,0,64.0
1,6,1,0,festival,47,Açores,rural,0.3,3,House,0,0,4.74,0,329.0
3,0,0,0,sports_event,17,Viana do Castelo,coastal,0.38,4,Apartment,1,0,5.0,1,203.0
2,3,0,0,concert,71,Açores,rural,0.3,3,House,1,1,4.4,0,228.0
12,4,1,0,none,76,Madeira,urban,0.65,5,Shared_House,0,1,3.88,0,144.0
2,6,1,0,national_holiday,28,Guarda,rural,0.14,5,Apartment,1,0,3.81,0,157.0
8,0,0,0,national_holiday,90,Setúbal,coastal,0.6,2,House,0,0,4.12,0,303.0
5,5,1,0,festival,43,Braga,urban,0.58,5,Apartment,0,0,4.54,1,231.0
3,5,1,0,none,4,Beja,rural,0.2,1,Apartment,0,0,3.45,0,65.0
9,2,0,0,concert,89,Aveiro,coastal,0.48,5,Apartment,0,1,4.05,0,203.0
12,5,1,0,none,18,Portalegre,rural,0.18,2,Apartment,0,0,4.27,1,81.0
10,3,0,0,festival,9,Porto,urban,0.85,2,Apartment,0,0,4.98,1,266.0
12,4,1,0,none,41,Aveiro,coastal,0.48,3,Room,0,0,5.0,1,104.0
8,2,0,0,concert,56,Braga,urban,0.58,2,Apartment,0,0,4.13,0,151.0
9,1,0,0,national_holiday,57,Lisboa,urban,0.92,4,House,0,0,3.65,1,400.0
2,5,1,0,none,87,Beja,rural,0.2,2,Apartment,1,0,4.27,0,76.0
11,1,0,0,sports_event,42,Viseu,historic,0.32,3,Apartment,1,0,4.29,0,142.0
9,1,0,0,fair,12,Lisboa,urban,0.92,5,House,1,0,4.79,0,430.0
4,6,1,0,none,41,Viseu,historic,0.32,3,House,0,1,3.98,1,188.0
5,6,1,0,none,76,Vila Real,rural,0.22,3,House,1,0,3.71,0,135.0
8,4,1,0,none,2,Lisboa,urban,0.92,5,House,1,0,4.19,1,533.0
1,4,1,0,concert,25,Lisboa,urban,0.92,1,House,0,0,4.03,1,413.0
10,2,0,0,none,61,Leiria,coastal,0.4,2,Apartment,1,0,4.02,1,83.0
4,4,1,0,none,19,Lisboa,urban,0.92,2,Apartment,1,0,3.77,0,260.0
1,4,1,0,none,44,Braga,urban,0.58,2,Apartment,0,0,3.57,1,91.0
4,3,0,0,none,15,Guarda,rural,0.14,2,Apartment,0,0,4.51,0,66.0
11,4,1,0,none,12,Leiria,coastal,0.4,3,Apartment,1,0,4.33,1,167.0
4,3,0,0,festival,67,Évora,historic,0.52,2,House,1,0,3.8,0,257.0
7,6,1,0,none,71,Guarda,rural,0.14,3,Apartment,0,0,4.61,1,105.0
10,4,1,0,concert,4,Braga,urban,0.58,4,House,1,1,3.28,1,296.0
1,2,0,0,sports_event,49,Faro,coastal,0.78,3,Apartment,0,0,4.0,1,252.0
10,4,1,0,fair,38,Beja,rural,0.2,3,Shared_House,0,0,4.31,1,76.0
4,1,0,0,none,34,Évora,historic,0.52,2,Room,1,0,4.75,0,82.0
9,1,0,0,festival,63,Évora,historic,0.52,4,Shared_House,0,0,3.92,1,123.0
3,5,1,0,concert,58,Vila Real,rural,0.22,3,House,1,0,4.76,1,183.0
2,4,1,0,none,13,Leiria,coastal,0.4,4,Shared_House,0,0,3.87,1,83.0
10,0,0,0,none,88,Setúbal,coastal,0.6,3,Apartment,0,1,4.61,0,168.0
10,2,0,0,none,21,Santarém,urban,0.35,3,House,1,1,5.0,1,160.0
12,6,1,0,festival,50,Évora,historic,0.52,2,Room,0,0,3.7,1,122.0
9,4,1,0,none,14,Madeira,urban,0.65,2,House,1,1,4.28,1,370.0
6,6,1,0,national_holiday,55,Viseu,historic,0.32,3,Apartment,0,0,4.47,1,164.0
3,3,0,0,concert,3,Viana do Castelo,coastal,0.38,3,House,1,0,3.58,1,183.0
4,0,0,0,sports_event,25,Vila Real,rural,0.22,3,Shared_House,0,0,4.42,0,87.0
8,1,0,0,national_holiday,42,Porto,urban,0.85,4,House,0,1,3.92,1,388.0
5,0,0,0,sports_event,9,Vila Real,rural,0.22,1,Apartment,0,1,3.78,0,109.0
6,5,1,0,none,45,Braga,urban,0.58,5,Apartment,0,0,3.99,0,171.0
3,5,1,0,none,53,Guarda,rural,0.14,5,Apartment,0,0,3.95,1,102.0
6,3,0,0,concert,86,Castelo Branco,historic,0.28,2,Room,1,0,4.6,1,101.0
3,5,1,0,none,34,Évora,historic,0.52,1,House,1,0,4.2,1,223.0
2,3,0,0,national_holiday,66,Açores,rural,0.3,3,Apartment,1,0,5.0,0,188.0
2,5,1,0,none,24,Setúbal,coastal,0.6,1,Room,0,0,3.93,0,67.0
7,4,1,0,none,88,Coimbra,urban,0.55,2,Apartment,0,0,4.44,1,144.0
5,3,0,0,concert,87,Setúbal,coastal,0.6,3,Room,0,0,4.12,1,124.0
2,4,1,0,fair,69,Portalegre,rural,0.18,3,Room,0,0,3.56,1,70.0
7,2,0,0,fair,20,Vila Real,rural,0.22,2,Room,1,0,5.0,1,77.0
2,5,1,0,none,89,Portalegre,rural,0.18,5,Shared_House,0,0,4.26,0,89.0
1,6,1,1,national_holiday,36,Viana do Castelo,coastal,0.38,2,Room,0,0,3.81,1,103.0
2,1,0,0,sports_event,23,Braga,urban,0.58,2,Apartment,0,1,4.4,1,176.0
6,4,1,0,fair,37,Porto,urban,0.85,2,Apartment,0,0,4.72,1,290.0
12,0,0,0,none,16,Guarda,rural,0.14,5,Shared_House,0,0,3.78,0,77.0
3,2,0,0,festival,33,Guarda,rural,0.14,4,House,1,0,4.23,0,165.0
4,4,1,0,none,36,Açores,rural,0.3,1,Apartment,1,0,4.72,0,153.0
3,1,0,0,concert,90,Guarda,rural,0.14,4,Room,0,0,4.28,0,96.0
5,1,0,0,none,45,Açores,rural,0.3,1,House,0,0,4.48,0,132.0
9,2,0,0,national_holiday,67,Braga,urban,0.58,1,Apartment,0,0,4.07,0,131.0
4,0,0,0,none,75,Viseu,historic,0.32,1,Apartment,0,0,3.41,0,44.0
8,4,1,0,sports_event,86,Castelo Branco,historic,0.28,4,Room,0,0,4.07,1,131.0
11,0,0,0,concert,49,Setúbal,coastal,0.6,3,Room,0,0,3.92,1,115.0
12,2,0,1,national_holiday,53,Madeira,urban,0.65,3,Shared_House,0,0,4.15,0,143.0
7,2,0,0,none,86,Leiria,coastal,0.4,1,Room,0,0,3.93,1,23.0
9,6,1,0,festival,62,Vila Real,rural,0.22,5,Apartment,1,0,4.29,1,198.0
12,6,1,0,festival,26,Braga,urban,0.58,5,Apartment,1,0,4.03,1,253.0
10,0,0,0,sports_event,54,Viana do Castelo,coastal,0.38,2,Apartment,1,0,4.6,1,171.0
4,1,0,0,festival,53,Viseu,historic,0.32,3,Apartment,0,0,4.51,1,148.0
2,5,1,0,none,53,Santarém,urban,0.35,3,Room,0,1,3.74,0,78.0
2,2,0,0,national_holiday,59,Lisboa,urban,0.92,5,Apartment,0,1,4.83,0,346.0
11,4,1,0,none,39,Madeira,urban,0.65,3,House,1,0,3.84,1,316.0
7,6,1,0,festival,15,Beja,rural,0.2,2,Room,0,0,3.64,1,99.0
4,1,0,0,national_holiday,33,Viseu,historic,0.32,2,Room,1,0,4.73,1,133.0
5,6,1,0,fair,71,Guarda,rural,0.14,3,Apartment,0,0,3.9,0,102.0
4,0,0,0,none,90,Portalegre,rural,0.18,3,Apartment,1,0,4.25,0,85.0
10,1,0,0,none,58,Setúbal,coastal,0.6,1,Apartment,0,0,3.56,0,79.0
8,3,0,0,festival,71,Porto,urban,0.85,4,House,0,0,4.02,0,401.0
11,6,1,0,none,18,Madeira,urban,0.65,4,Room,1,0,4.14,0,132.0
4,3,0,0,sports_event,71,Portalegre,rural,0.18,3,House,1,1,4.0,0,172.0
6,0,0,1,festival,38,Faro,coastal,0.78,3,Apartment,1,0,3.94,1,372.0
2,1,0,0,none,64,Viana do Castelo,coastal,0.38,3,House,1,0,4.22,0,125.0
12,5,1,0,none,58,Braga,urban,0.58,3,Apartment,0,0,4.7,1,172.0
7,3,0,0,sports_event,69,Castelo Branco,historic,0.28,1,Room,0,0,3.73,0,73.0
7,0,0,0,concert,67,Portalegre,rural,0.18,3,Apartment,1,0,2.94,0,85.0
5,3,0,0,none,59,Santarém,urban,0.35,3,Apartment,1,0,4.82,1,107.0
4,2,0,0,none,38,Setúbal,coastal,0.6,5,Apartment,1,0,3.87,0,149.0
12,0,0,0,none,74,Évora,historic,0.52,1,House,1,0,3.91,0,131.0
6,1,0,0,festival,66,Viana do Castelo,coastal,0.38,2,Apartment,0,0,3.93,1,150.0
9,6,1,0,concert,13,Beja,rural,0.2,3,Apartment,0,0,3.54,0,125.0
1,4,1,0,fair,24,Açores,rural,0.3,4,Room,1,0,4.0,0,130.0
4,0,0,0,national_holiday,25,Viseu,historic,0.32,3,Apartment,1,0,4.06,1,139.0
10,0,0,0,festival,28,Madeira,urban,0.65,2,Apartment,0,0,4.42,1,242.0
2,2,0,0,fair,64,Castelo Branco,historic,0.28,3,Apartment,1,0,3.93,0,109.0
2,3,0,0,none,2,Portalegre,rural,0.18,2,Apartment,0,0,2.98,0,47.0
10,3,0,0,festival,24,Madeira,urban,0.65,3,House,1,1,3.53,1,360.0
4,4,1,0,festival,44,Setúbal,coastal,0.6,3,Apartment,0,0,4.76,1,276.0
4,1,0,0,concert,17,Beja,rural,0.2,3,Apartment,0,0,3.78,0,86.0
7,0,0,0,concert,17,Braga,urban,0.58,3,Shared_House,0,0,4.47,1,110.0
3,4,1,0,none,39,Faro,coastal,0.78,1,House,0,0,3.84,1,357.0
1,6,1,0,fair,55,Viana do Castelo,coastal,0.38,3,Room,0,0,4.61,1,129.0
1,1,0,0,fair,31,Leiria,coastal,0.4,5,Room,1,0,4.25,0,114.0
1,2,0,0,national_holiday,87,Setúbal,coastal,0.6,3,Apartment,0,1,3.47,0,195.0
2,4,1,0,none,38,Aveiro,coastal,0.48,4,House,1,0,3.61,0,207.0
9,1,0,0,national_holiday,90,Açores,rural,0.3,3,House,1,0,3.46,0,210.0
4,6,1,0,concert,51,Porto,urban,0.85,4,Apartment,1,0,4.66,1,338.0
1,1,0,0,sports_event,34,Setúbal,coastal,0.6,2,Apartment,0,0,3.57,0,145.0
1,3,0,0,none,11,Coimbra,urban,0.55,5,Apartment,0,0,4.02,0,132.0
6,2,0,0,fair,67,Bragança,rural,0.15,2,Apartment,1,0,4.16,0,82.0
11,4,1,0,concert,49,Viseu,historic,0.32,2,Apartment,0,0,4.31,1,142.0
5,1,0,0,festival,87,Faro,coastal,0.78,1,Apartment,0,1,3.97,1,301.0
1,0,0,0,national_holiday,88,Leiria,coastal,0.4,3,House,1,0,3.41,1,189.0
3,3,0,0,none,48,Castelo Branco,historic,0.28,3,Apartment,0,0,3.6,0,54.0
6,6,1,0,sports_event,23,Açores,rural,0.3,3,Room,0,0,3.67,1,137.0
3,4,1,0,none,31,Faro,coastal,0.78,2,Apartment,1,0,2.88,0,216.0
12,5,1,0,none,7,Vila Real,rural,0.22,3,House,1,0,4.42,1,141.0
10,3,0,0,none,15,Faro,coastal,0.78,2,Room,0,0,4.45,1,113.0
5,0,0,0,none,38,Santarém,urban,0.35,4,Apartment,0,0,3.66,0,103.0
12,2,0,0,none,16,Viana do Castelo,coastal,0.38,2,Apartment,0,0,4.85,1,100.0
4,6,1,0,none,78,Porto,urban,0.85,3,Apartment,0,0,4.15,1,226.0
2,5,1,0,none,77,Madeira,urban,0.65,2,Apartment,0,0,4.62,1,210.0
12,4,1,1,sports_event,16,Viana do Castelo,coastal,0.38,2,Apartment,1,0,4.59,1,188.0
12,2,0,0,none,24,Viseu,historic,0.32,4,House,1,0,4.13,0,143.0
4,4,1,0,none,75,Coimbra,urban,0.55,5,House,1,0,3.19,1,210.0
8,4,1,0,none,25,Beja,rural,0.2,3,Apartment,1,0,4.3,1,111.0
3,4,1,0,none,24,Faro,coastal,0.78,3,Shared_House,0,0,4.46,0,146.0
8,6,1,0,none,68,Braga,urban,0.58,2,Shared_House,1,0,3.87,1,78.0
9,4,1,0,national_holiday,37,Açores,rural,0.3,3,Apartment,1,0,4.28,1,248.0
9,1,0,0,festival,76,Bragança,rural,0.15,3,Room,0,0,4.19,0,90.0
7,1,0,0,none,48,Madeira,urban,0.65,4,Apartment,0,0,3.72,0,181.0
9,4,1,0,festival,19,Beja,rural,0.2,3,Room,0,0,4.15,1,118.0
7,6,1,0,none,14,Setúbal,coastal,0.6,3,Room,1,0,3.95,1,129.0
10,6,1,0,sports_event,62,Santarém,urban,0.35,5,Apartment,1,0,4.39,0,209.0
3,4,1,0,national_holiday,41,Vila Real,rural,0.22,1,Apartment,1,0,3.9,0,108.0
6,3,0,0,none,41,Beja,rural,0.2,3,House,1,0,3.84,0,105.0
5,5,1,0,none,62,Castelo Branco,historic,0.28,3,Apartment,0,0,3.38,1,92.0
7,6,1,0,festival,25,Vila Real,rural,0.22,2,House,1,1,5.0,0,233.0
2,0,0,0,none,90,Leiria,coastal,0.4,1,Room,0,0,3.97,0,20.0
4,2,0,0,none,47,Açores,rural,0.3,3,Apartment,0,1,3.63,0,94.0
12,2,0,0,sports_event,78,Leiria,coastal,0.4,2,Apartment,1,0,4.5,1,154.0
2,3,0,0,festival,70,Açores,rural,0.3,4,House,1,0,4.29,0,235.0
8,2,0,1,national_holiday,55,Portalegre,rural,0.18,2,House,1,0,4.47,0,182.0
8,2,0,0,concert,9,Santarém,urban,0.35,2,House,1,0,4.53,1,183.0
6,0,0,1,national_holiday,67,Santarém,urban,0.35,3,Apartment,1,0,4.75,1,189.0
1,0,0,0,none,7,Aveiro,coastal,0.48,2,House,1,0,3.67,0,132.0
1,3,0,0,sports_event,67,Coimbra,urban,0.55,1,Apartment,0,0,4.27,0,114.0
4,6,1,0,festival,83,Viana do Castelo,coastal,0.38,3,Apartment,0,1,3.41,1,204.0
2,2,0,0,festival,48,Bragança,rural,0.15,3,Apartment,1,0,4.05,1,112.0
2,1,0,0,sports_event,87,Setúbal,coastal,0.6,3,Room,1,0,4.54,0,132.0
2,1,0,0,sports_event,57,Portalegre,rural,0.18,3,Room,1,0,3.75,0,87.0
3,6,1,0,fair,48,Coimbra,urban,0.55,3,Room,1,1,5.0,1,153.0
11,4,1,0,festival,48,Vila Real,rural,0.22,4,Room,0,0,4.21,1,111.0
8,4,1,0,none,13,Lisboa,urban,0.92,2,Apartment,0,0,3.29,1,248.0
1,1,0,0,concert,6,Guarda,rural,0.14,4,Room,0,0,4.55,0,90.0
8,6,1,0,none,8,Beja,rural,0.2,1,Room,0,0,5.0,1,54.0
2,1,0,0,concert,81,Açores,rural,0.3,3,Room,0,0,3.08,0,84.0
6,6,1,0,none,15,Castelo Branco,historic,0.28,2,Room,0,0,4.56,1,62.0
1,6,1,0,none,58,Lisboa,urban,0.92,3,Apartment,0,0,3.71,0,212.0
2,3,0,0,sports_event,26,Viseu,historic,0.32,1,Apartment,0,0,4.17,1,127.0
2,6,1,0,festival,35,Aveiro,coastal,0.48,2,Room,0,0,3.55,1,114.0
6,6,1,0,none,62,Açores,rural,0.3,2,Apartment,1,0,4.63,0,183.0
6,4,1,0,none,79,Beja,rural,0.2,2,Apartment,0,0,4.04,0,81.0
5,5,1,0,concert,10,Aveiro,coastal,0.48,2,Shared_House,0,0,4.78,1,99.0
8,4,1,0,national_holiday,48,Setúbal,coastal,0.6,3,Shared_House,0,0,3.69,0,130.0
9,3,0,0,none,13,Aveiro,coastal,0.48,2,Apartment,0,0,4.1,1,117.0
9,2,0,0,none,19,Beja,rural,0.2,3,Apartment,0,0,3.04,1,48.0
7,4,1,0,none,65,Beja,rural,0.2,2,Apartment,0,0,5.0,1,104.0
7,1,0,0,none,3,Setúbal,coastal,0.6,1,Apartment,0,1,5.0,1,195.0
6,1,0,0,none,24,Castelo Branco,historic,0.28,2,Apartment,0,0,5.0,1,94.0
3,1,0,0,fair,51,Santarém,urban,0.35,3,Apartment,0,0,4.97,0,121.0
6,0,0,0,festival,20,Santarém,urban,0.35,3,Room,1,0,3.9,1,115.0
1,6,1,0,none,35,Viseu,historic,0.32,4,Apartment,1,0,4.18,1,127.0
12,1,0,0,none,53,Vila Real,rural,0.22,2,Apartment,0,0,4.35,0,60.0
5,5,1,0,none,82,Madeira,urban,0.65,3,House,1,0,4.39,0,369.0
10,3,0,0,none,8,Setúbal,coastal,0.6,3,Apartment,1,0,3.65,0,149.0
12,2,0,0,none,46,Madeira,urban,0.65,4,Room,0,0,3.63,0,80.0
6,1,0,0,none,57,Évora,historic,0.52,4,Apartment,0,0,3.53,0,126.0
11,5,1,0,sports_event,44,Setúbal,coastal,0.6,2,Apartment,0,0,3.99,1,247.0
6,3,0,0,none,2,Madeira,urban,0.65,5,Apartment,1,0,4.04,0,241.0
2,3,0,0,festival,69,Lisboa,urban,0.92,2,Apartment,1,0,3.97,0,244.0
1,4,1,0,fair,21,Porto,urban,0.85,5,Apartment,0,0,4.33,1,288.0
2,5,1,0,none,9,Açores,rural,0.3,2,Shared_House,1,0,3.51,1,68.0
12,4,1,0,none,41,Évora,historic,0.52,3,Room,0,0,3.77,1,87.0
6,3,0,0,fair,18,Leiria,coastal,0.4,3,Shared_House,0,1,3.82,0,97.0
4,6,1,0,none,57,Faro,coastal,0.78,1,House,1,1,4.61,1,479.0
6,6,1,0,none,49,Portalegre,rural,0.18,4,Apartment,0,0,4.3,1,121.0
4,6,1,0,concert,19,Coimbra,urban,0.55,1,Shared_House,1,0,4.37,1,88.0
11,0,0,0,festival,83,Faro,coastal,0.78,2,Room,0,0,3.73,1,150.0
12,6,1,0,national_holiday,80,Aveiro,coastal,0.48,2,Apartment,0,1,4.22,1,207.0
2,1,0,0,none,29,Madeira,urban,0.65,5,Room,1,0,3.81,0,120.0
9,4,1,0,none,83,Évora,historic,0.52,5,House,0,1,3.83,1,302.0
5,4,1,0,none,30,Castelo Branco,historic,0.28,3,House,1,0,4.38,0,154.0
1,1,0,0,none,44,Évora,historic,0.52,3,Room,0,0,3.88,0,69.0
12,0,0,0,festival,51,Porto,urban,0.85,2,Shared_House,1,0,4.15,1,123.0
1,6,1,0,none,25,Açores,rural,0.3,3,Room,0,0,4.07,0,78.0
3,6,1,0,none,55,Viseu,historic,0.32,5,Room,0,0,3.61,0,90.0
1,1,0,0,none,10,Viseu,historic,0.32,4,House,1,0,3.91,0,116.0
6,4,1,0,none,55,Vila Real,rural,0.22,3,Apartment,0,1,3.92,1,122.0
8,1,0,0,none,85,Aveiro,coastal,0.48,2,House,0,0,4.01,1,167.0
4,3,0,0,sports_event,30,Coimbra,urban,0.55,4,House,1,0,3.3,1,200.0
1,2,0,0,none,13,Portalegre,rural,0.18,5,Apartment,0,0,3.84,0,87.0
2,5,1,0,concert,53,Faro,coastal,0.78,5,House,1,1,4.66,1,588.0
12,4,1,0,none,27,Coimbra,urban,0.55,3,Apartment,1,0,4.42,1,160.0
10,3,0,0,none,67,Setúbal,coastal,0.6,2,Apartment,0,0,4.0,0,101.0
12,4,1,0,national_holiday,30,Bragança,rural,0.15,5,Room,1,0,3.61,1,136.0
7,3,0,0,national_holiday,6,Portalegre,rural,0.18,3,Room,0,0,4.25,1,98.0
7,0,0,0,none,25,Braga,urban,0.58,1,Apartment,0,0,4.68,1,120.0
10,4,1,1,national_holiday,75,Beja,rural,0.2,1,Room,0,1,4.96,0,111.0
8,5,1,0,fair,1,Guarda,rural,0.14,3,Apartment,0,0,3.94,1,117.0
6,3,0,0,festival,80,Madeira,urban,0.65,4,House,1,0,3.67,1,358.0
4,1,0,0,none,19,Madeira,urban,0.65,5,Room,0,0,4.44,0,126.0
6,0,0,0,none,25,Santarém,urban,0.35,5,Shared_House,0,1,4.38,1,101.0
1,2,0,0,none,68,Faro,coastal,0.78,3,Apartment,1,0,4.21,0,173.0
3,5,1,0,concert,84,Bragança,rural,0.15,5,Room,0,0,3.88,1,121.0
9,2,0,0,festival,19,Castelo Branco,historic,0.28,2,Room,0,0,3.55,1,87.0
11,6,1,0,none,83,Santarém,urban,0.35,1,Apartment,0,0,4.54,1,86.0
2,2,0,0,none,69,Castelo Branco,historic,0.28,1,Apartment,1,0,4.65,0,70.0
2,2,0,0,none,3,Viseu,historic,0.32,4,Room,0,0,4.02,0,80.0
2,5,1,0,concert,38,Braga,urban,0.58,5,Apartment,0,1,5.0,1,255.0
10,4,1,0,fair,23,Coimbra,urban,0.55,4,House,1,0,4.32,0,283.0
4,0,0,0,festival,8,Coimbra,urban,0.55,5,Apartment,0,0,4.11,1,215.0
4,0,0,0,concert,84,Santarém,urban,0.35,3,House,1,1,3.61,0,186.0
1,1,0,0,none,75,Beja,rural,0.2,4,Apartment,1,0,3.35,0,91.0
12,6,1,1,festival,79,Aveiro,coastal,0.48,2,Apartment,1,0,3.94,1,184.0
6,0,0,0,none,58,Braga,urban,0.58,4,Apartment,0,0,4.38,0,142.0
10,0,0,0,none,66,Bragança,rural,0.15,4,Room,1,0,5.0,0,86.0
9,5,1,0,none,56,Aveiro,coastal,0.48,3,House,0,1,4.23,1,265.0
2,4,1,0,fair,5,Guarda,rural,0.14,1,House,1,0,4.5,1,110.0
10,6,1,0,none,14,Guarda,rural,0.14,2,Room,0,0,3.79,1,31.0
7,1,0,0,none,80,Coimbra,urban,0.55,5,Apartment,0,0,4.3,0,167.0
8,4,1,0,fair,57,Viseu,historic,0.32,3,Apartment,1,0,4.24,1,163.0
3,0,0,0,concert,30,Santarém,urban,0.35,3,House,1,0,3.73,0,153.0
11,4,1,0,none,72,Braga,urban,0.58,5,Apartment,1,0,4.87,0,184.0
12,0,0,0,none,48,Leiria,coastal,0.4,2,Apartment,0,1,4.13,0,110.0
5,6,1,0,fair,90,Açores,rural,0.3,2,Room,0,0,4.75,1,112.0
2,2,0,0,none,45,Vila Real,rural,0.22,4,Shared_House,0,0,4.2,0,58.0
11,1,0,0,none,61,Vila Real,rural,0.22,2,Apartment,0,0,4.03,0,60.0
11,6,1,0,none,89,Leiria,coastal,0.4,3,Apartment,0,0,3.81,1,122.0
7,0,0,0,none,39,Açores,rural,0.3,4,House,0,0,4.02,0,188.0
7,5,1,0,festival,84,Viseu,historic,0.32,3,Room,0,0,4.93,1,139.0
3,3,0,0,concert,74,Castelo Branco,historic,0.28,2,Apartment,1,0,3.75,1,73.0
1,4,1,0,none,4,Coimbra,urban,0.55,1,Room,0,0,4.53,1,38.0
12,1,0,0,national_holiday,5,Viana do Castelo,coastal,0.38,4,Shared_House,0,0,4.04,1,118.0
6,6,1,0,festival,9,Coimbra,urban,0.55,3,Apartment,0,0,4.49,1,228.0
4,3,0,0,festival,38,Setúbal,coastal,0.6,4,Apartment,0,0,4.3,1,219.0
9,2,0,0,none,74,Guarda,rural,0.14,3,Room,0,0,3.53,0,38.0
1,3,0,0,none,66,Madeira,urban,0.65,2,Apartment,1,0,4.28,0,144.0
1,2,0,0,festival,67,Açores,rural,0.3,2,Apartment,0,0,5.0,0,160.0
3,2,0,0,sports_event,33,Vila Real,rural,0.22,3,Room,0,0,4.35,1,101.0
6,0,0,0,none,5,Leiria,coastal,0.4,4,House,1,0,4.66,1,205.0
5,3,0,0,none,6,Bragança,rural,0.15,3,House,0,1,4.35,1,128.0
3,3,0,0,none,13,Vila Real,rural,0.22,3,House,1,0,4.59,0,113.0
5,2,0,0,none,10,Castelo Branco,historic,0.28,4,House,1,1,3.84,0,148.0
5,6,1,0,none,86,Évora,historic,0.52,2,Room,0,0,4.14,0,80.0
7,0,0,0,none,16,Lisboa,urban,0.92,5,Room,1,0,4.64,1,173.0
7,6,1,0,none,29,Portalegre,rural,0.18,3,Room,0,0,4.02,0,62.0
11,6,1,0,fair,75,Bragança,rural,0.15,3,House,1,1,4.74,1,169.0
10,0,0,0,concert,19,Viseu,historic,0.32,2,Room,0,0,3.7,0,76.0
4,4,1,0,none,65,Aveiro,coastal,0.48,2,Room,0,0,4.23,1,66.0
11,1,0,0,none,42,Açores,rural,0.3,4,House,1,1,4.07,0,192.0
7,0,0,0,none,69,Castelo Branco,historic,0.28,2,Apartment,1,0,5.0,1,99.0
3,6,1,0,none,28,Açores,rural,0.3,4,Apartment,1,0,4.01,0,167.0
5,0,0,0,concert,82,Beja,rural,0.2,3,House,1,0,4.41,1,144.0
9,2,0,0,none,66,Castelo Branco,historic,0.28,3,Apartment,0,0,3.2,0,75.0
10,0,0,0,fair,28,Guarda,rural,0.14,2,Apartment,0,1,3.62,0,85.0
5,0,0,0,none,60,Viana do Castelo,coastal,0.38,5,Apartment,1,0,4.35,0,158.0
2,0,0,0,national_holiday,67,Santarém,urban,0.35,5,Apartment,0,0,4.07,0,151.0
3,5,1,0,concert,89,Aveiro,coastal,0.48,2,House,0,0,4.08,1,256.0
2,0,0,0,sports_event,33,Bragança,rural,0.15,3,House,1,0,4.04,0,143.0
9,5,1,0,national_holiday,88,Coimbra,urban,0.55,5,House,1,1,4.11,1,328.0
7,1,0,0,none,71,Faro,coastal,0.78,1,Room,0,0,3.34,0,73.0
6,6,1,0,none,40,Guarda,rural,0.14,2,Apartment,0,0,4.16,0,80.0
9,5,1,0,none,63,Viana do Castelo,coastal,0.38,5,Room,1,0,4.09,1,124.0
10,4,1,0,concert,51,Viana do Castelo,coastal,0.38,3,Room,0,0,4.73,1,129.0
10,5,1,0,fair,90,Leiria,coastal,0.4,5,Room,0,0,4.62,1,136.0
2,2,0,0,none,6,Viseu,historic,0.32,2,Room,0,0,2.79,0,15.0
8,5,1,0,sports_event,69,Coimbra,urban,0.55,3,Apartment,1,0,3.83,1,200.0
11,1,0,0,none,75,Évora,historic,0.52,3,House,1,0,5.0,0,171.0
10,4,1,0,none,1,Coimbra,urban,0.55,3,Room,0,0,4.65,1,103.0
4,6,1,0,festival,46,Guarda,rural,0.14,5,Apartment,0,0,4.45,0,177.0
5,5,1,0,none,63,Lisboa,urban,0.92,3,Apartment,0,0,3.95,1,264.0
11,1,0,0,none,77,Guarda,rural,0.14,5,House,1,0,4.57,0,104.0
1,5,1,0,concert,10,Santarém,urban,0.35,2,Apartment,0,0,3.44,1,110.0
7,6,1,0,festival,26,Aveiro,coastal,0.48,5,Shared_House,0,0,3.92,1,155.0
2,6,1,0,festival,50,Porto,urban,0.85,4,Room,0,0,4.37,1,213.0
11,5,1,0,none,58,Viana do Castelo,coastal,0.38,2,Apartment,0,1,4.5,1,142.0
1,5,1,0,none,15,Santarém,urban,0.35,3,House,1,1,4.31,0,183.0
1,5,1,0,sports_event,75,Leiria,coastal,0.4,2,Room,1,0,4.4,1,121.0
4,5,1,0,fair,45,Guarda,rural,0.14,2,House,0,1,4.28,0,145.0
3,0,0,0,none,37,Viseu,historic,0.32,5,House,1,0,4.04,0,159.0
6,5,1,0,concert,72,Leiria,coastal,0.4,5,Apartment,0,0,4.87,1,224.0
4,1,0,0,concert,47,Açores,rural,0.3,1,Shared_House,0,0,5.0,1,103.0
5,3,0,0,concert,27,Lisboa,urban,0.92,2,Apartment,0,0,4.17,1,241.0
7,2,0,0,festival,40,Viana do Castelo,coastal,0.38,2,Apartment,0,0,3.61,1,149.0
7,1,0,0,none,14,Aveiro,coastal,0.48,4,Apartment,0,0,4.08,1,147.0
12,1,0,0,concert,76,Viana do Castelo,coastal,0.38,3,Room,0,0,4.24,0,92.0
6,0,0,0,none,29,Aveiro,coastal,0.48,3,House,1,0,3.1,0,169.0
7,3,0,0,none,32,Santarém,urban,0.35,3,Apartment,0,0,4.87,1,117.0
9,2,0,0,none,16,Viseu,historic,0.32,5,House,1,0,3.88,0,151.0
3,2,0,0,none,34,Lisboa,urban,0.92,2,Shared_House,0,0,3.79,0,70.0
9,0,0,0,none,17,Vila Real,rural,0.22,2,House,1,1,4.03,0,102.0
11,4,1,0,fair,5,Açores,rural,0.3,3,Apartment,0,0,3.96,1,171.0
4,1,0,0,none,63,Coimbra,urban,0.55,5,Apartment,1,1,4.23,0,148.0
3,5,1,0,none,34,Viseu,historic,0.32,4,Apartment,0,0,4.59,0,137.0
5,0,0,0,national_holiday,64,Porto,urban,0.85,5,Shared_House,0,0,4.84,1,178.0
4,0,0,0,none,21,Braga,urban,0.58,5,Apartment,0,0,4.6,1,153.0
8,2,0,0,none,48,Viana do Castelo,coastal,0.38,2,Apartment,1,0,3.73,0,96.0
11,2,0,0,fair,19,Castelo Branco,historic,0.28,3,Apartment,1,0,4.15,0,97.0
8,6,1,0,national_holiday,23,Leiria,coastal,0.4,4,Apartment,1,0,4.25,1,216.0
2,3,0,0,sports_event,88,Beja,rural,0.2,1,Apartment,1,0,4.35,1,90.0
4,2,0,0,none,48,Vila Real,rural,0.22,3,Shared_House,0,0,4.44,0,61.0
9,5,1,0,festival,1,Lisboa,urban,0.92,2,Apartment,0,1,4.24,1,402.0
4,1,0,0,concert,86,Évora,historic,0.52,4,Apartment,0,0,4.16,0,170.0
8,6,1,0,fair,75,Açores,rural,0.3,2,Apartment,0,0,4.66,1,208.0
9,2,0,0,none,35,Bragança,rural,0.15,2,Shared_House,0,0,4.13,0,24.0
4,2,0,0,fair,22,Porto,urban,0.85,3,Shared_House,0,0,4.68,1,116.0
8,2,0,0,festival,39,Vila Real,rural,0.22,3,Shared_House,0,0,4.61,1,111.0
5,0,0,0,none,70,Aveiro,coastal,0.48,1,Apartment,0,0,4.93,1,113.0
2,4,1,0,none,45,Évora,historic,0.52,2,Room,1,0,4.31,1,83.0
5,4,1,0,none,16,Braga,urban,0.58,5,House,0,0,4.92,1,261.0
6,4,1,0,national_holiday,17,Setúbal,coastal,0.6,5,Apartment,1,0,4.05,1,291.0
1,4,1,0,none,90,Castelo Branco,historic,0.28,3,House,1,0,4.37,1,140.0
11,0,0,0,sports_event,23,Bragança,rural,0.15,1,House,1,0,4.58,0,118.0
7,6,1,0,none,53,Bragança,rural,0.15,4,House,0,1,3.69,1,169.0
1,3,0,0,concert,63,Bragança,rural,0.15,3,Apartment,0,0,4.0,0,97.0
11,4,1,0,none,14,Braga,urban,0.58,3,Apartment,0,1,3.87,1,145.0
11,0,0,0,national_holiday,15,Porto,urban,0.85,2,House,0,1,4.17,0,354.0
1,5,1,0,festival,29,Leiria,coastal,0.4,2,Apartment,0,0,3.93,1,189.0
2,4,1,0,concert,55,Viseu,historic,0.32,1,Apartment,0,0,4.25,1,114.0
5,2,0,0,festival,77,Portalegre,rural,0.18,3,House,0,0,4.16,0,149.0
7,6,1,0,festival,35,Santarém,urban,0.35,2,Apartment,0,0,4.06,1,156.0
9,4,1,0,national_holiday,26,Coimbra,urban,0.55,3,Apartment,0,0,4.28,1,194.0
6,6,1,0,none,28,Coimbra,urban,0.55,3,Apartment,1,1,3.86,1,166.0
8,5,1,0,fair,70,Beja,rural,0.2,3,Apartment,0,1,3.77,1,136.0
1,1,0,0,none,50,Beja,rural,0.2,3,Apartment,1,0,3.6,0,77.0
8,6,1,0,sports_event,56,Santarém,urban,0.35,3,Room,0,0,3.31,1,92.0
11,5,1,0,fair,21,Viana do Castelo,coastal,0.38,2,Room,0,0,3.86,1,83.0
7,1,0,0,fair,58,Porto,urban,0.85,1,Apartment,0,0,4.47,1,200.0
6,5,1,0,none,28,Coimbra,urban,0.55,3,House,0,1,4.1,1,244.0
4,3,0,0,none,80,Faro,coastal,0.78,3,Apartment,0,0,4.21,0,201.0
12,6,1,0,concert,48,Porto,urban,0.85,3,Apartment,0,0,4.0,1,289.0
1,1,0,0,none,15,Portalegre,rural,0.18,3,Room,1,0,5.0,0,60.0
4,1,0,0,national_holiday,60,Viseu,historic,0.32,1,Shared_House,1,0,4.28,0,70.0
2,2,0,0,none,3,Leiria,coastal,0.4,2,Apartment,0,0,3.92,0,83.0
11,3,0,0,none,76,Vila Real,rural,0.22,3,Room,0,0,3.67,0,39.0
6,4,1,0,concert,37,Viana do Castelo,coastal,0.38,3,Apartment,0,0,5.0,1,194.0
12,1,0,0,none,75,Viseu,historic,0.32,3,Room,0,0,3.5,0,57.0
8,4,1,0,none,85,Évora,historic,0.52,2,House,0,1,3.8,0,254.0
7,0,0,0,none,45,Bragança,rural,0.15,4,House,1,0,3.8,0,124.0
7,2,0,0,national_holiday,11,Guarda,rural,0.14,2,Room,0,0,4.18,0,70.0
3,4,1,0,festival,7,Braga,urban,0.58,3,House,1,1,4.38,1,298.0
7,1,0,0,national_holiday,29,Guarda,rural,0.14,3,Shared_House,1,0,4.23,1,107.0
9,3,0,0,none,17,Évora,historic,0.52,3,Apartment,0,0,4.02,0,136.0
12,4,1,0,none,65,Coimbra,urban,0.55,4,Shared_House,0,0,3.5,0,82.0
7,1,0,0,none,1,Leiria,coastal,0.4,1,Room,1,0,5.0,1,70.0
12,6,1,0,none,65,Évora,historic,0.52,1,House,1,1,4.33,1,238.0
12,5,1,0,none,17,Santarém,urban,0.35,1,House,0,0,4.48,0,140.0
7,6,1,0,none,12,Santarém,urban,0.35,5,Shared_House,0,0,3.86,1,112.0
6,3,0,0,none,3,Beja,rural,0.2,5,House,0,0,4.05,0,136.0
2,2,0,0,concert,73,Bragança,rural,0.15,4,Apartment,0,0,4.79,0,124.0
4,6,1,0,none,65,Setúbal,coastal,0.6,3,Apartment,0,0,3.1,0,180.0
11,5,1,0,none,81,Braga,urban,0.58,1,Apartment,1,0,4.58,1,126.0
2,5,1,0,none,50,Madeira,urban,0.65,4,Apartment,1,0,4.08,0,225.0
5,1,0,0,festival,54,Évora,historic,0.52,2,Apartment,0,0,4.41,1,190.0
9,6,1,0,concert,4,Porto,urban,0.85,2,House,1,0,5.0,1,431.0
3,3,0,0,concert,2,Açores,rural,0.3,4,Apartment,0,0,3.96,0,161.0
12,5,1,0,concert,56,Beja,rural,0.2,2,Apartment,0,0,2.85,0,69.0
8,5,1,0,none,47,Portalegre,rural,0.18,4,Apartment,0,0,3.65,1,103.0
1,0,0,0,none,74,Santarém,urban,0.35,4,Apartment,1,0,4.21,0,93.0
3,0,0,0,concert,50,Setúbal,coastal,0.6,4,House,1,1,5.0,1,347.0
9,0,0,0,national_holiday,3,Bragança,rural,0.15,3,Apartment,0,0,4.01,1,136.0
11,4,1,1,festival,59,Portalegre,rural,0.18,2,Shared_House,0,0,4.97,1,104.0
12,6,1,0,none,12,Évora,historic,0.52,3,House,0,0,3.04,0,207.0
11,0,0,0,concert,80,Porto,urban,0.85,4,Room,0,0,3.95,0,131.0
1,0,0,0,national_holiday,43,Leiria,coastal,0.4,4,Apartment,0,0,4.72,1,185.0
9,3,0,0,none,40,Viana do Castelo,coastal,0.38,4,Room,0,0,4.67,0,96.0
2,2,0,0,none,4,Madeira,urban,0.65,5,Room,0,0,3.22,0,90.0
1,0,0,0,concert,28,Setúbal,coastal,0.6,3,Shared_House,0,0,3.78,0,98.0
9,4,1,0,sports_event,2,Beja,rural,0.2,5,House,0,1,4.13,1,239.0
6,6,1,0,none,10,Beja,rural,0.2,2,Shared_House,0,0,3.87,0,40.0
8,1,0,0,none,53,Santarém,urban,0.35,5,Room,0,0,4.78,0,101.0
11,0,0,0,festival,44,Açores,rural,0.3,5,Shared_House,0,0,4.21,0,138.0
1,1,0,0,sports_event,51,Beja,rural,0.2,1,House,0,0,3.48,0,98.0
7,1,0,0,concert,73,Açores,rural,0.3,3,Apartment,0,0,4.43,0,183.0
11,3,0,0,none,73,Braga,urban,0.58,3,House,1,1,4.46,1,164.0
6,0,0,0,none,80,Bragança,rural,0.15,4,Shared_House,0,0,3.63,1,49.0
7,2,0,0,concert,8,Guarda,rural,0.14,2,Shared_House,1,0,3.75,0,65.0
6,0,0,0,none,7,Madeira,urban,0.65,3,Shared_House,0,0,3.84,1,95.0
11,4,1,0,none,81,Porto,urban,0.85,3,Apartment,1,0,4.88,0,237.0
1,3,0,0,festival,79,Coimbra,urban,0.55,2,Room,0,0,4.16,0,90.0
11,0,0,0,none,2,Portalegre,rural,0.18,5,House,1,0,3.1,0,108.0
10,0,0,0,concert,3,Bragança,rural,0.15,3,House,1,0,3.6,0,124.0
10,3,0,0,none,28,Braga,urban,0.58,3,Apartment,1,0,4.56,0,145.0
5,4,1,0,concert,50,Coimbra,urban,0.55,4,Apartment,1,0,4.0,1,205.0
7,1,0,0,sports_event,5,Guarda,rural,0.14,2,Apartment,0,0,3.59,0,86.0
5,2,0,0,none,41,Évora,historic,0.52,2,Apartment,0,0,4.01,0,97.0
4,4,1,0,fair,22,Madeira,urban,0.65,2,Apartment,0,0,4.69,1,256.0
11,3,0,0,none,83,Viseu,historic,0.32,5,House,1,0,5.0,0,164.0
7,0,0,0,concert,74,Açores,rural,0.3,5,Apartment,0,0,4.17,0,203.0
9,2,0,0,none,48,Coimbra,urban,0.55,3,House,1,1,4.44,0,201.0
2,1,0,1,national_holiday,12,Guarda,rural,0.14,2,Apartment,0,0,4.15,0,118.0
10,6,1,0,none,24,Setúbal,coastal,0.6,3,Apartment,1,0,4.31,1,211.0
8,5,1,0,festival,19,Bragança,rural,0.15,3,Apartment,0,0,3.74,1,135.0
12,2,0,0,none,78,Porto,urban,0.85,3,Apartment,0,0,4.92,0,170.0
2,1,0,0,none,56,Castelo Branco,historic,0.28,2,Room,0,0,3.97,0,30.0
7,0,0,0,none,31,Portalegre,rural,0.18,2,Room,0,0,3.65,0,40.0
7,5,1,0,none,2,Leiria,coastal,0.4,5,House,1,1,3.82,0,284.0
7,6,1,0,none,75,Viana do Castelo,coastal,0.38,3,Room,0,0,4.53,1,103.0
1,1,0,0,none,55,Évora,historic,0.52,2,House,1,1,3.85,0,153.0
6,4,1,0,sports_event,22,Porto,urban,0.85,5,Room,1,0,4.96,1,225.0
4,1,0,0,none,81,Évora,historic,0.52,3,House,1,0,4.52,0,190.0
8,6,1,0,none,69,Porto,urban,0.85,4,Apartment,0,0,4.63,1,293.0
3,2,0,0,national_holiday,7,Faro,coastal,0.78,2,Room,0,0,3.99,0,163.0
6,0,0,0,sports_event,1,Madeira,urban,0.65,5,House,0,0,3.89,1,410.0
8,6,1,0,none,1,Beja,rural,0.2,1,Shared_House,1,0,4.22,1,47.0
1,6,1,0,none,25,Viseu,historic,0.32,5,Room,1,1,3.61,0,110.0
10,2,0,0,none,37,Leiria,coastal,0.4,4,Apartment,0,0,4.44,0,128.0
9,6,1,0,festival,84,Setúbal,coastal,0.6,2,Shared_House,1,1,4.66,1,164.0
1,1,0,0,fair,77,Évora,historic,0.52,2,Apartment,1,0,3.85,0,118.0
1,1,0,0,festival,90,Faro,coastal,0.78,4,House,0,0,4.54,1,421.0
11,3,0,0,national_holiday,85,Santarém,urban,0.35,1,House,1,0,4.33,0,133.0
4,4,1,0,sports_event,1,Vila Real,rural,0.22,1,Room,0,0,4.76,1,95.0
11,2,0,0,national_holiday,73,Vila Real,rural,0.22,3,House,1,1,5.0,0,184.0
6,5,1,0,festival,84,Castelo Branco,historic,0.28,1,Apartment,0,0,4.59,1,139.0
5,5,1,0,sports_event,59,Viana do Castelo,coastal,0.38,3,Apartment,0,0,4.17,1,192.0
4,0,0,0,sports_event,87,Faro,coastal,0.78,3,House,1,0,4.8,0,455.0
8,6,1,0,concert,39,Setúbal,coastal,0.6,1,House,1,0,4.22,1,346.0
2,1,0,0,none,71,Braga,urban,0.58,2,Apartment,1,0,4.07,0,97.0
5,3,0,0,none,72,Évora,historic,0.52,1,House,1,0,3.9,0,151.0
5,2,0,0,none,21,Bragança,rural,0.15,5,House,0,1,4.25,0,132.0
2,3,0,0,none,69,Santarém,urban,0.35,2,Apartment,1,0,4.7,0,84.0
5,0,0,0,fair,43,Portalegre,rural,0.18,3,Apartment,1,0,3.68,1,98.0
7,2,0,0,sports_event,17,Setúbal,coastal,0.6,3,Room,0,0,3.58,1,127.0
9,0,0,0,none,10,Porto,urban,0.85,4,Room,0,0,3.59,0,99.0
2,6,1,0,none,65,Viseu,historic,0.32,2,House,1,1,4.71,1,186.0
11,1,0,0,none,74,Faro,coastal,0.78,2,House,1,0,4.4,0,238.0
11,3,0,0,concert,72,Madeira,urban,0.65,3,Apartment,1,0,4.94,0,232.0
9,1,0,0,fair,88,Açores,rural,0.3,3,Apartment,0,0,3.94,0,133.0
12,1,0,0,none,82,Bragança,rural,0.15,4,Room,0,0,3.59,0,52.0
6,2,0,0,none,17,Bragança,rural,0.15,1,Apartment,1,1,4.98,1,93.0
10,6,1,0,national_holiday,66,Viana do Castelo,coastal,0.38,4,Apartment,0,0,3.83,1,187.0
9,3,0,0,sports_event,20,Setúbal,coastal,0.6,1,House,1,0,4.54,1,313.0
7,6,1,0,fair,66,Viana do Castelo,coastal,0.38,3,Room,0,0,3.53,1,94.0
3,5,1,0,none,39,Leiria,coastal,0.4,3,Apartment,0,0,4.29,0,144.0
7,3,0,0,none,82,Évora,historic,0.52,2,House,1,0,4.12,1,206.0
11,6,1,0,sports_event,12,Açores,rural,0.3,5,Shared_House,0,0,3.49,1,132.0
12,2,0,1,national_holiday,18,Beja,rural,0.2,3,Room,0,0,5.0,1,99.0
6,3,0,0,concert,56,Vila Real,rural,0.22,2,House,0,0,3.76,0,122.0
3,4,1,0,concert,50,Açores,rural,0.3,1,Apartment,0,0,3.73,0,149.0
9,4,1,0,none,78,Beja,rural,0.2,4,House,1,0,3.87,1,173.0
1,5,1,0,none,81,Leiria,coastal,0.4,4,Shared_House,0,1,3.11,0,76.0
2,1,0,0,concert,24,Madeira,urban,0.65,1,House,1,0,4.04,1,239.0
7,3,0,0,national_holiday,57,Castelo Branco,historic,0.28,2,Shared_House,0,0,3.87,0,97.0
12,4,1,1,national_holiday,69,Castelo Branco,historic,0.28,3,House,1,0,4.7,1,214.0
4,2,0,0,concert,84,Açores,rural,0.3,3,Apartment,0,0,4.36,0,150.0
6,6,1,0,none,32,Beja,rural,0.2,2,Apartment,1,0,3.57,0,72.0
4,2,0,0,fair,5,Leiria,coastal,0.4,3,Shared_House,0,0,3.87,1,75.0
6,2,0,0,sports_event,32,Guarda,rural,0.14,3,Apartment,0,0,5.0,1,132.0
1,2,0,0,none,20,Açores,rural,0.3,2,House,1,0,3.74,0,113.0
8,4,1,0,sports_event,5,Viana do Castelo,coastal,0.38,2,Apartment,0,0,4.61,1,187.0
8,0,0,0,sports_event,20,Santarém,urban,0.35,1,Apartment,1,1,3.86,0,138.0
4,1,0,0,concert,18,Leiria,coastal,0.4,1,House,1,0,3.7,0,167.0
4,5,1,0,none,8,Bragança,rural,0.15,5,Apartment,0,0,3.93,1,102.0
10,1,0,0,sports_event,70,Leiria,coastal,0.4,1,Shared_House,0,0,4.94,1,93.0
3,0,0,0,concert,57,Porto,urban,0.85,1,Apartment,1,0,3.47,1,167.0
1,1,0,1,national_holiday,14,Beja,rural,0.2,5,Room,0,1,4.53,1,135.0
1,2,0,0,none,37,Portalegre,rural,0.18,5,Apartment,1,0,4.81,0,116.0
11,0,0,0,fair,76,Coimbra,urban,0.55,4,Apartment,0,0,3.92,0,128.0
5,5,1,0,festival,22,Madeira,urban,0.65,2,Apartment,0,0,4.7,1,290.0
2,0,0,0,none,22,Aveiro,coastal,0.48,3,Apartment,0,0,4.62,1,108.0
11,2,0,0,fair,66,Setúbal,coastal,0.6,3,House,1,1,3.8,0,228.0
2,1,0,0,none,36,Leiria,coastal,0.4,4,Apartment,1,0,3.73,0,102.0
5,2,0,1,concert,61,Bragança,rural,0.15,1,Apartment,0,0,4.12,0,81.0
1,0,0,0,none,18,Lisboa,urban,0.92,2,Room,0,0,4.25,0,83.0
9,6,1,0,none,4,Aveiro,coastal,0.48,2,House,1,0,4.02,1,226.0
9,6,1,0,national_holiday,49,Guarda,rural,0.14,3,Shared_House,0,0,4.48,1,99.0
10,0,0,0,concert,40,Braga,urban,0.58,2,Room,0,0,3.81,0,81.0
4,1,0,0,none,77,Beja,rural,0.2,3,House,1,1,3.74,0,97.0
4,6,1,0,national_holiday,65,Évora,historic,0.52,3,House,1,0,4.2,1,319.0
12,2,0,0,national_holiday,31,Leiria,coastal,0.4,4,Shared_House,0,0,4.31,1,118.0
10,0,0,0,concert,10,Viseu,historic,0.32,5,Apartment,0,0,4.86,1,180.0
1,0,0,0,none,49,Vila Real,rural,0.22,3,House,0,1,4.43,0,120.0
9,2,0,0,none,72,Lisboa,urban,0.92,2,Apartment,0,0,4.55,0,191.0
10,3,0,0,concert,28,Portalegre,rural,0.18,5,Apartment,1,0,4.03,0,141.0
7,4,1,0,fair,56,Braga,urban,0.58,2,Room,0,0,4.03,1,108.0
8,1,0,0,none,3,Braga,urban,0.58,1,Apartment,1,0,3.88,0,96.0
1,2,0,0,none,65,Setúbal,coastal,0.6,3,Apartment,0,0,4.29,0,126.0
1,1,0,0,none,76,Viana do Castelo,coastal,0.38,3,Room,0,0,4.27,0,68.0
1,3,0,0,none,23,Viana do Castelo,coastal,0.38,2,Room,0,0,4.25,0,57.0
2,2,0,0,sports_event,61,Viseu,historic,0.32,2,Shared_House,0,0,4.1,0,77.0
12,1,0,0,none,68,Leiria,coastal,0.4,1,House,1,0,4.18,0,119.0
8,5,1,1,sports_event,22,Castelo Branco,historic,0.28,3,Apartment,0,0,5.0,1,165.0
10,3,0,0,festival,16,Braga,urban,0.58,4,House,1,1,4.34,1,281.0
4,3,0,0,none,35,Leiria,coastal,0.4,3,Apartment,0,0,4.49,0,126.0
12,0,0,0,fair,78,Portalegre,rural,0.18,3,Apartment,1,0,4.43,0,111.0
3,0,0,0,none,34,Castelo Branco,historic,0.28,4,Room,0,0,4.11,0,72.0
11,5,1,0,none,19,Braga,urban,0.58,3,Room,1,0,4.47,1,104.0
1,6,1,0,none,26,Viseu,historic,0.32,3,Apartment,1,0,4.21,0,116.0
1,4,1,0,festival,25,Madeira,urban,0.65,3,Apartment,1,0,3.57,1,273.0
1,0,0,0,none,48,Braga,urban,0.58,4,Shared_House,0,0,3.91,0,64.0
10,3,0,0,national_holiday,61,Viana do Castelo,coastal,0.38,4,Apartment,0,0,5.0,1,192.0
4,1,0,0,none,25,Beja,rural,0.2,1,Apartment,0,0,4.78,1,56.0
6,0,0,0,none,31,Santarém,urban,0.35,4,Apartment,1,0,4.05,1,108.0
6,0,0,0,concert,44,Beja,rural,0.2,3,Apartment,0,0,4.54,1,107.0
10,3,0,0,national_holiday,28,Setúbal,coastal,0.6,5,Apartment,1,0,4.31,1,246.0
5,2,0,0,festival,41,Madeira,urban,0.65,3,Room,0,0,5.0,1,176.0
1,3,0,0,none,6,Aveiro,coastal,0.48,3,Apartment,1,0,4.14,0,124.0
5,4,1,0,none,35,Braga,urban,0.58,2,House,1,0,4.31,0,196.0
4,1,0,0,none,74,Viseu,historic,0.32,3,Apartment,0,0,3.8,0,84.0
9,2,0,0,none,40,Castelo Branco,historic,0.28,3,Apartment,0,0,4.13,0,75.0
10,4,1,0,sports_event,42,Coimbra,urban,0.55,5,Apartment,0,0,2.83,1,197.0
2,1,0,0,none,55,Açores,rural,0.3,5,House,1,0,4.33,0,180.0
10,0,0,0,festival,36,Coimbra,urban,0.55,3,Apartment,0,0,4.7,1,191.0
1,5,1,1,concert,38,Beja,rural,0.2,4,Apartment,1,0,5.0,1,173.0
8,1,0,0,none,23,Porto,urban,0.85,4,Shared_House,1,0,4.44,0,96.0
5,0,0,0,none,69,Porto,urban,0.85,5,Apartment,0,1,4.02,0,217.0
4,5,1,0,concert,50,Guarda,rural,0.14,2,Room,0,0,3.79,1,75.0
6,3,0,0,none,2,Lisboa,urban,0.92,2,Shared_House,0,0,3.96,1,88.0
4,1,0,0,none,51,Lisboa,urban,0.92,5,Apartment,0,0,3.4,0,180.0
10,5,1,0,none,33,Guarda,rural,0.14,3,Apartment,0,1,4.07,1,117.0
12,1,0,0,festival,1,Faro,coastal,0.78,3,Apartment,0,0,3.59,1,327.0
10,4,1,0,festival,46,Porto,urban,0.85,3,Room,0,0,3.9,1,194.0
6,4,1,0,festival,8,Braga,urban,0.58,1,House,1,1,4.1,1,278.0
7,5,1,0,none,18,Santarém,urban,0.35,2,Apartment,1,1,4.36,1,145.0
6,5,1,0,festival,56,Évora,historic,0.52,2,Apartment,1,0,3.37,1,211.0
10,4,1,0,none,47,Porto,urban,0.85,3,Apartment,1,0,4.03,1,245.0
7,0,0,0,concert,26,Açores,rural,0.3,3,House,0,0,4.54,1,263.0
6,6,1,0,national_holiday,79,Madeira,urban,0.65,3,Room,0,0,4.9,0,191.0
5,0,0,1,festival,89,Leiria,coastal,0.4,1,Apartment,1,1,4.16,1,190.0
5,1,0,0,none,9,Viseu,historic,0.32,1,Apartment,0,0,5.0,0,63.0
7,3,0,0,concert,23,Coimbra,urban,0.55,3,Room,0,0,4.55,1,112.0
9,2,0,0,none,1,Bragança,rural,0.15,2,Room,0,0,4.23,0,18.0
6,4,1,0,none,14,Santarém,urban,0.35,5,Apartment,0,0,4.82,1,170.0
10,0,0,0,national_holiday,33,Açores,rural,0.3,3,Room,0,0,3.95,0,108.0
10,3,0,0,none,5,Madeira,urban,0.65,2,Room,0,0,3.68,0,64.0
6,2,0,0,none,83,Faro,coastal,0.78,3,Apartment,1,0,4.66,1,255.0
11,4,1,0,festival,62,Leiria,coastal,0.4,3,Apartment,1,0,4.47,1,225.0
3,3,0,0,festival,8,Aveiro,coastal,0.48,1,Apartment,1,0,4.72,0,177.0
12,5,1,1,festival,27,Guarda,rural,0.14,4,Apartment,0,1,4.71,1,181.0
4,1,0,0,none,65,Viana do Castelo,coastal,0.38,2,Apartment,1,0,5.0,1,108.0
7,6,1,0,sports_event,25,Bragança,rural,0.15,2,Room,0,0,3.47,0,72.0
4,2,0,0,none,43,Coimbra,urban,0.55,2,Room,0,0,4.02,0,48.0
6,2,0,0,national_holiday,10,Coimbra,urban,0.55,3,House,1,0,4.06,0,234.0
5,3,0,0,none,78,Viseu,historic,0.32,3,Room,0,0,4.78,1,76.0
9,1,0,0,none,5,Guarda,rural,0.14,4,Shared_House,1,0,4.39,0,58.0
1,5,1,0,festival,9,Évora,historic,0.52,3,House,1,0,4.79,1,332.0
11,1,0,0,none,21,Évora,historic,0.52,2,Shared_House,0,0,4.34,0,56.0
11,6,1,0,festival,33,Bragança,rural,0.15,3,Shared_House,0,1,4.19,1,108.0
7,1,0,0,none,36,Setúbal,coastal,0.6,3,Apartment,0,0,4.54,1,175.0
7,6,1,0,none,63,Évora,historic,0.52,3,Shared_House,1,0,4.33,1,107.0
9,2,0,0,none,60,Braga,urban,0.58,3,Shared_House,0,0,4.39,0,65.0
3,4,1,0,none,1,Setúbal,coastal,0.6,3,Apartment,0,0,4.53,1,205.0
9,6,1,0,none,10,Coimbra,urban,0.55,4,House,1,1,4.42,1,275.0
3,0,0,0,none,29,Setúbal,coastal,0.6,3,Apartment,0,0,4.69,0,146.0
9,2,0,0,none,33,Coimbra,urban,0.55,4,Apartment,1,0,4.23,0,148.0
4,6,1,0,concert,70,Aveiro,coastal,0.48,4,House,0,1,4.28,1,305.0
9,1,0,0,sports_event,90,Bragança,rural,0.15,3,Apartment,0,1,3.7,0,133.0
10,0,0,0,none,23,Coimbra,urban,0.55,2,House,0,0,4.69,0,161.0
3,3,0,0,none,62,Beja,rural,0.2,1,House,0,1,5.0,0,82.0
8,0,0,0,none,25,Bragança,rural,0.15,2,Apartment,0,0,3.3,0,34.0
6,6,1,0,none,90,Portalegre,rural,0.18,2,House,1,0,4.52,1,137.0
4,6,1,0,none,57,Faro,coastal,0.78,1,Shared_House,0,0,4.13,1,123.0
8,1,0,0,none,8,Castelo Branco,historic,0.28,3,Apartment,0,0,4.11,0,97.0
12,1,0,0,national_holiday,9,Porto,urban,0.85,2,Apartment,0,0,4.51,0,246.0
1,5,1,0,concert,37,Lisboa,urban,0.92,1,Apartment,0,0,4.19,1,289.0
12,3,0,0,none,40,Portalegre,rural,0.18,3,Apartment,0,0,4.4,0,86.0
11,5,1,0,none,21,Faro,coastal,0.78,4,House,1,0,4.02,1,445.0
7,6,1,0,none,8,Coimbra,urban,0.55,2,Apartment,0,0,4.95,1,141.0
8,2,0,0,none,85,Guarda,rural,0.14,5,House,1,0,4.08,0,118.0
5,1,0,0,festival,62,Lisboa,urban,0.92,4,Apartment,0,0,3.82,1,286.0
2,4,1,0,none,82,Faro,coastal,0.78,5,Room,0,0,4.37,1,169.0
7,4,1,0,none,26,Setúbal,coastal,0.6,3,Apartment,0,0,3.78,0,210.0
10,3,0,0,none,52,Coimbra,urban,0.55,4,Shared_House,0,0,4.32,0,90.0
3,2,0,0,sports_event,58,Viana do Castelo,coastal,0.38,2,Apartment,0,0,5.0,0,155.0
9,1,0,0,none,28,Beja,rural,0.2,3,Apartment,0,1,4.18,0,91.0
9,3,0,0,national_holiday,58,Setúbal,coastal,0.6,2,Apartment,1,0,3.52,0,200.0
10,2,0,0,none,50,Guarda,rural,0.14,2,House,1,0,3.99,0,74.0
5,3,0,0,none,78,Coimbra,urban,0.55,5,Shared_House,0,0,4.61,0,102.0
5,0,0,0,none,79,Faro,coastal,0.78,3,House,1,0,4.25,1,315.0
5,6,1,0,none,84,Aveiro,coastal,0.48,1,House,0,0,4.55,1,216.0
11,4,1,1,national_holiday,52,Viseu,historic,0.32,2,Room,0,0,3.88,1,82.0
11,6,1,0,none,6,Bragança,rural,0.15,3,Apartment,0,0,3.99,0,74.0
5,5,1,1,national_holiday,69,Leiria,coastal,0.4,4,House,0,1,4.52,1,304.0
12,4,1,0,none,38,Coimbra,urban,0.55,5,Apartment,0,0,5.0,1,209.0
7,2,0,0,none,62,Guarda,rural,0.14,1,Room,0,0,4.01,0,18.0
5,4,1,0,sports_event,61,Vila Real,rural,0.22,1,Room,0,0,4.22,1,75.0
1,3,0,0,festival,9,Bragança,rural,0.15,2,Apartment,0,0,4.75,0,110.0
8,6,1,0,sports_event,18,Viseu,historic,0.32,3,Apartment,0,0,4.27,1,161.0
8,1,0,0,national_holiday,69,Bragança,rural,0.15,3,Room,0,0,4.52,0,92.0
12,0,0,0,none,51,Braga,urban,0.58,4,House,0,1,3.83,0,157.0
9,0,0,0,fair,19,Faro,coastal,0.78,3,House,1,0,4.2,1,396.0
1,1,0,0,none,77,Évora,historic,0.52,1,House,0,0,3.89,0,103.0
7,4,1,0,none,79,Évora,historic,0.52,2,Apartment,1,0,3.36,1,160.0
9,1,0,0,festival,21,Portalegre,rural,0.18,2,Room,0,0,3.76,0,85.0
6,0,0,0,none,28,Viana do Castelo,coastal,0.38,4,Apartment,0,0,4.42,1,134.0
6,2,0,0,none,18,Vila Real,rural,0.22,3,House,1,0,4.48,0,114.0
10,5,1,0,none,51,Santarém,urban,0.35,5,Apartment,0,0,4.58,1,154.0
8,2,0,0,none,70,Porto,urban,0.85,2,Apartment,0,0,4.45,1,162.0
9,1,0,0,none,26,Açores,rural,0.3,5,Room,0,0,4.09,0,97.0
6,1,0,0,concert,2,Castelo Branco,historic,0.28,2,House,1,0,3.28,0,142.0
4,5,1,1,national_holiday,1,Faro,coastal,0.78,2,House,1,0,3.63,1,532.0
7,3,0,0,none,24,Braga,urban,0.58,1,Room,1,0,4.75,1,66.0
12,2,0,0,none,71,Évora,historic,0.52,2,House,1,0,3.78,0,144.0
8,5,1,0,fair,33,Viana do Castelo,coastal,0.38,2,Room,0,0,4.16,1,101.0
9,2,0,0,national_holiday,65,Setúbal,coastal,0.6,2,Room,0,0,4.23,0,128.0
2,2,0,0,sports_event,82,Braga,urban,0.58,3,House,0,1,3.51,0,182.0
12,5,1,0,none,84,Castelo Branco,historic,0.28,4,Apartment,1,0,4.37,1,122.0
3,2,0,0,none,28,Faro,coastal,0.78,4,Apartment,0,0,4.96,0,215.0
12,3,0,0,none,52,Castelo Branco,historic,0.28,4,Apartment,0,0,4.19,0,105.0
6,4,1,0,concert,66,Bragança,rural,0.15,4,Apartment,0,0,4.07,1,159.0
12,1,0,0,festival,17,Santarém,urban,0.35,5,Apartment,0,0,3.62,0,170.0
11,0,0,1,concert,63,Beja,rural,0.2,1,Apartment,1,0,4.06,0,77.0
10,5,1,0,none,16,Viseu,historic,0.32,5,Apartment,0,0,4.47,1,157.0
11,2,0,0,fair,51,Santarém,urban,0.35,3,Apartment,0,0,4.2,0,95.0
8,2,0,0,none,36,Açores,rural,0.3,3,Apartment,0,0,3.98,0,108.0
11,4,1,0,none,35,Viseu,historic,0.32,3,Apartment,0,0,4.7,1,126.0
3,0,0,0,none,30,Portalegre,rural,0.18,1,Room,1,0,4.07,0,32.0
1,0,0,0,festival,45,Viseu,historic,0.32,2,Shared_House,0,0,3.99,0,76.0
7,2,0,0,fair,37,Açores,rural,0.3,3,House,1,0,4.27,0,244.0
10,6,1,0,none,24,Porto,urban,0.85,4,Shared_House,1,0,4.85,1,125.0
10,4,1,0,national_holiday,21,Setúbal,coastal,0.6,4,Apartment,0,1,4.12,1,304.0
7,4,1,0,none,44,Setúbal,coastal,0.6,2,Room,0,1,3.76,1,113.0
7,4,1,0,none,89,Açores,rural,0.3,2,Apartment,0,0,4.47,1,166.0
8,6,1,0,none,59,Guarda,rural,0.14,3,House,0,1,4.03,1,153.0
11,5,1,0,none,8,Coimbra,urban,0.55,2,House,1,0,4.48,0,203.0
11,0,0,0,fair,7,Porto,urban,0.85,2,Room,0,0,3.18,1,81.0
2,3,0,0,none,67,Aveiro,coastal,0.48,2,Apartment,0,0,4.22,0,99.0
8,3,0,0,none,50,Açores,rural,0.3,4,Apartment,0,0,4.08,1,130.0
5,1,0,0,none,52,Porto,urban,0.85,2,Room,0,0,3.72,0,71.0
10,6,1,0,concert,34,Lisboa,urban,0.92,1,House,1,0,3.59,1,433.0
7,1,0,0,national_holiday,51,Viana do Castelo,coastal,0.38,1,Apartment,0,0,4.06,1,147.0
12,5,1,0,concert,53,Faro,coastal,0.78,3,Apartment,0,0,3.67,1,334.0
6,0,0,0,none,56,Guarda,rural,0.14,2,Apartment,0,0,2.72,0,32.0
9,4,1,0,none,85,Viana do Castelo,coastal,0.38,3,Apartment,0,0,3.61,1,123.0
2,5,1,0,none,82,Faro,coastal,0.78,5,House,0,0,3.59,1,376.0
12,3,0,0,national_holiday,76,Açores,rural,0.3,2,Apartment,0,1,4.21,1,178.0
2,0,0,1,national_holiday,61,Castelo Branco,historic,0.28,2,Room,0,0,3.61,0,71.0
5,0,0,0,national_holiday,62,Faro,coastal,0.78,1,Room,0,0,4.2,1,152.0
11,4,1,0,concert,25,Braga,urban,0.58,5,Apartment,0,0,3.72,1,189.0
12,6,1,0,sports_event,78,Évora,historic,0.52,3,Apartment,0,0,4.59,1,238.0
6,4,1,0,concert,25,Viana do Castelo,coastal,0.38,4,Room,0,0,4.39,1,141.0
6,0,0,0,none,12,Açores,rural,0.3,4,Shared_House,0,0,4.05,0,85.0
1,5,1,0,none,75,Vila Real,rural,0.22,5,Shared_House,0,1,4.27,1,100.0
12,3,0,0,none,38,Vila Real,rural,0.22,4,House,0,1,4.49,1,131.0
1,0,0,0,none,44,Castelo Branco,historic,0.28,2,Shared_House,0,0,4.23,0,51.0
1,2,0,0,concert,57,Açores,rural,0.3,3,Apartment,1,0,4.27,1,131.0
6,1,0,0,none,64,Coimbra,urban,0.55,5,Apartment,1,0,3.15,0,111.0
1,6,1,0,fair,8,Évora,historic,0.52,3,Apartment,0,0,3.94,1,181.0
2,6,1,0,fair,34,Bragança,rural,0.15,4,House,1,1,3.81,1,178.0
8,0,0,0,none,71,Castelo Branco,historic,0.28,5,Apartment,1,0,4.73,0,134.0
9,4,1,0,none,67,Vila Real,rural,0.22,3,House,1,1,4.0,1,147.0
4,0,0,0,none,57,Leiria,coastal,0.4,3,Apartment,1,0,3.86,0,113.0
10,3,0,0,none,39,Porto,urban,0.85,3,House,0,1,4.49,0,249.0
8,1,0,0,sports_event,32,Portalegre,rural,0.18,2,Room,1,0,3.44,1,82.0
3,5,1,0,sports_event,45,Setúbal,coastal,0.6,2,Room,0,0,4.16,1,157.0
9,0,0,0,sports_event,17,Lisboa,urban,0.92,3,Apartment,1,0,3.21,0,269.0
8,6,1,0,none,84,Açores,rural,0.3,5,Apartment,0,1,3.84,1,214.0
10,1,0,0,fair,17,Viseu,historic,0.32,5,Apartment,0,0,3.97,0,143.0
2,1,0,0,festival,45,Lisboa,urban,0.92,2,House,1,1,4.93,1,469.0
3,6,1,0,national_holiday,69,Lisboa,urban,0.92,4,Apartment,0,0,4.13,1,359.0
4,6,1,0,concert,21,Viana do Castelo,coastal,0.38,1,Room,0,1,3.75,1,101.0
5,0,0,0,sports_event,89,Bragança,rural,0.15,3,Shared_House,0,1,4.13,1,122.0
11,0,0,0,none,48,Leiria,coastal,0.4,5,Apartment,1,0,4.92,0,146.0
9,5,1,0,concert,15,Viana do Castelo,coastal,0.38,5,Apartment,1,0,3.17,1,198.0
7,6,1,0,none,1,Leiria,coastal,0.4,3,Apartment,0,0,4.59,1,182.0
7,3,0,0,none,29,Guarda,rural,0.14,3,Room,0,0,4.39,0,67.0
11,1,0,0,none,26,Madeira,urban,0.65,2,Apartment,0,0,4.14,0,111.0
6,1,0,0,none,5,Faro,coastal,0.78,4,Room,1,0,4.04,1,146.0
3,1,0,0,none,55,Madeira,urban,0.65,2,Apartment,1,0,4.92,0,155.0
2,4,1,0,none,47,Madeira,urban,0.65,1,Apartment,0,0,4.56,1,195.0
4,0,0,0,concert,7,Castelo Branco,historic,0.28,4,Room,0,0,3.68,1,93.0
8,4,1,1,sports_event,75,Aveiro,coastal,0.48,1,Apartment,1,0,4.21,1,177.0
6,5,1,0,national_holiday,41,Beja,rural,0.2,3,Room,0,0,4.82,1,120.0
6,1,0,0,concert,54,Castelo Branco,historic,0.28,3,Apartment,0,0,4.47,1,146.0
6,6,1,0,none,54,Portalegre,rural,0.18,1,Room,0,0,4.33,0,43.0
12,6,1,0,concert,76,Braga,urban,0.58,2,Shared_House,0,0,3.55,1,90.0
12,2,0,0,festival,21,Évora,historic,0.52,1,Apartment,0,0,5.0,1,186.0
2,0,0,0,none,4,Vila Real,rural,0.22,2,House,0,1,4.56,0,92.0
2,2,0,0,national_holiday,20,Beja,rural,0.2,3,House,1,0,5.0,0,157.0
3,1,0,0,national_holiday,62,Viseu,historic,0.32,3,Apartment,0,0,4.35,1,139.0
11,1,0,0,none,61,Açores,rural,0.3,3,House,0,0,4.19,0,144.0
6,6,1,1,concert,28,Santarém,urban,0.35,4,Apartment,0,0,3.88,1,154.0
11,1,0,0,none,88,Setúbal,coastal,0.6,4,Room,0,0,4.69,0,98.0
8,2,0,0,national_holiday,63,Açores,rural,0.3,3,House,0,0,4.95,0,283.0
7,5,1,0,festival,28,Leiria,coastal,0.4,3,Apartment,1,0,4.72,1,216.0
4,0,0,0,none,89,Évora,historic,0.52,3,Room,0,0,5.0,0,96.0
5,0,0,0,concert,19,Guarda,rural,0.14,2,Room,1,0,4.27,0,80.0
2,2,0,0,none,3,Guarda,rural,0.14,2,Apartment,0,0,3.89,0,36.0
7,6,1,0,none,89,Bragança,rural,0.15,2,Apartment,1,0,4.33,1,109.0
4,5,1,0,concert,40,Porto,urban,0.85,4,Apartment,1,0,4.6,1,310.0
4,6,1,0,concert,76,Setúbal,coastal,0.6,3,Room,0,0,4.07,1,154.0
1,6,1,0,none,78,Aveiro,coastal,0.48,5,Apartment,0,0,4.18,0,173.0
10,0,0,1,sports_event,85,Coimbra,urban,0.55,1,Apartment,0,0,4.31,1,137.0
12,2,0,0,none,69,Açores,rural,0.3,2,Apartment,0,0,4.45,0,110.0
6,3,0,0,none,5,Beja,rural,0.2,2,Apartment,0,0,4.27,0,71.0
7,1,0,0,sports_event,50,Porto,urban,0.85,4,House,1,1,4.31,0,431.0
12,6,1,0,none,85,Santarém,urban,0.35,3,House,1,0,4.52,1,183.0
7,4,1,0,none,69,Coimbra,urban,0.55,3,Apartment,1,0,4.58,1,179.0
8,5,1,0,national_holiday,76,Vila Real,rural,0.22,3,Apartment,1,0,3.95,1,151.0
6,1,0,0,concert,71,Santarém,urban,0.35,1,Room,0,0,3.28,1,45.0
7,5,1,0,festival,27,Portalegre,rural,0.18,4,House,1,0,3.68,1,214.0
7,0,0,0,festival,70,Faro,coastal,0.78,4,House,1,0,4.43,1,550.0
9,0,0,0,fair,57,Santarém,urban,0.35,3,Apartment,0,0,3.83,1,117.0
8,4,1,0,fair,53,Viseu,historic,0.32,2,Shared_House,0,0,4.33,1,73.0
7,0,0,0,none,16,Beja,rural,0.2,4,Apartment,0,0,4.17,0,95.0
1,1,0,0,none,10,Aveiro,coastal,0.48,4,House,1,1,4.23,0,177.0
11,5,1,0,none,38,Viseu,historic,0.32,5,Room,0,0,4.45,0,91.0
11,3,0,0,none,23,Portalegre,rural,0.18,1,Apartment,1,0,4.79,0,56.0
3,2,0,0,none,55,Faro,coastal,0.78,5,Apartment,1,0,4.19,0,218.0
4,2,0,0,festival,29,Coimbra,urban,0.55,5,Room,0,0,3.68,0,153.0
12,4,1,0,concert,10,Porto,urban,0.85,2,House,0,0,4.36,1,427.0
4,6,1,0,fair,4,Braga,urban,0.58,4,Shared_House,0,0,4.56,1,121.0
10,5,1,0,none,87,Porto,urban,0.85,2,Room,0,0,3.07,1,80.0
10,2,0,0,none,10,Vila Real,rural,0.22,2,Shared_House,0,0,3.84,0,26.0
11,2,0,0,none,84,Vila Real,rural,0.22,3,House,1,1,4.21,0,119.0
1,0,0,0,none,51,Viseu,historic,0.32,1,House,1,0,3.96,1,69.0
6,1,0,0,none,79,Vila Real,rural,0.22,1,Shared_House,0,0,4.27,0,17.0
7,1,0,0,national_holiday,82,Portalegre,rural,0.18,3,Room,0,0,3.89,0,76.0
11,2,0,0,none,12,Faro,coastal,0.78,5,Apartment,1,0,4.67,0,230.0
3,6,1,0,concert,49,Lisboa,urban,0.92,1,House,1,0,4.23,0,471.0
4,6,1,0,none,61,Portalegre,rural,0.18,1,Apartment,1,0,3.3,0,43.0
3,0,0,0,festival,57,Porto,urban,0.85,1,Shared_House,0,0,4.57,0,110.0
10,2,0,0,fair,81,Viseu,historic,0.32,1,House,1,1,4.6,0,165.0
12,0,0,0,national_holiday,16,Porto,urban,0.85,5,House,1,0,4.18,0,389.0
2,0,0,0,none,13,Aveiro,coastal,0.48,3,Shared_House,0,0,3.28,0,39.0
3,2,0,0,fair,76,Évora,historic,0.52,3,Apartment,1,0,4.65,1,159.0
4,6,1,0,none,59,Lisboa,urban,0.92,3,Apartment,0,0,3.69,0,252.0
11,1,0,0,concert,83,Guarda,rural,0.14,5,Apartment,0,0,4.02,0,120.0
6,4,1,0,none,19,Vila Real,rural,0.22,3,Apartment,0,0,3.91,1,99.0
4,2,0,0,festival,6,Leiria,coastal,0.4,5,Apartment,1,0,3.48,0,182.0
4,3,0,0,sports_event,63,Lisboa,urban,0.92,3,House,0,0,4.2,0,382.0
8,6,1,0,concert,69,Lisboa,urban,0.92,5,Apartment,1,0,4.3,1,379.0
5,5,1,0,fair,59,Beja,rural,0.2,3,Shared_House,0,0,4.26,1,74.0
2,5,1,1,national_holiday,5,Lisboa,urban,0.92,4,Apartment,1,0,4.1,1,390.0
10,2,0,0,fair,79,Évora,historic,0.52,2,Apartment,0,0,3.83,1,113.0
6,0,0,0,none,23,Madeira,urban,0.65,3,Apartment,1,1,4.93,1,243.0
4,6,1,0,none,44,Évora,historic,0.52,3,Apartment,0,1,4.29,1,186.0
9,6,1,0,none,3,Faro,coastal,0.78,3,House,0,0,3.73,1,451.0
9,6,1,0,none,69,Santarém,urban,0.35,3,Shared_House,0,0,4.42,1,81.0
2,3,0,0,none,74,Vila Real,rural,0.22,2,Apartment,0,0,4.38,0,51.0
1,1,0,0,sports_event,18,Santarém,urban,0.35,5,Apartment,0,0,4.51,0,160.0
1,1,0,0,none,8,Açores,rural,0.3,3,Apartment,0,0,4.18,0,96.0
10,2,0,0,festival,58,Madeira,urban,0.65,2,House,1,1,3.89,0,338.0
8,2,0,0,none,50,Braga,urban,0.58,4,Apartment,0,0,3.52,1,110.0
10,1,0,0,sports_event,79,Porto,urban,0.85,4,Apartment,0,0,3.93,1,213.0
8,6,1,0,none,27,Setúbal,coastal,0.6,1,Room,0,0,3.37,1,69.0
5,4,1,0,none,66,Setúbal,coastal,0.6,2,Room,0,0,4.35,0,113.0
8,1,0,0,sports_event,77,Lisboa,urban,0.92,3,Apartment,1,0,3.4,0,284.0
9,4,1,0,national_holiday,80,Porto,urban,0.85,4,House,1,1,4.02,1,473.0
5,4,1,0,national_holiday,8,Lisboa,urban,0.92,2,Room,0,0,4.56,1,206.0
11,3,0,0,none,57,Bragança,rural,0.15,2,Apartment,0,0,4.08,0,54.0
11,6,1,0,national_holiday,32,Setúbal,coastal,0.6,4,House,1,0,4.17,1,401.0
10,6,1,0,festival,50,Santarém,urban,0.35,2,Apartment,0,0,4.42,1,153.0
12,3,0,0,fair,61,Vila Real,rural,0.22,5,Apartment,0,0,4.46,0,141.0
5,3,0,0,none,83,Bragança,rural,0.15,4,Apartment,0,0,4.72,1,102.0
2,1,0,0,none,43,Viana do Castelo,coastal,0.38,5,Room,0,0,4.48,0,86.0
6,5,1,0,none,30,Viana do Castelo,coastal,0.38,2,House,1,0,4.38,1,222.0
9,6,1,0,concert,18,Madeira,urban,0.65,2,Room,0,0,3.22,1,126.0
10,4,1,0,none,68,Évora,historic,0.52,3,Apartment,1,0,4.32,0,184.0
5,1,0,0,none,31,Vila Real,rural,0.22,2,House,1,1,5.0,0,135.0
4,3,0,0,festival,63,Vila Real,rural,0.22,2,Shared_House,1,0,4.52,1,88.0
6,5,1,0,national_holiday,25,Porto,urban,0.85,3,Apartment,1,0,4.68,1,335.0
10,0,0,0,festival,74,Castelo Branco,historic,0.28,3,House,1,0,3.86,0,178.0
1,4,1,0,sports_event,61,Lisboa,urban,0.92,2,House,1,0,4.17,1,468.0
4,4,1,0,none,45,Viseu,historic,0.32,2,Shared_House,0,0,4.48,0,65.0
3,3,0,0,fair,90,Viseu,historic,0.32,2,House,1,0,4.42,0,145.0
10,4,1,0,none,45,Beja,rural,0.2,3,House,1,1,4.6,1,176.0
6,6,1,1,national_holiday,49,Vila Real,rural,0.22,2,Room,0,0,3.63,1,92.0
2,0,0,0,none,4,Bragança,rural,0.15,3,Shared_House,0,0,3.8,0,60.0
4,3,0,0,none,59,Leiria,coastal,0.4,4,Room,0,0,3.55,0,73.0
1,5,1,0,sports_event,84,Lisboa,urban,0.92,4,Apartment,0,1,4.33,1,380.0
6,5,1,0,sports_event,53,Évora,historic,0.52,5,House,0,0,4.11,1,360.0
12,3,0,0,none,35,Viseu,historic,0.32,5,Apartment,1,0,4.1,1,124.0
7,6,1,0,none,59,Vila Real,rural,0.22,2,Apartment,0,1,3.86,1,99.0
11,2,0,0,none,50,Porto,urban,0.85,2,House,1,0,3.78,0,169.0
9,3,0,0,none,20,Portalegre,rural,0.18,4,Apartment,0,0,4.2,0,84.0
11,5,1,0,fair,18,Lisboa,urban,0.92,4,House,1,1,4.75,1,558.0
4,3,0,0,festival,81,Leiria,coastal,0.4,1,Apartment,0,0,4.98,1,157.0
12,2,0,0,none,56,Santarém,urban,0.35,5,Room,0,0,4.99,1,90.0
3,3,0,0,none,80,Leiria,coastal,0.4,4,Apartment,0,0,3.97,0,112.0
6,4,1,0,concert,32,Porto,urban,0.85,5,Apartment,1,1,3.61,1,362.0
9,6,1,0,concert,87,Viana do Castelo,coastal,0.38,2,House,1,1,4.64,1,249.0
4,4,1,0,national_holiday,53,Aveiro,coastal,0.48,3,Room,0,0,4.84,1,159.0
4,1,0,0,none,78,Beja,rural,0.2,3,House,1,0,4.41,0,92.0
2,0,0,0,festival,67,Bragança,rural,0.15,2,Room,0,0,4.19,0,66.0
1,6,1,0,none,84,Leiria,coastal,0.4,2,Room,0,0,3.89,0,49.0
7,2,0,0,concert,55,Évora,historic,0.52,2,Apartment,1,0,4.5,0,191.0
12,1,0,0,none,70,Castelo Branco,historic,0.28,4,Apartment,0,0,4.49,0,97.0
3,1,0,0,sports_event,3,Leiria,coastal,0.4,3,Apartment,0,0,4.34,1,169.0
6,0,0,0,none,49,Viseu,historic,0.32,3,Apartment,0,0,3.65,0,81.0
12,1,0,0,concert,73,Braga,urban,0.58,2,House,0,1,3.7,1,171.0
10,5,1,0,none,74,Portalegre,rural,0.18,5,Apartment,1,0,4.15,1,131.0
1,4,1,0,fair,51,Viseu,historic,0.32,5,Apartment,0,0,4.72,1,170.0
7,4,1,0,none,86,Leiria,coastal,0.4,3,House,1,0,4.65,1,252.0
2,0,0,0,concert,22,Castelo Branco,historic,0.28,2,House,0,0,4.0,0,124.0
3,4,1,0,none,72,Leiria,coastal,0.4,2,Shared_House,0,0,3.29,1,42.0
3,6,1,0,sports_event,30,Bragança,rural,0.15,3,House,0,1,4.87,1,208.0
8,6,1,0,concert,24,Braga,urban,0.58,4,Apartment,0,0,4.82,1,198.0
3,2,0,0,none,73,Santarém,urban,0.35,5,Apartment,0,0,4.26,0,111.0
4,4,1,1,national_holiday,73,Beja,rural,0.2,1,Apartment,0,0,3.99,1,117.0
3,2,0,0,none,85,Portalegre,rural,0.18,2,Apartment,0,0,4.05,0,56.0
5,6,1,0,none,39,Castelo Branco,historic,0.28,2,House,1,0,4.67,1,148.0
8,6,1,0,festival,74,Faro,coastal,0.78,2,Shared_House,0,0,4.47,1,180.0
5,1,0,0,none,70,Braga,urban,0.58,3,Apartment,1,0,3.99,0,101.0
4,3,0,0,none,80,Viseu,historic,0.32,3,Apartment,0,0,5.0,0,98.0
7,1,0,0,none,29,Aveiro,coastal,0.48,5,Apartment,0,0,3.44,0,151.0
8,4,1,0,none,45,Lisboa,urban,0.92,2,House,0,0,3.9,0,421.0
1,2,0,0,none,64,Coimbra,urban,0.55,2,Shared_House,1,0,3.91,0,44.0
11,4,1,0,sports_event,38,Coimbra,urban,0.55,3,Apartment,0,0,4.25,1,183.0
11,6,1,0,none,90,Açores,rural,0.3,4,House,1,0,4.77,1,238.0
8,6,1,0,national_holiday,74,Madeira,urban,0.65,4,Apartment,0,0,4.61,1,309.0
7,1,0,0,concert,2,Vila Real,rural,0.22,4,House,1,1,4.26,0,200.0
9,0,0,0,none,36,Vila Real,rural,0.22,3,Apartment,1,0,3.54,0,66.0
6,5,1,0,fair,49,Vila Real,rural,0.22,2,Apartment,1,0,4.68,1,128.0
5,0,0,0,festival,64,Setúbal,coastal,0.6,4,House,1,0,3.63,0,333.0
5,2,0,0,festival,49,Lisboa,urban,0.92,5,Apartment,1,0,4.0,0,341.0
2,6,1,1,national_holiday,56,Faro,coastal,0.78,2,Apartment,0,0,4.16,1,362.0
11,3,0,0,sports_event,53,Guarda,rural,0.14,2,Apartment,0,0,3.8,0,76.0
4,0,0,0,none,14,Vila Real,rural,0.22,1,Apartment,1,0,3.79,0,33.0
4,6,1,1,festival,32,Aveiro,coastal,0.48,3,House,1,1,4.64,1,315.0
12,4,1,0,none,28,Setúbal,coastal,0.6,3,Apartment,0,0,4.93,1,223.0
7,2,0,0,none,34,Setúbal,coastal,0.6,2,House,0,0,4.16,1,225.0
8,4,1,0,festival,20,Madeira,urban,0.65,2,House,0,1,3.31,1,436.0
3,4,1,0,none,87,Guarda,rural,0.14,3,Apartment,1,0,4.34,0,109.0
4,3,0,0,none,12,Braga,urban,0.58,3,Apartment,0,0,3.85,0,97.0
9,6,1,0,concert,30,Aveiro,coastal,0.48,2,House,0,1,4.38,1,279.0
6,5,1,0,none,38,Porto,urban,0.85,3,House,1,0,4.35,1,403.0
2,1,0,0,none,57,Évora,historic,0.52,1,Room,1,0,3.26,0,20.0
11,6,1,0,none,18,Aveiro,coastal,0.48,1,House,1,0,4.0,1,185.0
5,6,1,0,national_holiday,64,Santarém,urban,0.35,2,Room,0,0,4.51,0,100.0
9,0,0,0,sports_event,7,Castelo Branco,historic,0.28,2,House,1,1,4.15,1,181.0
5,2,0,0,festival,6,Açores,rural,0.3,1,Room,0,0,3.65,0,104.0
7,4,1,0,fair,19,Setúbal,coastal,0.6,1,House,1,0,4.53,1,329.0
10,6,1,0,sports_event,20,Setúbal,coastal,0.6,2,Shared_House,0,0,3.37,1,111.0
11,5,1,0,concert,56,Porto,urban,0.85,4,Room,0,0,4.32,0,164.0
3,4,1,0,sports_event,73,Coimbra,urban,0.55,4,Apartment,0,0,3.93,1,204.0
9,2,0,0,fair,73,Madeira,urban,0.65,2,Room,0,0,4.42,0,127.0
11,0,0,0,festival,17,Guarda,rural,0.14,3,Apartment,1,0,4.09,0,126.0
8,6,1,0,none,42,Braga,urban,0.58,2,Shared_House,1,0,4.44,1,90.0
2,3,0,0,none,16,Coimbra,urban,0.55,5,Apartment,0,0,4.88,0,136.0
3,3,0,0,none,55,Viseu,historic,0.32,2,House,1,0,4.55,0,123.0
3,6,1,0,none,23,Vila Real,rural,0.22,2,Apartment,0,0,4.54,0,80.0
2,1,0,0,national_holiday,59,Viana do Castelo,coastal,0.38,3,Room,1,0,4.49,1,110.0
10,1,0,0,concert,70,Braga,urban,0.58,2,Shared_House,0,0,3.34,0,64.0
12,5,1,0,concert,59,Viseu,historic,0.32,2,House,0,0,4.24,1,212.0
7,1,0,0,sports_event,1,Vila Real,rural,0.22,2,Apartment,1,0,4.33,1,123.0
8,6,1,0,fair,89,Braga,urban,0.58,3,House,1,0,4.48,1,274.0
10,6,1,0,sports_event,41,Santarém,urban,0.35,1,Apartment,0,0,4.16,1,122.0
5,0,0,0,none,55,Beja,rural,0.2,2,Shared_House,0,0,4.56,0,34.0
6,3,0,0,none,62,Porto,urban,0.85,4,Apartment,0,0,3.72,0,198.0
8,5,1,0,none,50,Guarda,rural,0.14,2,House,1,1,5.0,1,162.0
4,3,0,0,none,87,Castelo Branco,historic,0.28,2,Apartment,0,0,4.48,0,70.0
1,1,0,0,none,79,Vila Real,rural,0.22,3,Shared_House,0,0,3.74,0,49.0
7,0,0,0,none,60,Viseu,historic,0.32,1,House,1,0,4.88,1,136.0
10,0,0,0,none,56,Madeira,urban,0.65,4,Shared_House,1,0,3.64,0,95.0
1,1,0,0,none,32,Vila Real,rural,0.22,2,Apartment,0,0,4.2,0,61.0
3,1,0,0,fair,42,Viana do Castelo,coastal,0.38,2,House,1,1,4.26,0,176.0
4,2,0,0,none,1,Vila Real,rural,0.22,4,Apartment,1,0,4.0,0,103.0
10,5,1,0,concert,67,Leiria,coastal,0.4,4,Room,0,0,4.14,1,120.0
7,3,0,0,none,12,Braga,urban,0.58,4,Apartment,0,0,4.23,1,139.0
7,0,0,0,national_holiday,21,Aveiro,coastal,0.48,2,Apartment,0,1,3.66,1,200.0
8,0,0,0,concert,52,Leiria,coastal,0.4,3,House,1,1,4.34,1,268.0
4,0,0,0,fair,61,Bragança,rural,0.15,5,Apartment,0,0,4.2,0,113.0
9,2,0,0,festival,4,Leiria,coastal,0.4,3,Room,0,0,5.0,1,135.0
1,5,1,0,festival,70,Setúbal,coastal,0.6,5,Room,0,0,4.94,1,207.0
2,0,0,0,none,13,Porto,urban,0.85,3,House,1,1,3.83,0,214.0
10,2,0,0,none,58,Portalegre,rural,0.18,4,House,1,1,4.13,0,125.0
8,3,0,0,concert,71,Portalegre,rural,0.18,2,Apartment,0,0,3.85,0,90.0
3,1,0,0,none,17,Açores,rural,0.3,5,Apartment,0,0,4.07,0,126.0
6,0,0,0,none,36,Faro,coastal,0.78,4,Room,0,0,4.63,1,160.0
1,1,0,0,fair,47,Leiria,coastal,0.4,4,Apartment,0,0,4.15,0,132.0
9,1,0,0,none,50,Lisboa,urban,0.92,5,Shared_House,1,0,3.95,1,114.0
10,5,1,0,sports_event,73,Braga,urban,0.58,4,House,0,0,4.5,1,296.0
4,6,1,0,none,86,Faro,coastal,0.78,3,Apartment,0,0,3.23,1,224.0
5,4,1,0,none,37,Castelo Branco,historic,0.28,3,Apartment,1,0,4.01,1,108.0
3,5,1,0,none,54,Santarém,urban,0.35,4,House,0,1,4.88,0,201.0
5,5,1,0,none,84,Porto,urban,0.85,4,Shared_House,0,0,4.91,1,153.0
4,6,1,0,concert,55,Aveiro,coastal,0.48,3,Room,0,0,4.85,1,141.0
3,0,0,0,fair,5,Porto,urban,0.85,3,House,0,1,3.58,1,273.0
6,6,1,0,none,28,Santarém,urban,0.35,5,Shared_House,1,0,3.58,1,90.0
11,3,0,0,none,60,Viana do Castelo,coastal,0.38,1,Apartment,1,0,3.95,0,64.0
10,3,0,0,concert,89,Guarda,rural,0.14,4,Apartment,1,0,4.21,0,120.0
4,5,1,0,none,21,Vila Real,rural,0.22,3,Room,0,0,3.83,0,62.0
12,3,0,0,none,20,Madeira,urban,0.65,4,House,1,1,3.36,1,230.0
3,1,0,0,none,59,Beja,rural,0.2,2,Apartment,0,0,4.66,0,67.0
11,0,0,0,concert,11,Beja,rural,0.2,3,Room,0,0,4.58,0,92.0
4,1,0,0,none,86,Setúbal,coastal,0.6,2,Apartment,0,0,3.9,0,100.0
7,0,0,0,none,82,Lisboa,urban,0.92,3,House,1,0,4.56,1,374.0
3,2,0,0,national_holiday,52,Aveiro,coastal,0.48,4,Room,0,0,4.67,1,131.0
10,5,1,0,national_holiday,31,Évora,historic,0.52,3,Apartment,0,0,3.01,1,224.0
4,2,0,0,sports_event,40,Guarda,rural,0.14,3,Room,0,0,4.52,0,91.0
11,4,1,0,sports_event,50,Beja,rural,0.2,2,Room,0,0,4.17,1,90.0
1,1,0,0,national_holiday,78,Aveiro,coastal,0.48,3,Apartment,1,0,2.94,1,132.0
7,4,1,0,sports_event,65,Évora,historic,0.52,5,Apartment,0,0,4.71,1,286.0
2,6,1,0,concert,42,Vila Real,rural,0.22,4,Room,0,0,4.24,1,113.0
11,2,0,0,none,58,Leiria,coastal,0.4,1,House,1,0,3.4,0,76.0
6,3,0,0,none,51,Castelo Branco,historic,0.28,3,Apartment,0,0,4.4,1,105.0
9,6,1,0,concert,11,Braga,urban,0.58,4,Apartment,1,1,4.29,1,221.0
11,4,1,0,sports_event,28,Madeira,urban,0.65,3,Apartment,1,0,4.47,1,304.0
7,2,0,0,none,19,Évora,historic,0.52,3,House,1,0,3.23,0,161.0
1,0,0,0,festival,50,Guarda,rural,0.14,5,Room,0,0,4.05,1,117.0
3,6,1,0,concert,88,Castelo Branco,historic,0.28,4,House,1,1,3.71,1,219.0
3,4,1,0,none,65,Vila Real,rural,0.22,1,Apartment,0,0,4.12,0,69.0
11,0,0,0,concert,60,Braga,urban,0.58,3,Shared_House,1,0,3.35,0,91.0
11,3,0,0,none,46,Bragança,rural,0.15,3,Apartment,0,0,3.64,0,56.0
6,6,1,0,festival,32,Porto,urban,0.85,4,Apartment,0,0,4.97,1,329.0
11,6,1,0,national_holiday,19,Évora,historic,0.52,2,Shared_House,0,0,4.78,0,126.0
3,1,0,0,fair,82,Beja,rural,0.2,2,Apartment,0,0,4.69,0,86.0
9,2,0,0,fair,2,Setúbal,coastal,0.6,3,House,1,1,4.94,1,328.0
5,6,1,0,sports_event,82,Vila Real,rural,0.22,3,Room,0,0,3.27,0,86.0
3,5,1,0,none,20,Bragança,rural,0.15,2,Apartment,1,0,4.17,1,75.0
4,3,0,0,sports_event,73,Porto,urban,0.85,5,House,1,1,4.32,1,386.0
6,2,0,0,none,77,Évora,historic,0.52,2,Room,0,0,4.01,0,65.0
5,5,1,0,festival,83,Beja,rural,0.2,1,Apartment,0,0,3.27,1,102.0
3,4,1,0,festival,87,Santarém,urban,0.35,1,Room,0,0,4.64,1,94.0
5,3,0,0,festival,46,Viseu,historic,0.32,2,Apartment,1,0,4.51,0,159.0
2,6,1,1,national_holiday,51,Évora,historic,0.52,1,Room,1,0,3.89,1,103.0
12,2,0,0,none,3,Guarda,rural,0.14,2,Apartment,1,0,4.62,0,62.0
5,4,1,0,none,75,Viana do Castelo,coastal,0.38,1,House,1,1,4.26,1,206.0
2,0,0,0,none,53,Aveiro,coastal,0.48,3,House,1,1,4.52,0,197.0
7,4,1,0,none,5,Porto,urban,0.85,3,Apartment,1,0,3.74,0,279.0
11,3,0,0,none,32,Portalegre,rural,0.18,3,Apartment,1,0,4.32,0,77.0
5,6,1,0,fair,77,Leiria,coastal,0.4,5,Room,0,0,4.32,1,144.0
11,2,0,0,none,35,Vila Real,rural,0.22,5,Room,0,0,4.08,0,80.0
8,6,1,0,concert,26,Porto,urban,0.85,3,Apartment,0,0,2.86,1,271.0
9,4,1,0,none,25,Viana do Castelo,coastal,0.38,2,Room,0,0,4.29,1,69.0
4,1,0,0,fair,16,Santarém,urban,0.35,3,Apartment,0,0,4.32,1,111.0
1,1,0,0,sports_event,49,Portalegre,rural,0.18,2,House,1,0,3.73,0,108.0
5,1,0,0,national_holiday,25,Vila Real,rural,0.22,4,House,1,1,4.49,1,202.0
12,2,0,0,fair,53,Viseu,historic,0.32,3,Room,0,0,4.32,0,72.0
10,3,0,0,sports_event,45,Castelo Branco,historic,0.28,2,House,1,0,4.4,0,155.0
10,6,1,0,none,59,Portalegre,rural,0.18,3,Apartment,0,0,4.01,1,77.0
11,6,1,0,festival,53,Madeira,urban,0.65,4,Apartment,0,0,3.35,1,267.0
5,4,1,1,national_holiday,6,Guarda,rural,0.14,3,Apartment,1,0,3.36,1,134.0
4,3,0,0,fair,1,Açores,rural,0.3,4,House,1,1,4.54,0,252.0
12,4,1,0,fair,28,Portalegre,rural,0.18,4,Apartment,0,0,3.65,1,136.0
7,2,0,0,none,31,Aveiro,coastal,0.48,3,Apartment,0,0,3.8,0,106.0
4,1,0,0,sports_event,41,Aveiro,coastal,0.48,2,Apartment,1,0,4.62,1,165.0
4,3,0,0,none,64,Évora,historic,0.52,3,Apartment,0,1,3.13,0,98.0
11,5,1,0,sports_event,88,Açores,rural,0.3,1,House,1,0,3.4,0,236.0
1,0,0,0,festival,68,Braga,urban,0.58,3,Shared_House,0,1,4.59,1,126.0
1,0,0,0,none,33,Açores,rural,0.3,1,Apartment,0,0,4.24,0,76.0
9,1,0,0,fair,22,Vila Real,rural,0.22,5,Apartment,0,1,3.2,0,121.0
1,1,0,0,none,33,Leiria,coastal,0.4,4,Apartment,0,1,3.98,0,127.0
3,1,0,0,concert,23,Santarém,urban,0.35,2,House,0,0,4.29,1,140.0
12,0,0,0,sports_event,51,Viana do Castelo,coastal,0.38,4,House,1,0,3.65,1,220.0
6,0,0,0,none,62,Faro,coastal,0.78,4,Apartment,1,0,3.48,1,234.0
9,2,0,0,none,24,Beja,rural,0.2,4,Apartment,0,0,3.36,0,71.0
6,5,1,0,none,55,Viana do Castelo,coastal,0.38,2,Shared_House,0,0,4.62,1,65.0
2,1,0,0,festival,34,Évora,historic,0.52,3,House,1,0,4.72,0,281.0
3,2,0,0,fair,45,Beja,rural,0.2,3,Room,0,0,4.58,0,78.0
10,6,1,0,none,22,Porto,urban,0.85,2,Apartment,0,0,4.82,1,237.0
2,1,0,0,none,50,Faro,coastal,0.78,3,Room,0,0,4.84,0,117.0
8,6,1,0,none,9,Faro,coastal,0.78,2,Room,0,0,3.44,1,138.0
5,3,0,0,none,45,Lisboa,urban,0.92,4,Apartment,0,0,4.7,1,247.0
5,5,1,0,none,41,Aveiro,coastal,0.48,5,Apartment,1,0,4.26,1,213.0
12,2,0,1,festival,37,Vila Real,rural,0.22,2,Apartment,1,0,5.0,1,147.0
8,2,0,0,none,82,Setúbal,coastal,0.6,2,Room,0,0,5.0,1,94.0
8,2,0,0,fair,71,Aveiro,coastal,0.48,2,Apartment,0,0,4.1,1,119.0
5,0,0,0,none,52,Leiria,coastal,0.4,4,Apartment,1,0,4.05,1,139.0
5,2,0,0,festival,80,Beja,rural,0.2,2,House,1,1,4.01,0,176.0
9,6,1,0,none,60,Évora,historic,0.52,4,House,1,1,4.24,0,319.0
1,0,0,0,none,58,Beja,rural,0.2,4,Apartment,0,0,4.32,0,74.0
3,4,1,0,none,44,Coimbra,urban,0.55,2,Apartment,0,0,5.0,0,146.0
8,4,1,0,sports_event,25,Coimbra,urban,0.55,4,Apartment,1,0,4.27,1,223.0
8,0,0,0,national_holiday,27,Beja,rural,0.2,3,Apartment,0,0,3.99,1,112.0
2,0,0,0,none,88,Leiria,coastal,0.4,2,Apartment,0,0,4.21,0,66.0
10,3,0,0,festival,62,Lisboa,urban,0.92,5,Room,1,0,3.79,0,209.0
7,1,0,0,festival,8,Leiria,coastal,0.4,3,Shared_House,0,0,3.36,1,124.0
3,6,1,0,none,22,Porto,urban,0.85,1,Room,0,0,4.13,1,107.0
10,1,0,0,concert,86,Açores,rural,0.3,3,Apartment,1,0,5.0,1,164.0
12,0,0,0,none,19,Vila Real,rural,0.22,3,Apartment,1,0,4.64,1,94.0
6,2,0,0,fair,51,Beja,rural,0.2,3,House,1,1,3.96,1,146.0
4,2,0,0,festival,32,Beja,rural,0.2,2,Apartment,0,0,4.38,0,119.0
4,1,0,0,none,64,Lisboa,urban,0.92,3,Shared_House,0,0,5.0,1,106.0
8,4,1,0,sports_event,78,Bragança,rural,0.15,2,Room,1,0,4.3,1,93.0
1,2,0,0,none,39,Portalegre,rural,0.18,3,Shared_House,1,0,3.75,0,56.0
6,3,0,0,sports_event,1,Évora,historic,0.52,2,Room,1,0,4.23,1,133.0
1,1,0,0,concert,33,Leiria,coastal,0.4,3,Apartment,1,0,4.52,0,149.0
1,0,0,0,festival,2,Beja,rural,0.2,4,Apartment,1,0,4.41,1,155.0
6,0,0,0,none,21,Leiria,coastal,0.4,1,Room,0,0,4.93,0,65.0
9,0,0,0,none,35,Coimbra,urban,0.55,1,House,1,1,4.25,0,165.0
11,6,1,0,festival,11,Setúbal,coastal,0.6,4,Room,0,0,3.03,1,168.0
2,1,0,0,sports_event,4,Faro,coastal,0.78,2,Apartment,0,0,4.44,0,284.0
3,2,0,0,festival,29,Guarda,rural,0.14,2,House,1,1,4.4,1,166.0
6,4,1,0,none,3,Viseu,historic,0.32,3,House,1,0,4.37,0,183.0
7,0,0,0,concert,23,Porto,urban,0.85,3,Apartment,1,0,3.78,0,246.0
12,4,1,0,concert,11,Lisboa,urban,0.92,2,House,1,0,5.0,1,516.0
9,3,0,0,sports_event,49,Viseu,historic,0.32,4,Apartment,1,0,3.66,1,159.0
7,5,1,0,none,72,Castelo Branco,historic,0.28,2,Apartment,1,0,3.71,1,111.0
1,0,0,0,none,78,Viana do Castelo,coastal,0.38,4,House,0,1,4.09,0,150.0
1,0,0,0,none,56,Santarém,urban,0.35,4,Apartment,0,0,4.86,0,112.0
2,5,1,0,concert,8,Guarda,rural,0.14,2,Room,0,0,4.88,1,80.0
8,2,0,0,concert,7,Évora,historic,0.52,4,Apartment,0,0,4.52,1,220.0
4,0,0,0,fair,68,Portalegre,rural,0.18,3,Room,0,0,4.65,1,80.0
3,3,0,0,none,68,Castelo Branco,historic,0.28,5,Apartment,1,0,3.55,0,95.0
9,3,0,0,concert,25,Porto,urban,0.85,4,House,1,0,3.35,0,315.0
10,6,1,0,fair,90,Bragança,rural,0.15,2,Apartment,0,0,4.01,1,95.0
6,6,1,0,none,58,Viana do Castelo,coastal,0.38,3,Room,0,0,4.64,1,112.0
11,3,0,0,none,40,Viseu,historic,0.32,3,House,0,0,4.66,1,128.0
9,1,0,0,none,57,Viseu,historic,0.32,4,Apartment,1,0,3.77,0,108.0
9,5,1,0,festival,2,Braga,urban,0.58,3,House,0,0,3.71,1,287.0
11,1,0,0,none,67,Braga,urban,0.58,4,Apartment,0,0,4.78,0,121.0
3,5,1,0,none,20,Faro,coastal,0.78,2,Apartment,0,0,4.3,1,273.0
10,4,1,0,festival,2,Leiria,coastal,0.4,5,Apartment,1,0,3.16,1,223.0
12,2,0,0,concert,57,Faro,coastal,0.78,2,Room,0,0,3.64,0,128.0
12,6,1,0,fair,1,Viseu,historic,0.32,1,House,1,1,4.44,1,205.0
7,3,0,0,concert,3,Leiria,coastal,0.4,2,Shared_House,0,0,3.61,0,69.0
10,2,0,0,fair,16,Castelo Branco,historic,0.28,5,Apartment,0,0,3.71,0,125.0
11,1,0,0,festival,86,Leiria,coastal,0.4,4,Apartment,0,0,3.73,0,176.0
11,4,1,1,concert,89,Guarda,rural,0.14,3,House,1,1,4.64,0,190.0
11,1,0,0,none,38,Beja,rural,0.2,5,House,1,0,4.2,0,117.0
10,1,0,0,fair,31,Braga,urban,0.58,2,Apartment,0,0,5.0,0,146.0
5,0,0,0,fair,39,Bragança,rural,0.15,2,Apartment,1,0,3.99,1,91.0
9,4,1,0,sports_event,57,Viana do Castelo,coastal,0.38,2,Shared_House,0,0,4.09,1,104.0
5,6,1,0,none,52,Viseu,historic,0.32,3,Apartment,1,0,4.37,1,138.0
10,1,0,0,none,28,Viseu,historic,0.32,3,Apartment,1,0,3.89,0,89.0
10,1,0,0,none,23,Porto,urban,0.85,2,Apartment,1,1,3.4,0,146.0
12,4,1,0,none,44,Bragança,rural,0.15,1,Apartment,0,0,4.02,0,65.0
8,1,0,0,none,26,Madeira,urban,0.65,2,Apartment,0,0,3.83,1,145.0
6,0,0,1,national_holiday,40,Porto,urban,0.85,2,Apartment,1,0,4.14,1,280.0
2,4,1,0,none,3,Braga,urban,0.58,3,Apartment,0,0,3.9,1,132.0
8,3,0,0,fair,17,Porto,urban,0.85,3,Apartment,1,0,4.43,1,260.0
7,0,0,0,sports_event,88,Évora,historic,0.52,2,Apartment,0,0,4.02,1,177.0
7,1,0,0,fair,33,Leiria,coastal,0.4,1,Apartment,1,0,3.39,0,112.0
9,1,0,0,none,40,Açores,rural,0.3,3,Shared_House,1,0,3.89,0,64.0
11,4,1,0,none,18,Santarém,urban,0.35,4,Apartment,0,0,3.6,1,108.0
2,4,1,0,none,79,Açores,rural,0.3,3,Apartment,1,0,5.0,0,173.0
6,5,1,0,fair,26,Açores,rural,0.3,3,Room,0,0,4.22,1,132.0
9,0,0,0,none,27,Faro,coastal,0.78,5,Room,0,0,4.53,1,175.0
10,5,1,0,sports_event,38,Leiria,coastal,0.4,4,House,0,1,4.15,1,291.0
10,1,0,0,none,73,Setúbal,coastal,0.6,2,Apartment,1,0,5.0,1,162.0
10,6,1,0,none,72,Évora,historic,0.52,4,Room,0,0,3.57,1,105.0
11,6,1,0,none,17,Lisboa,urban,0.92,3,House,1,1,3.8,1,389.0
12,3,0,0,none,18,Aveiro,coastal,0.48,3,Apartment,1,0,4.76,0,130.0
8,5,1,0,none,23,Évora,historic,0.52,3,Apartment,1,0,3.94,1,198.0
3,4,1,0,fair,18,Coimbra,urban,0.55,3,Apartment,1,0,3.83,1,168.0
7,5,1,0,none,46,Portalegre,rural,0.18,5,Apartment,1,0,3.92,0,146.0
9,0,0,0,none,23,Guarda,rural,0.14,2,Apartment,1,0,5.0,0,91.0
2,0,0,0,none,7,Portalegre,rural,0.18,3,Apartment,0,0,5.0,0,84.0
10,6,1,0,national_holiday,72,Évora,historic,0.52,1,Shared_House,0,0,4.4,1,122.0
7,5,1,0,sports_event,31,Beja,rural,0.2,4,Room,0,0,4.3,1,129.0
12,4,1,0,sports_event,23,Faro,coastal,0.78,2,Apartment,1,0,4.59,0,369.0
3,2,0,0,none,13,Guarda,rural,0.14,3,Apartment,0,0,4.4,0,75.0
11,2,0,0,fair,74,Santarém,urban,0.35,5,House,1,1,4.29,1,187.0
6,2,0,0,none,55,Aveiro,coastal,0.48,2,Apartment,1,0,3.97,0,119.0
7,3,0,0,concert,30,Faro,coastal,0.78,1,Room,0,0,3.89,1,137.0
8,4,1,0,concert,75,Coimbra,urban,0.55,3,Shared_House,1,0,4.45,1,115.0
7,5,1,0,none,28,Lisboa,urban,0.92,3,House,1,1,4.27,1,514.0
11,2,0,0,none,23,Viana do Castelo,coastal,0.38,1,Apartment,1,0,4.93,1,91.0
3,5,1,0,festival,35,Guarda,rural,0.14,2,Room,0,0,4.07,1,85.0
9,0,0,0,none,4,Porto,urban,0.85,2,Apartment,0,0,3.74,0,161.0
12,5,1,1,national_holiday,41,Braga,urban,0.58,2,Apartment,0,0,3.47,1,189.0
3,4,1,0,none,68,Beja,rural,0.2,4,Room,0,0,3.82,1,66.0
4,3,0,0,none,38,Santarém,urban,0.35,2,Apartment,1,0,3.48,0,58.0
6,2,0,0,sports_event,53,Guarda,rural,0.14,3,Apartment,0,0,4.77,1,123.0
9,2,0,0,none,36,Castelo Branco,historic,0.28,2,Room,0,0,3.99,1,36.0
12,2,0,0,festival,75,Bragança,rural,0.15,5,Apartment,0,1,3.82,0,152.0
10,6,1,0,none,90,Vila Real,rural,0.22,4,Apartment,1,0,4.44,1,120.0
10,0,0,0,none,49,Faro,coastal,0.78,3,House,0,0,5.0,0,334.0
6,4,1,0,none,63,Leiria,coastal,0.4,4,Apartment,0,0,3.99,1,147.0
8,6,1,0,fair,55,Bragança,rural,0.15,2,Room,0,0,3.63,1,71.0
3,3,0,0,none,80,Évora,historic,0.52,1,Shared_House,1,0,4.0,0,37.0
6,4,1,0,sports_event,82,Viana do Castelo,coastal,0.38,3,Shared_House,0,0,3.27,1,98.0
3,4,1,0,concert,81,Aveiro,coastal,0.48,3,Apartment,1,1,4.46,1,238.0
1,3,0,0,festival,7,Açores,rural,0.3,2,Shared_House,0,0,4.49,0,118.0
11,4,1,0,none,39,Faro,coastal,0.78,3,Apartment,0,0,3.98,0,271.0
10,6,1,0,none,46,Santarém,urban,0.35,4,Apartment,0,0,3.64,0,115.0
7,4,1,0,festival,70,Viana do Castelo,coastal,0.38,5,Apartment,0,0,5.0,1,227.0
1,5,1,0,sports_event,51,Lisboa,urban,0.92,5,Room,0,0,3.59,1,220.0
2,3,0,0,concert,43,Bragança,rural,0.15,3,Apartment,0,0,3.82,0,85.0
2,5,1,0,sports_event,48,Castelo Branco,historic,0.28,3,House,0,1,4.22,1,207.0
9,6,1,0,none,54,Aveiro,coastal,0.48,3,Room,0,0,4.63,1,100.0
3,1,0,0,concert,55,Faro,coastal,0.78,2,Apartment,0,0,4.12,0,214.0
4,6,1,0,festival,67,Madeira,urban,0.65,4,Room,1,0,4.22,1,200.0
11,4,1,0,national_holiday,37,Braga,urban,0.58,1,Apartment,0,1,4.51,1,207.0
11,3,0,0,concert,53,Porto,urban,0.85,5,Apartment,0,0,5.0,0,276.0
10,5,1,0,none,11,Guarda,rural,0.14,2,House,1,1,3.91,0,121.0
4,1,0,0,sports_event,46,Portalegre,rural,0.18,2,Room,0,0,3.95,0,67.0
7,4,1,0,festival,34,Braga,urban,0.58,2,Apartment,0,0,4.15,1,189.0
3,4,1,0,none,2,Viana do Castelo,coastal,0.38,4,Room,1,0,4.54,1,127.0
11,6,1,0,festival,19,Porto,urban,0.85,2,Apartment,0,0,5.0,1,325.0
2,4,1,0,none,88,Coimbra,urban,0.55,3,House,0,0,4.14,1,169.0
9,3,0,0,none,50,Bragança,rural,0.15,2,Apartment,1,0,4.48,0,81.0
7,3,0,0,sports_event,4,Bragança,rural,0.15,3,Apartment,0,0,3.12,0,106.0
10,3,0,0,none,80,Braga,urban,0.58,3,House,1,0,4.23,1,152.0
6,6,1,0,concert,11,Lisboa,urban,0.92,5,House,1,0,4.19,0,562.0
2,5,1,0,none,57,Bragança,rural,0.15,2,Apartment,0,0,4.71,0,80.0
10,0,0,0,concert,4,Castelo Branco,historic,0.28,2,House,1,1,3.94,0,160.0
8,3,0,0,sports_event,76,Évora,historic,0.52,2,Apartment,0,0,3.59,1,188.0
6,2,0,0,concert,57,Portalegre,rural,0.18,3,Apartment,1,0,4.31,0,116.0
5,1,0,0,none,78,Beja,rural,0.2,4,Apartment,0,0,3.42,0,78.0
5,6,1,0,national_holiday,28,Beja,rural,0.2,2,Room,0,0,3.8,1,100.0
6,6,1,0,none,81,Santarém,urban,0.35,5,Apartment,0,0,4.23,0,157.0
4,6,1,0,concert,81,Portalegre,rural,0.18,1,Apartment,0,0,3.0,1,72.0
4,2,0,0,none,43,Aveiro,coastal,0.48,4,Apartment,0,0,4.07,0,117.0
4,2,0,0,none,54,Faro,coastal,0.78,3,House,0,0,4.99,0,332.0
1,5,1,0,festival,34,Beja,rural,0.2,5,Apartment,0,0,3.39,0,163.0
12,1,0,0,none,71,Viseu,historic,0.32,3,Apartment,0,0,3.86,1,73.0
3,0,0,0,none,58,Braga,urban,0.58,3,Shared_House,1,1,4.49,0,89.0
2,2,0,0,none,14,Viseu,historic,0.32,1,Shared_House,1,0,4.61,0,26.0
2,4,1,0,none,37,Leiria,coastal,0.4,2,Apartment,0,0,4.23,1,127.0
12,3,0,0,national_holiday,37,Viseu,historic,0.32,4,House,0,0,4.11,1,188.0
6,1,0,0,sports_event,40,Lisboa,urban,0.92,1,Room,0,0,5.0,0,191.0
4,3,0,0,none,57,Évora,historic,0.52,4,Shared_House,1,0,4.31,0,88.0
5,6,1,0,concert,26,Coimbra,urban,0.55,2,Apartment,0,1,3.67,1,188.0
2,1,0,0,festival,17,Bragança,rural,0.15,2,Room,0,0,4.26,0,81.0
4,2,0,0,sports_event,42,Leiria,coastal,0.4,3,Apartment,0,0,4.13,0,154.0
3,2,0,0,festival,35,Portalegre,rural,0.18,1,House,1,0,3.98,1,106.0
10,2,0,0,none,82,Santarém,urban,0.35,3,House,0,1,3.36,0,106.0
1,4,1,0,none,68,Viana do Castelo,coastal,0.38,5,Room,0,0,4.2,0,111.0
6,2,0,0,concert,23,Açores,rural,0.3,1,Shared_House,0,0,4.49,0,74.0
10,4,1,0,concert,62,Leiria,coastal,0.4,2,Apartment,1,0,4.58,1,180.0
11,0,0,0,concert,55,Castelo Branco,historic,0.28,1,Apartment,0,0,4.21,1,84.0
7,4,1,0,none,82,Faro,coastal,0.78,3,House,1,0,4.22,1,488.0
3,0,0,0,concert,68,Vila Real,rural,0.22,4,Apartment,0,0,3.92,0,104.0
5,2,0,0,none,51,Setúbal,coastal,0.6,5,House,1,0,4.68,0,284.0
3,6,1,0,sports_event,23,Braga,urban,0.58,2,Room,0,1,3.61,1,130.0
8,2,0,0,none,19,Beja,rural,0.2,2,House,1,0,3.94,0,90.0
4,4,1,0,concert,34,Vila Real,rural,0.22,1,Room,0,0,3.8,1,56.0
8,2,0,0,national_holiday,80,Porto,urban,0.85,2,Apartment,0,0,4.14,1,250.0
8,6,1,0,none,81,Braga,urban,0.58,3,Apartment,0,0,4.86,1,188.0
12,6,1,0,concert,87,Coimbra,urban,0.55,5,Room,0,0,3.61,1,133.0
5,6,1,0,festival,89,Madeira,urban,0.65,2,House,0,1,4.34,1,461.0
12,2,0,0,none,44,Madeira,urban,0.65,4,House,1,0,4.35,0,222.0
5,2,0,0,none,55,Leiria,coastal,0.4,3,Apartment,1,0,3.72,1,93.0
9,4,1,0,sports_event,8,Madeira,urban,0.65,4,Room,0,0,4.1,1,187.0
8,5,1,0,none,15,Portalegre,rural,0.18,4,Apartment,0,0,3.75,1,106.0
10,3,0,0,none,23,Castelo Branco,historic,0.28,4,Room,0,0,4.25,1,81.0
6,5,1,0,fair,16,Braga,urban,0.58,3,Apartment,0,0,4.14,1,181.0
10,6,1,0,festival,68,Santarém,urban,0.35,2,Apartment,0,0,4.95,1,152.0
5,5,1,0,concert,76,Guarda,rural,0.14,2,Apartment,1,0,3.82,1,104.0
6,2,0,0,festival,1,Braga,urban,0.58,2,Apartment,0,0,4.11,1,178.0
6,1,0,0,none,62,Coimbra,urban,0.55,3,Shared_House,1,0,4.01,0,72.0
9,3,0,0,concert,27,Santarém,urban,0.35,5,House,0,1,4.88,1,224.0
8,4,1,0,none,45,Faro,coastal,0.78,3,House,1,0,3.95,1,484.0
1,5,1,0,none,34,Porto,urban,0.85,3,Apartment,0,0,3.75,1,191.0
10,2,0,0,festival,14,Leiria,coastal,0.4,2,House,0,0,3.81,0,198.0
10,1,0,0,national_holiday,71,Aveiro,coastal,0.48,3,Apartment,1,0,3.8,1,170.0
2,2,0,0,none,28,Lisboa,urban,0.92,2,House,1,0,3.91,0,202.0
12,4,1,0,national_holiday,40,Guarda,rural,0.14,1,Shared_House,0,0,3.77,1,56.0
8,1,0,0,concert,54,Açores,rural,0.3,1,Apartment,1,1,4.21,0,173.0
2,2,0,0,none,48,Porto,urban,0.85,4,Room,0,0,3.55,0,87.0
6,1,0,0,none,17,Guarda,rural,0.14,2,Shared_House,0,0,4.49,0,43.0
11,6,1,0,none,61,Viana do Castelo,coastal,0.38,5,Shared_House,0,0,4.22,0,92.0
4,3,0,0,festival,15,Viseu,historic,0.32,3,Room,1,0,5.0,1,141.0
12,5,1,0,none,71,Beja,rural,0.2,3,Room,0,0,4.43,1,67.0
6,3,0,0,none,59,Coimbra,urban,0.55,4,Apartment,0,0,4.38,0,144.0
3,0,0,0,none,31,Porto,urban,0.85,4,House,1,1,5.0,0,320.0
5,1,0,0,national_holiday,32,Beja,rural,0.2,2,House,1,0,4.42,1,155.0
7,5,1,0,none,16,Coimbra,urban,0.55,2,Apartment,0,0,4.09,1,140.0
9,3,0,0,none,40,Viseu,historic,0.32,2,Apartment,0,0,3.77,0,65.0
12,4,1,0,none,17,Viana do Castelo,coastal,0.38,3,Apartment,1,0,4.93,1,172.0
3,5,1,0,none,46,Castelo Branco,historic,0.28,2,Apartment,1,0,3.7,0,86.0
12,3,0,0,none,15,Faro,coastal,0.78,3,House,1,1,3.63,0,318.0
7,4,1,0,concert,80,Porto,urban,0.85,2,Room,0,0,3.63,1,157.0
2,1,0,0,festival,11,Castelo Branco,historic,0.28,5,House,1,1,3.82,0,200.0
12,1,0,0,none,65,Portalegre,rural,0.18,4,House,1,1,4.22,0,111.0
5,1,0,0,concert,40,Lisboa,urban,0.92,4,House,0,1,4.07,1,400.0
8,2,0,0,none,31,Aveiro,coastal,0.48,3,Apartment,0,0,4.46,0,137.0
9,4,1,0,concert,17,Aveiro,coastal,0.48,1,Apartment,0,0,3.65,1,174.0
1,6,1,0,none,58,Castelo Branco,historic,0.28,1,Apartment,1,0,3.76,1,84.0
3,3,0,0,fair,71,Portalegre,rural,0.18,3,Shared_House,0,0,4.28,0,65.0
9,4,1,0,national_holiday,59,Vila Real,rural,0.22,5,Room,0,0,3.72,1,118.0
4,6,1,0,concert,1,Portalegre,rural,0.18,1,House,1,1,3.52,1,154.0
1,4,1,0,none,75,Coimbra,urban,0.55,3,Apartment,0,0,3.44,1,110.0
1,1,0,0,festival,86,Santarém,urban,0.35,4,Shared_House,0,0,4.18,1,98.0
10,1,0,0,concert,64,Vila Real,rural,0.22,2,Apartment,0,0,4.17,0,74.0
2,4,1,0,festival,2,Portalegre,rural,0.18,5,Apartment,0,0,4.14,1,163.0
2,2,0,0,none,46,Santarém,urban,0.35,5,House,1,0,4.81,0,162.0
7,1,0,0,none,30,Santarém,urban,0.35,1,House,1,0,4.35,0,130.0
2,4,1,0,none,59,Faro,coastal,0.78,3,Shared_House,1,0,4.2,1,131.0
8,4,1,0,none,68,Setúbal,coastal,0.6,2,Room,1,0,4.87,1,134.0
7,1,0,0,none,80,Castelo Branco,historic,0.28,3,Shared_House,1,0,4.69,0,80.0
8,0,0,0,sports_event,79,Castelo Branco,historic,0.28,5,Room,0,0,3.84,0,120.0
6,5,1,0,none,87,Évora,historic,0.52,1,Shared_House,0,0,4.62,1,76.0
10,2,0,0,none,8,Coimbra,urban,0.55,5,House,1,0,5.0,0,205.0
8,4,1,0,none,11,Viana do Castelo,coastal,0.38,5,House,1,0,5.0,1,274.0
5,1,0,0,national_holiday,73,Santarém,urban,0.35,3,House,1,0,4.69,1,205.0
1,2,0,0,festival,65,Vila Real,rural,0.22,2,Shared_House,0,1,4.39,0,87.0
4,4,1,0,sports_event,68,Açores,rural,0.3,2,Apartment,0,0,4.35,1,210.0
2,0,0,0,concert,22,Faro,coastal,0.78,3,House,1,0,4.93,1,427.0
1,2,0,0,festival,42,Lisboa,urban,0.92,2,Apartment,0,0,3.53,1,203.0
4,5,1,0,none,58,Castelo Branco,historic,0.28,1,House,0,0,4.83,1,132.0
3,5,1,0,festival,57,Viana do Castelo,coastal,0.38,1,House,1,0,4.27,1,229.0
1,2,0,0,none,78,Lisboa,urban,0.92,3,Apartment,1,0,3.74,0,165.0
4,0,0,0,festival,34,Leiria,coastal,0.4,1,House,1,0,3.61,1,204.0
7,0,0,0,none,76,Santarém,urban,0.35,2,House,1,1,3.35,0,129.0
3,3,0,0,fair,29,Vila Real,rural,0.22,3,Apartment,1,0,4.48,0,99.0
4,4,1,0,none,69,Madeira,urban,0.65,2,House,0,0,5.0,1,346.0
1,4,1,0,none,3,Aveiro,coastal,0.48,2,Apartment,1,0,3.95,1,138.0
1,2,0,0,festival,19,Viseu,historic,0.32,1,Room,0,0,3.77,0,58.0
2,0,0,0,none,1,Madeira,urban,0.65,1,Shared_House,0,0,4.8,0,70.0
6,1,0,0,none,20,Guarda,rural,0.14,2,Apartment,0,0,4.26,0,43.0
8,0,0,0,fair,48,Faro,coastal,0.78,2,Apartment,1,0,4.83,1,316.0
10,3,0,0,concert,79,Lisboa,urban,0.92,3,Apartment,0,0,3.71,0,231.0
8,2,0,0,sports_event,2,Guarda,rural,0.14,2,Room,1,0,4.53,0,93.0
8,0,0,0,none,53,Açores,rural,0.3,2,Apartment,0,0,5.0,1,143.0
12,4,1,0,none,12,Braga,urban,0.58,4,House,1,0,3.68,0,226.0
4,2,0,0,none,16,Braga,urban,0.58,3,Apartment,0,0,4.04,0,92.0
10,6,1,0,festival,9,Viana do Castelo,coastal,0.38,2,Room,0,0,4.02,1,116.0
12,2,0,0,festival,53,Vila Real,rural,0.22,5,House,1,1,4.57,1,222.0
7,0,0,0,none,57,Setúbal,coastal,0.6,4,House,1,1,4.83,0,326.0
11,4,1,0,none,25,Lisboa,urban,0.92,3,House,1,0,3.86,0,369.0
2,4,1,0,none,61,Leiria,coastal,0.4,3,Room,1,0,5.0,0,112.0
11,6,1,0,none,37,Madeira,urban,0.65,1,House,1,1,4.23,0,328.0
7,4,1,0,none,68,Faro,coastal,0.78,3,Apartment,1,0,3.92,1,322.0
3,2,0,0,none,48,Castelo Branco,historic,0.28,3,Apartment,0,0,4.91,1,93.0
1,4,1,0,none,88,Setúbal,coastal,0.6,5,Apartment,1,0,4.27,0,206.0
9,5,1,0,none,61,Porto,urban,0.85,5,Apartment,0,0,4.01,1,276.0
6,3,0,0,none,89,Évora,historic,0.52,1,House,1,0,3.93,0,172.0
4,5,1,0,festival,82,Beja,rural,0.2,5,House,0,0,5.0,1,257.0
5,6,1,0,concert,19,Évora,historic,0.52,4,Shared_House,1,0,3.7,1,124.0
12,5,1,0,none,32,Porto,urban,0.85,3,Apartment,0,0,4.76,0,243.0
6,3,0,0,none,32,Braga,urban,0.58,5,House,1,1,3.79,0,220.0
1,3,0,0,festival,55,Portalegre,rural,0.18,2,Room,0,0,3.89,1,73.0
4,5,1,0,none,51,Beja,rural,0.2,2,Apartment,0,0,4.16,0,92.0
2,6,1,0,none,43,Beja,rural,0.2,4,House,0,0,4.43,0,143.0
9,1,0,0,none,4,Guarda,rural,0.14,1,Apartment,1,0,3.38,0,37.0
10,0,0,0,none,41,Viana do Castelo,coastal,0.38,4,Apartment,0,0,3.93,0,107.0
11,5,1,0,concert,18,Açores,rural,0.3,4,Apartment,1,0,4.71,1,246.0
8,1,0,0,fair,86,Madeira,urban,0.65,5,Apartment,0,1,4.71,1,291.0
10,6,1,0,none,77,Porto,urban,0.85,2,Apartment,0,0,4.05,1,198.0
6,0,0,0,none,17,Viana do Castelo,coastal,0.38,3,Shared_House,0,0,3.61,0,46.0
8,6,1,0,national_holiday,37,Lisboa,urban,0.92,1,Apartment,0,1,4.31,1,369.0
2,4,1,0,none,58,Lisboa,urban,0.92,4,Apartment,0,0,4.62,0,264.0
7,2,0,0,national_holiday,44,Açores,rural,0.3,3,House,0,1,4.29,1,286.0
7,0,0,0,concert,16,Braga,urban,0.58,3,Shared_House,1,0,4.9,1,125.0
1,5,1,0,none,67,Madeira,urban,0.65,4,Apartment,0,0,4.07,0,219.0
7,0,0,0,none,82,Viana do Castelo,coastal,0.38,3,Room,0,0,3.54,1,55.0
9,0,0,0,none,73,Madeira,urban,0.65,3,Apartment,0,0,3.9,0,146.0
5,5,1,0,concert,32,Madeira,urban,0.65,3,Apartment,1,0,4.2,1,299.0
7,4,1,0,none,78,Viseu,historic,0.32,3,Shared_House,1,1,3.85,1,108.0
4,0,0,0,sports_event,80,Leiria,coastal,0.4,4,Room,0,0,3.94,1,135.0
4,2,0,0,festival,81,Viseu,historic,0.32,4,House,1,0,4.68,1,234.0
2,4,1,0,concert,75,Madeira,urban,0.65,1,Apartment,0,0,3.79,1,211.0
4,4,1,0,concert,27,Madeira,urban,0.65,2,House,0,0,3.53,0,348.0
10,2,0,0,none,46,Santarém,urban,0.35,3,Apartment,1,0,4.6,0,99.0
12,2,0,0,none,59,Santarém,urban,0.35,1,Apartment,0,0,4.52,0,64.0
8,0,0,0,festival,74,Lisboa,urban,0.92,4,Room,0,0,3.68,0,199.0
8,0,0,0,concert,11,Viana do Castelo,coastal,0.38,3,House,1,0,4.55,1,238.0
8,6,1,0,sports_event,7,Beja,rural,0.2,1,House,0,0,3.63,1,159.0
6,1,0,1,festival,88,Açores,rural,0.3,3,Apartment,0,0,3.84,1,191.0
6,6,1,0,concert,63,Braga,urban,0.58,2,Room,0,0,3.65,1,100.0
8,0,0,0,none,25,Portalegre,rural,0.18,4,Shared_House,1,0,3.97,0,68.0
10,6,1,0,none,90,Faro,coastal,0.78,2,Shared_House,0,0,4.48,1,126.0
5,2,0,0,fair,36,Faro,coastal,0.78,1,Apartment,0,0,4.33,1,236.0
7,5,1,0,festival,57,Madeira,urban,0.65,1,Apartment,0,0,3.79,1,297.0
6,5,1,0,concert,84,Leiria,coastal,0.4,3,House,0,1,4.29,1,283.0
4,2,0,0,none,77,Porto,urban,0.85,4,House,0,1,4.39,1,261.0
4,5,1,0,festival,57,Vila Real,rural,0.22,3,Room,0,0,4.68,1,132.0
1,2,0,0,none,50,Coimbra,urban,0.55,1,Apartment,1,1,4.38,0,100.0
6,5,1,0,none,26,Coimbra,urban,0.55,3,House,1,1,4.57,1,263.0
9,6,1,0,none,16,Aveiro,coastal,0.48,3,Apartment,1,0,4.23,1,178.0
9,5,1,0,concert,8,Beja,rural,0.2,4,Shared_House,0,0,3.79,1,94.0
12,5,1,1,national_holiday,2,Coimbra,urban,0.55,2,Apartment,0,0,4.28,1,185.0
1,2,0,0,none,44,Leiria,coastal,0.4,4,Shared_House,1,0,4.81,1,76.0
10,0,0,0,none,32,Santarém,urban,0.35,3,Room,0,0,4.83,0,63.0
10,3,0,1,national_holiday,54,Setúbal,coastal,0.6,3,Apartment,0,0,2.91,1,173.0
6,0,0,0,festival,46,Portalegre,rural,0.18,3,Room,0,0,4.51,1,111.0
4,3,0,0,sports_event,61,Bragança,rural,0.15,1,Apartment,0,0,3.95,0,79.0
5,6,1,1,sports_event,18,Açores,rural,0.3,2,Apartment,0,0,4.4,1,227.0
9,0,0,0,none,15,Açores,rural,0.3,4,Apartment,0,0,3.52,0,115.0
11,6,1,0,none,12,Portalegre,rural,0.18,3,Shared_House,0,0,3.98,1,57.0
8,4,1,0,none,64,Castelo Branco,historic,0.28,3,Apartment,0,0,3.4,1,106.0
7,0,0,0,festival,82,Setúbal,coastal,0.6,3,Apartment,1,0,3.98,1,261.0
8,5,1,0,fair,33,Aveiro,coastal,0.48,1,House,0,0,4.5,1,252.0
1,0,0,0,none,13,Faro,coastal,0.78,2,Apartment,0,0,4.42,1,165.0
8,4,1,0,national_holiday,85,Viana do Castelo,coastal,0.38,3,Apartment,1,0,5.0,1,205.0
1,3,0,0,none,21,Vila Real,rural,0.22,2,Apartment,0,0,3.94,0,49.0
12,5,1,0,sports_event,59,Viana do Castelo,coastal,0.38,5,Apartment,0,0,3.76,0,226.0
11,2,0,1,sports_event,80,Faro,coastal,0.78,1,House,0,1,4.89,1,446.0
7,0,0,0,sports_event,83,Madeira,urban,0.65,3,House,1,1,3.34,1,364.0
5,2,0,0,sports_event,21,Porto,urban,0.85,2,Room,1,0,4.3,0,151.0
9,5,1,0,none,3,Porto,urban,0.85,4,Apartment,0,1,4.45,1,296.0
8,6,1,0,concert,38,Coimbra,urban,0.55,4,Room,0,0,3.04,1,111.0
9,1,0,0,none,82,Madeira,urban,0.65,2,Apartment,0,0,3.65,0,111.0
7,2,0,0,festival,43,Coimbra,urban,0.55,3,Apartment,1,0,3.52,1,184.0
3,6,1,0,none,80,Vila Real,rural,0.22,5,Shared_House,0,1,4.62,0,106.0
1,2,0,0,none,76,Açores,rural,0.3,3,House,1,0,3.88,0,157.0
4,1,0,0,fair,46,Santarém,urban,0.35,1,House,1,0,4.07,0,111.0
7,5,1,0,none,79,Bragança,rural,0.15,4,Apartment,1,0,3.39,1,123.0
6,3,0,0,none,88,Aveiro,coastal,0.48,2,Apartment,0,0,3.8,0,89.0
7,4,1,0,none,62,Guarda,rural,0.14,2,House,1,0,3.8,1,117.0
4,3,0,0,festival,68,Açores,rural,0.3,4,Room,0,0,4.09,1,138.0
12,4,1,1,concert,41,Setúbal,coastal,0.6,5,House,1,1,4.05,1,408.0
5,1,0,0,national_holiday,90,Aveiro,coastal,0.48,1,Apartment,1,0,4.94,1,178.0
11,5,1,0,festival,32,Aveiro,coastal,0.48,2,House,0,1,4.55,1,295.0
5,2,0,0,none,69,Vila Real,rural,0.22,2,Apartment,0,1,3.31,0,66.0
6,3,0,0,none,85,Viana do Castelo,coastal,0.38,5,Apartment,0,0,4.71,0,148.0
8,1,0,0,none,83,Porto,urban,0.85,4,Room,0,0,4.64,0,129.0
4,0,0,0,festival,80,Coimbra,urban,0.55,5,House,1,0,4.23,1,274.0
3,3,0,0,national_holiday,18,Coimbra,urban,0.55,1,Room,0,0,4.69,1,98.0
5,0,0,0,none,89,Setúbal,coastal,0.6,1,Apartment,1,0,4.8,0,149.0
10,6,1,0,none,18,Porto,urban,0.85,3,Apartment,1,0,3.96,1,248.0
2,6,1,0,sports_event,22,Madeira,urban,0.65,2,House,1,1,3.59,1,389.0
6,2,0,0,festival,46,Lisboa,urban,0.92,1,House,1,0,4.48,0,452.0
9,2,0,0,sports_event,13,Portalegre,rural,0.18,2,House,0,1,3.79,0,153.0
9,3,0,0,none,66,Beja,rural,0.2,4,Room,0,0,4.33,0,80.0
6,1,0,0,none,84,Guarda,rural,0.14,3,House,1,0,3.68,1,72.0
1,6,1,0,none,24,Évora,historic,0.52,4,House,1,0,4.69,0,262.0
1,0,0,0,none,30,Lisboa,urban,0.92,1,Apartment,0,1,3.82,0,149.0
6,3,0,0,sports_event,38,Braga,urban,0.58,4,Apartment,1,0,4.09,1,187.0
10,1,0,0,none,8,Braga,urban,0.58,3,House,1,0,4.06,0,144.0
1,5,1,0,none,16,Castelo Branco,historic,0.28,2,House,1,1,3.49,1,127.0
11,1,0,0,national_holiday,86,Porto,urban,0.85,3,Apartment,0,0,4.74,0,236.0
9,3,0,0,festival,84,Porto,urban,0.85,4,Shared_House,1,0,4.84,0,192.0
1,5,1,0,none,46,Lisboa,urban,0.92,1,Apartment,0,0,4.13,1,204.0
5,3,0,0,national_holiday,67,Madeira,urban,0.65,4,Shared_House,0,0,3.82,0,137.0
3,1,0,0,none,5,Viseu,historic,0.32,3,Room,0,0,4.08,0,48.0
12,1,0,0,concert,4,Vila Real,rural,0.22,3,House,1,1,3.95,1,161.0
7,4,1,0,none,80,Madeira,urban,0.65,4,Apartment,0,0,4.19,1,249.0
4,0,0,0,fair,3,Viseu,historic,0.32,4,House,1,1,4.04,1,193.0
4,2,0,0,none,64,Faro,coastal,0.78,3,Apartment,1,0,3.75,0,182.0
7,4,1,0,none,90,Açores,rural,0.3,2,Shared_House,0,0,4.77,0,95.0
1,2,0,0,national_holiday,72,Santarém,urban,0.35,3,Apartment,0,0,4.09,0,123.0
4,5,1,0,festival,36,Lisboa,urban,0.92,4,Apartment,1,1,5.0,1,408.0
2,4,1,0,none,49,Porto,urban,0.85,5,House,0,0,4.25,0,355.0
8,0,0,0,none,55,Faro,coastal,0.78,4,Apartment,0,0,4.0,0,226.0
9,5,1,0,none,40,Beja,rural,0.2,4,House,1,1,4.06,1,170.0
6,6,1,0,none,86,Aveiro,coastal,0.48,3,Room,0,0,4.02,1,91.0
2,1,0,0,festival,4,Bragança,rural,0.15,4,Apartment,0,0,4.15,0,131.0
5,2,0,0,none,87,Portalegre,rural,0.18,2,Apartment,1,0,4.31,0,58.0
11,2,0,0,national_holiday,78,Porto,urban,0.85,3,House,1,1,3.64,0,301.0
3,2,0,0,concert,9,Lisboa,urban,0.92,3,House,1,1,3.69,0,341.0
2,3,0,0,national_holiday,52,Beja,rural,0.2,3,Apartment,1,0,4.59,0,128.0
2,6,1,0,none,58,Vila Real,rural,0.22,3,Apartment,1,0,4.46,1,88.0
10,4,1,0,none,89,Faro,coastal,0.78,5,Apartment,1,0,3.41,1,291.0
2,6,1,0,festival,90,Santarém,urban,0.35,4,Apartment,0,0,4.46,0,185.0
7,2,0,0,none,43,Coimbra,urban,0.55,4,Apartment,0,0,4.62,1,134.0
12,3,0,1,national_holiday,17,Aveiro,coastal,0.48,4,House,1,0,4.33,1,283.0
8,0,0,0,concert,73,Aveiro,coastal,0.48,4,Apartment,1,0,3.37,1,179.0
5,1,0,0,sports_event,60,Castelo Branco,historic,0.28,3,Apartment,0,0,3.53,1,120.0
3,4,1,0,none,47,Guarda,rural,0.14,2,Apartment,0,0,4.18,1,66.0
1,1,0,0,none,70,Évora,historic,0.52,4,House,1,0,5.0,0,189.0
2,6,1,0,none,8,Viana do Castelo,coastal,0.38,2,Apartment,1,1,3.93,1,145.0
12,1,0,0,festival,7,Santarém,urban,0.35,4,Apartment,0,0,4.5,1,160.0
2,1,0,0,none,44,Açores,rural,0.3,1,Room,0,0,3.88,0,39.0
1,5,1,0,fair,35,Portalegre,rural,0.18,3,Shared_House,0,0,5.0,0,82.0
10,0,0,0,festival,15,Leiria,coastal,0.4,2,Shared_House,0,0,4.22,1,89.0
6,2,0,0,none,19,Viseu,historic,0.32,4,House,1,1,3.59,1,157.0
5,1,0,0,concert,44,Viseu,historic,0.32,4,Apartment,0,0,3.79,0,120.0
9,4,1,0,fair,6,Lisboa,urban,0.92,1,Room,0,0,3.75,0,142.0
7,5,1,0,concert,65,Lisboa,urban,0.92,1,House,0,1,4.26,1,496.0
11,1,0,0,none,9,Bragança,rural,0.15,5,Shared_House,0,1,3.85,0,84.0
6,2,0,0,none,61,Madeira,urban,0.65,2,House,1,1,3.95,1,233.0
9,3,0,0,sports_event,31,Coimbra,urban,0.55,4,House,0,0,5.0,1,272.0
11,4,1,0,concert,15,Madeira,urban,0.65,4,Apartment,0,1,3.91,0,291.0
6,2,0,0,national_holiday,53,Portalegre,rural,0.18,4,Apartment,0,0,4.29,0,137.0
4,3,0,0,none,57,Faro,coastal,0.78,1,House,0,0,4.06,0,268.0
12,3,0,0,sports_event,86,Braga,urban,0.58,4,Shared_House,1,0,4.18,1,136.0
3,0,0,0,none,40,Porto,urban,0.85,5,House,0,0,4.53,0,243.0
1,3,0,0,none,85,Beja,rural,0.2,2,Apartment,1,0,3.1,1,49.0
7,3,0,0,none,43,Viana do Castelo,coastal,0.38,4,Apartment,0,0,4.28,0,127.0
12,6,1,0,none,79,Porto,urban,0.85,2,Apartment,0,0,4.01,1,203.0
2,3,0,0,none,26,Faro,coastal,0.78,5,Shared_House,0,0,4.29,0,134.0
11,6,1,0,none,70,Leiria,coastal,0.4,2,Apartment,0,0,4.1,1,106.0
10,2,0,0,sports_event,20,Porto,urban,0.85,2,Apartment,0,0,4.1,0,234.0
12,4,1,0,festival,4,Viseu,historic,0.32,2,House,1,1,4.35,1,226.0
6,6,1,0,none,12,Santarém,urban,0.35,5,House,1,0,3.92,1,207.0
4,1,0,0,sports_event,37,Lisboa,urban,0.92,3,Room,0,0,5.0,1,184.0
7,3,0,0,none,12,Santarém,urban,0.35,2,Apartment,1,0,3.72,1,65.0
2,6,1,0,none,71,Viseu,historic,0.32,2,Room,0,0,4.92,1,79.0
11,3,0,0,national_holiday,9,Bragança,rural,0.15,4,House,1,0,3.58,0,142.0
8,6,1,0,none,88,Castelo Branco,historic,0.28,1,Apartment,0,0,4.07,1,90.0
6,2,0,0,none,32,Faro,coastal,0.78,3,Apartment,1,0,4.36,0,231.0
7,6,1,0,festival,42,Aveiro,coastal,0.48,3,House,1,1,3.73,1,318.0
9,4,1,0,none,68,Coimbra,urban,0.55,4,Apartment,0,0,3.7,0,148.0
7,3,0,0,none,64,Viana do Castelo,coastal,0.38,3,House,0,0,4.06,0,164.0
11,1,0,0,sports_event,76,Castelo Branco,historic,0.28,4,Apartment,0,0,4.65,0,140.0
12,1,0,0,festival,90,Bragança,rural,0.15,1,Apartment,1,0,4.24,0,108.0
12,2,0,0,none,28,Braga,urban,0.58,3,Apartment,0,0,5.0,0,130.0
8,5,1,0,fair,57,Santarém,urban,0.35,1,Room,0,0,4.48,1,86.0
9,3,0,0,none,61,Viana do Castelo,coastal,0.38,3,House,0,0,3.97,1,150.0
4,2,0,0,none,71,Santarém,urban,0.35,3,Apartment,0,0,2.85,0,68.0
1,3,0,0,none,26,Lisboa,urban,0.92,3,Apartment,1,0,3.42,0,155.0
5,2,0,0,none,87,Aveiro,coastal,0.48,5,Shared_House,1,0,4.07,0,106.0
11,5,1,0,national_holiday,22,Beja,rural,0.2,5,Apartment,0,0,3.42,1,151.0
2,2,0,0,sports_event,64,Coimbra,urban,0.55,2,Apartment,0,0,4.1,1,133.0
7,3,0,0,none,80,Bragança,rural,0.15,3,Apartment,0,1,4.31,1,109.0
3,3,0,0,none,12,Beja,rural,0.2,4,Apartment,0,0,4.05,0,83.0
6,4,1,0,none,49,Setúbal,coastal,0.6,5,Apartment,0,0,4.06,1,230.0
2,2,0,0,sports_event,89,Vila Real,rural,0.22,1,Shared_House,0,0,5.0,0,71.0
9,0,0,0,none,14,Aveiro,coastal,0.48,3,Room,0,0,4.23,1,92.0
10,4,1,0,fair,73,Évora,historic,0.52,3,Room,0,0,4.13,1,119.0
10,3,0,1,national_holiday,76,Portalegre,rural,0.18,2,Shared_House,1,0,3.7,1,70.0
9,4,1,0,none,24,Castelo Branco,historic,0.28,3,Apartment,0,0,4.2,0,108.0
3,3,0,0,national_holiday,64,Évora,historic,0.52,2,Room,0,1,3.96,1,117.0
7,3,0,0,fair,89,Santarém,urban,0.35,1,Shared_House,0,0,5.0,1,57.0
2,6,1,0,none,35,Faro,coastal,0.78,4,House,1,0,4.48,1,414.0
5,0,0,0,none,8,Beja,rural,0.2,1,Shared_House,0,0,4.91,0,24.0
7,0,0,0,fair,24,Açores,rural,0.3,2,Room,0,0,4.3,1,79.0
9,6,1,0,sports_event,85,Guarda,rural,0.14,3,Apartment,1,0,4.82,1,153.0
2,6,1,0,festival,83,Faro,coastal,0.78,3,Apartment,0,0,3.7,0,357.0
10,2,0,0,sports_event,76,Viana do Castelo,coastal,0.38,3,House,0,0,4.32,1,186.0
6,3,0,0,national_holiday,53,Portalegre,rural,0.18,5,House,1,0,3.77,1,196.0
11,3,0,0,none,25,Bragança,rural,0.15,3,Apartment,1,0,3.98,1,77.0
7,6,1,0,none,56,Lisboa,urban,0.92,2,Apartment,0,0,4.22,1,296.0
7,3,0,0,none,78,Viana do Castelo,coastal,0.38,2,Apartment,0,0,3.72,1,102.0
9,5,1,0,sports_event,74,Santarém,urban,0.35,3,Apartment,1,0,3.47,1,161.0
10,2,0,0,none,6,Aveiro,coastal,0.48,2,Apartment,0,0,4.69,0,113.0
2,2,0,0,none,65,Faro,coastal,0.78,5,Apartment,0,0,3.36,0,164.0
7,4,1,0,sports_event,86,Faro,coastal,0.78,3,Apartment,0,0,5.0,1,386.0
1,2,0,0,none,12,Portalegre,rural,0.18,3,Shared_House,1,0,3.79,0,54.0
6,0,0,0,national_holiday,55,Aveiro,coastal,0.48,4,House,1,0,4.48,0,287.0
10,1,0,0,none,56,Évora,historic,0.52,4,Shared_House,0,0,4.51,0,85.0
11,6,1,0,sports_event,47,Braga,urban,0.58,4,Apartment,0,0,3.65,1,185.0
4,2,0,0,festival,68,Guarda,rural,0.14,3,Apartment,0,1,4.43,0,154.0
5,0,0,0,none,90,Leiria,coastal,0.4,2,House,0,0,4.29,0,131.0
7,6,1,0,none,59,Madeira,urban,0.65,3,Shared_House,0,0,4.52,1,141.0
5,6,1,0,none,3,Faro,coastal,0.78,1,House,1,1,4.8,1,510.0
3,3,0,0,concert,47,Portalegre,rural,0.18,3,Shared_House,0,0,4.61,0,68.0
4,4,1,0,sports_event,47,Leiria,coastal,0.4,4,Apartment,0,0,3.77,1,202.0
5,5,1,0,none,25,Aveiro,coastal,0.48,3,Apartment,1,0,4.13,1,171.0
7,0,0,0,none,67,Aveiro,coastal,0.48,1,Room,0,0,3.79,0,49.0
12,2,0,0,national_holiday,52,Guarda,rural,0.14,1,House,0,0,3.91,1,92.0
7,3,0,0,none,11,Coimbra,urban,0.55,4,Apartment,0,0,4.44,0,163.0
5,3,0,0,fair,70,Porto,urban,0.85,2,Apartment,0,0,4.5,0,215.0
8,2,0,0,none,2,Portalegre,rural,0.18,3,Room,0,0,4.49,1,61.0
10,0,0,0,none,79,Braga,urban,0.58,4,Apartment,1,1,4.34,0,150.0
6,6,1,0,festival,56,Évora,historic,0.52,2,House,1,1,4.42,1,362.0
6,4,1,0,none,90,Braga,urban,0.58,4,Apartment,1,0,3.97,1,167.0
3,5,1,0,fair,31,Faro,coastal,0.78,1,Apartment,0,0,4.88,1,332.0
11,3,0,0,sports_event,21,Açores,rural,0.3,4,Apartment,0,0,4.53,1,189.0
11,3,0,0,sports_event,44,Lisboa,urban,0.92,1,Apartment,0,0,4.19,1,242.0
3,3,0,0,sports_event,73,Portalegre,rural,0.18,2,House,1,0,4.76,1,146.0
5,3,0,1,sports_event,57,Porto,urban,0.85,2,Apartment,0,0,3.94,0,225.0
4,4,1,0,concert,41,Vila Real,rural,0.22,5,Room,0,0,4.26,1,126.0
12,6,1,0,sports_event,35,Setúbal,coastal,0.6,3,House,1,1,4.65,1,405.0
1,5,1,0,concert,71,Castelo Branco,historic,0.28,4,Apartment,0,0,3.59,0,131.0
3,4,1,0,festival,20,Lisboa,urban,0.92,3,House,0,1,5.0,1,571.0
4,0,0,0,none,4,Açores,rural,0.3,4,Apartment,0,1,3.91,0,156.0
7,3,0,0,none,22,Coimbra,urban,0.55,3,Apartment,0,0,3.97,0,127.0
3,6,1,0,none,19,Guarda,rural,0.14,3,Apartment,0,0,4.21,1,95.0
7,2,0,0,none,17,Santarém,urban,0.35,3,House,1,0,4.57,0,151.0
9,3,0,0,none,28,Porto,urban,0.85,2,Apartment,0,0,4.62,0,175.0
10,2,0,0,none,65,Beja,rural,0.2,5,Room,1,0,4.95,1,107.0
2,1,0,0,none,23,Viseu,historic,0.32,5,Apartment,0,0,4.17,1,95.0
2,4,1,0,concert,13,Santarém,urban,0.35,1,Apartment,0,1,4.37,1,143.0
2,2,0,1,concert,36,Faro,coastal,0.78,5,Apartment,0,0,3.43,0,243.0
11,4,1,0,none,88,Faro,coastal,0.78,2,Apartment,0,0,3.66,1,221.0
8,4,1,0,national_holiday,85,Évora,historic,0.52,3,Apartment,0,0,4.15,1,233.0
7,5,1,0,national_holiday,1,Faro,coastal,0.78,4,Apartment,1,1,4.38,1,418.0
10,6,1,0,fair,2,Viseu,historic,0.32,2,Apartment,0,0,4.18,0,124.0
8,3,0,0,none,28,Vila Real,rural,0.22,1,House,1,0,4.46,0,81.0
3,0,0,0,none,14,Guarda,rural,0.14,4,Apartment,0,0,4.17,0,87.0
7,4,1,0,none,73,Beja,rural,0.2,3,Shared_House,0,1,4.08,0,81.0
9,6,1,0,sports_event,14,Braga,urban,0.58,3,House,1,0,5.0,1,293.0
1,3,0,0,festival,9,Beja,rural,0.2,4,Room,1,0,4.07,0,107.0
8,3,0,0,sports_event,21,Setúbal,coastal,0.6,2,Apartment,0,0,4.71,1,244.0
6,5,1,0,concert,53,Madeira,urban,0.65,1,Apartment,0,0,3.55,1,242.0
1,3,0,0,national_holiday,15,Faro,coastal,0.78,5,Apartment,1,0,4.26,0,311.0
4,2,0,0,festival,27,Castelo Branco,historic,0.28,3,Apartment,0,0,3.86,1,139.0
6,3,0,0,fair,46,Santarém,urban,0.35,3,House,1,0,5.0,1,204.0
5,5,1,0,concert,87,Faro,coastal,0.78,2,Shared_House,0,0,3.92,0,161.0
4,3,0,1,national_holiday,78,Setúbal,coastal,0.6,5,Apartment,1,0,4.18,1,274.0
8,2,0,0,concert,20,Bragança,rural,0.15,2,Apartment,0,0,3.79,0,78.0
5,4,1,0,none,27,Évora,historic,0.52,2,Room,1,0,3.76,1,94.0
6,4,1,0,none,7,Setúbal,coastal,0.6,2,Apartment,1,0,4.16,1,228.0
10,6,1,0,national_holiday,27,Leiria,coastal,0.4,4,Room,0,0,4.38,1,153.0
2,6,1,0,none,56,Beja,rural,0.2,2,Room,0,1,4.73,1,79.0
5,5,1,0,none,47,Beja,rural,0.2,2,Room,0,0,3.91,0,50.0
1,5,1,0,national_holiday,34,Porto,urban,0.85,3,Apartment,1,0,3.9,1,301.0
12,3,0,0,none,2,Aveiro,coastal,0.48,3,Apartment,0,0,4.84,1,153.0
3,2,0,0,none,82,Aveiro,coastal,0.48,2,House,1,1,5.0,0,182.0
10,3,0,0,none,36,Setúbal,coastal,0.6,3,Apartment,1,0,4.16,1,156.0
3,4,1,0,festival,83,Faro,coastal,0.78,2,Room,0,0,4.43,1,185.0
4,3,0,0,none,67,Évora,historic,0.52,2,House,1,1,5.0,0,197.0
8,1,0,0,none,72,Lisboa,urban,0.92,1,Apartment,0,0,5.0,0,220.0
10,0,0,0,concert,38,Viana do Castelo,coastal,0.38,5,Apartment,0,0,4.41,0,182.0
3,0,0,0,none,12,Évora,historic,0.52,3,House,1,1,4.58,0,227.0
3,2,0,0,festival,21,Bragança,rural,0.15,1,Apartment,1,0,4.27,0,95.0
11,5,1,0,none,60,Setúbal,coastal,0.6,2,House,1,1,3.46,0,248.0
4,5,1,0,none,53,Viseu,historic,0.32,1,Apartment,0,0,4.37,1,106.0
3,5,1,0,festival,9,Leiria,coastal,0.4,3,House,1,1,4.89,0,308.0
9,4,1,0,none,78,Évora,historic,0.52,4,Room,0,0,3.82,0,117.0
2,0,0,0,none,3,Lisboa,urban,0.92,1,Apartment,1,0,3.27,0,106.0
11,6,1,0,none,43,Leiria,coastal,0.4,5,Apartment,0,0,4.5,1,177.0
11,6,1,0,none,18,Portalegre,rural,0.18,2,House,1,1,3.32,0,118.0
11,5,1,0,none,16,Setúbal,coastal,0.6,2,Room,0,0,3.41,1,81.0
4,3,0,0,none,45,Guarda,rural,0.14,2,Apartment,1,0,3.38,0,48.0
2,1,0,0,none,30,Lisboa,urban,0.92,2,Apartment,0,0,3.2,0,125.0
6,6,1,0,none,41,Beja,rural,0.2,4,Room,0,0,4.73,1,95.0
5,1,0,1,national_holiday,86,Bragança,rural,0.15,3,House,0,1,4.27,1,165.0
12,5,1,0,concert,70,Porto,urban,0.85,4,Apartment,1,0,5.0,1,336.0
8,6,1,0,none,30,Beja,rural,0.2,2,Apartment,0,0,4.57,0,100.0
12,6,1,0,festival,48,Porto,urban,0.85,2,House,1,1,5.0,1,468.0
10,3,0,1,festival,34,Viseu,historic,0.32,3,Apartment,1,0,3.88,1,155.0
9,5,1,0,none,24,Viana do Castelo,coastal,0.38,3,House,0,0,4.38,1,220.0
2,5,1,0,none,42,Porto,urban,0.85,1,Room,0,0,3.56,0,79.0
1,6,1,0,none,13,Leiria,coastal,0.4,1,House,1,1,4.06,1,202.0
1,2,0,0,festival,22,Porto,urban,0.85,5,Apartment,0,1,4.92,1,317.0
8,4,1,0,none,52,Aveiro,coastal,0.48,3,Apartment,0,0,4.18,1,149.0
3,5,1,0,none,67,Porto,urban,0.85,1,Room,0,0,4.08,0,107.0
12,1,0,0,fair,61,Vila Real,rural,0.22,4,Room,0,0,4.19,0,79.0
2,1,0,0,sports_event,89,Lisboa,urban,0.92,2,Shared_House,0,0,4.27,0,107.0
12,2,0,0,none,20,Santarém,urban,0.35,4,Room,0,0,4.27,0,84.0
9,2,0,0,fair,11,Vila Real,rural,0.22,5,House,1,0,4.87,1,188.0
2,5,1,0,none,57,Aveiro,coastal,0.48,1,Room,1,0,3.84,1,58.0
1,6,1,0,none,52,Beja,rural,0.2,5,Apartment,0,0,4.1,0,105.0
5,1,0,0,none,78,Castelo Branco,historic,0.28,2,Room,0,0,4.25,0,46.0
5,2,0,0,national_holiday,12,Coimbra,urban,0.55,2,Apartment,0,0,3.75,0,140.0
4,6,1,0,none,22,Braga,urban,0.58,3,House,1,0,3.98,0,208.0
7,4,1,0,concert,38,Évora,historic,0.52,4,Apartment,1,0,4.58,1,248.0
2,1,0,0,sports_event,74,Porto,urban,0.85,2,House,1,0,3.79,1,242.0
2,4,1,0,none,18,Lisboa,urban,0.92,2,Apartment,1,0,5.0,0,274.0
9,6,1,0,none,86,Beja,rural,0.2,2,Apartment,1,0,5.0,1,107.0
12,2,0,0,none,10,Lisboa,urban,0.92,2,House,1,1,4.29,0,297.0
4,3,0,0,sports_event,85,Portalegre,rural,0.18,2,Room,0,0,4.49,1,82.0
12,4,1,0,none,61,Braga,urban,0.58,2,Room,0,0,4.59,1,69.0
5,5,1,0,festival,13,Bragança,rural,0.15,5,Apartment,0,0,4.48,1,178.0
5,3,0,0,none,90,Évora,historic,0.52,4,Room,0,0,4.25,0,91.0
2,6,1,0,concert,5,Vila Real,rural,0.22,5,House,1,1,5.0,1,244.0
6,5,1,0,sports_event,36,Porto,urban,0.85,1,Apartment,0,0,3.84,1,287.0
6,2,0,0,festival,66,Viana do Castelo,coastal,0.38,1,Shared_House,1,0,4.01,0,93.0
8,3,0,0,none,31,Lisboa,urban,0.92,3,Apartment,0,0,4.24,0,258.0
2,4,1,0,none,35,Beja,rural,0.2,3,Room,0,0,4.52,0,58.0
3,0,0,0,none,26,Porto,urban,0.85,3,Apartment,0,0,5.0,0,187.0
6,1,0,0,none,16,Vila Real,rural,0.22,1,Room,0,0,4.2,0,32.0
1,1,0,0,sports_event,53,Setúbal,coastal,0.6,4,Room,0,0,4.49,1,143.0
2,5,1,0,none,41,Coimbra,urban,0.55,3,House,1,0,4.39,0,215.0
8,5,1,0,none,74,Açores,rural,0.3,2,Apartment,0,0,4.16,1,173.0
12,5,1,1,national_holiday,49,Guarda,rural,0.14,3,Apartment,1,1,4.82,1,168.0
7,0,0,0,none,47,Faro,coastal,0.78,1,Apartment,0,0,4.41,1,234.0
2,2,0,0,festival,15,Madeira,urban,0.65,2,Room,0,0,4.69,1,146.0
12,2,0,0,sports_event,23,Porto,urban,0.85,5,House,1,0,4.05,1,364.0
7,0,0,0,none,4,Viseu,historic,0.32,3,Apartment,1,0,3.93,1,127.0
9,1,0,0,none,88,Aveiro,coastal,0.48,1,Apartment,0,0,4.03,1,77.0
3,3,0,0,festival,71,Setúbal,coastal,0.6,2,Apartment,0,0,4.35,1,219.0
7,6,1,0,festival,25,Beja,rural,0.2,2,House,1,0,4.76,1,215.0
1,1,0,0,fair,42,Braga,urban,0.58,5,Apartment,1,0,5.0,1,177.0
8,6,1,0,concert,51,Leiria,coastal,0.4,4,Room,1,0,4.29,1,138.0
3,5,1,0,concert,22,Beja,rural,0.2,3,House,0,0,5.0,1,191.0
11,1,0,0,fair,12,Viana do Castelo,coastal,0.38,5,Apartment,0,0,4.51,1,145.0
1,1,0,1,fair,86,Vila Real,rural,0.22,2,Apartment,0,0,3.87,0,61.0
8,3,0,0,festival,33,Setúbal,coastal,0.6,4,House,1,0,4.26,1,401.0
2,6,1,0,festival,69,Aveiro,coastal,0.48,3,Shared_House,0,0,4.58,1,128.0
9,5,1,0,sports_event,57,Lisboa,urban,0.92,4,Apartment,0,0,4.62,1,379.0
6,6,1,0,none,37,Coimbra,urban,0.55,5,Apartment,0,0,3.96,1,178.0
12,2,0,0,none,56,Viseu,historic,0.32,3,House,1,0,4.02,0,112.0
8,6,1,0,fair,25,Viana do Castelo,coastal,0.38,2,Apartment,0,0,4.03,1,160.0
5,6,1,0,festival,23,Açores,rural,0.3,2,Apartment,0,0,4.1,1,245.0
2,4,1,0,none,66,Porto,urban,0.85,2,Apartment,0,0,4.35,1,194.0
8,1,0,0,none,70,Bragança,rural,0.15,2,Apartment,0,0,5.0,0,71.0
6,1,0,0,none,66,Guarda,rural,0.14,2,House,1,1,3.99,0,89.0
1,0,0,0,none,63,Vila Real,rural,0.22,3,Room,0,0,3.38,0,37.0
7,5,1,0,festival,80,Castelo Branco,historic,0.28,1,Shared_House,1,0,3.35,1,71.0
3,2,0,0,none,28,Viana do Castelo,coastal,0.38,5,House,0,0,4.61,1,163.0
3,4,1,0,none,2,Castelo Branco,historic,0.28,1,Apartment,1,0,3.93,0,89.0
1,1,0,0,none,25,Porto,urban,0.85,2,Apartment,0,0,4.33,0,119.0
5,6,1,0,none,57,Viseu,historic,0.32,1,Apartment,0,0,3.85,1,89.0
3,5,1,0,none,54,Viana do Castelo,coastal,0.38,5,House,1,1,4.13,1,249.0
1,2,0,0,none,26,Castelo Branco,historic,0.28,3,Apartment,0,0,4.04,0,74.0
6,3,0,0,sports_event,71,Açores,rural,0.3,2,Apartment,0,0,3.86,0,156.0
3,0,0,0,none,88,Beja,rural,0.2,1,Apartment,0,0,4.82,0,57.0
2,0,0,0,fair,12,Açores,rural,0.3,2,Apartment,1,0,4.85,0,149.0
6,6,1,0,festival,3,Leiria,coastal,0.4,5,House,1,0,4.52,1,310.0
1,5,1,0,none,63,Beja,rural,0.2,3,Shared_House,0,0,5.0,1,59.0
12,5,1,1,national_holiday,44,Aveiro,coastal,0.48,2,House,0,1,3.54,1,292.0
6,4,1,0,none,61,Viana do Castelo,coastal,0.38,2,Apartment,0,0,4.09,1,127.0
12,1,0,0,none,64,Portalegre,rural,0.18,1,Apartment,0,0,4.03,0,46.0
11,0,0,0,fair,4,Leiria,coastal,0.4,3,House,1,0,4.55,1,203.0
12,5,1,1,sports_event,68,Santarém,urban,0.35,3,Room,0,0,3.57,1,101.0
7,2,0,0,concert,16,Faro,coastal,0.78,4,Room,0,0,4.53,1,205.0
6,0,0,0,festival,57,Braga,urban,0.58,2,Apartment,0,0,3.48,1,149.0
9,0,0,0,fair,89,Leiria,coastal,0.4,2,House,0,0,4.57,1,186.0
1,3,0,0,fair,43,Santarém,urban,0.35,3,Apartment,1,0,4.78,0,139.0
11,5,1,0,none,32,Viseu,historic,0.32,4,Apartment,0,0,3.63,0,107.0
4,2,0,0,none,82,Beja,rural,0.2,3,Shared_House,0,0,4.02,0,48.0
1,6,1,0,none,38,Madeira,urban,0.65,4,Room,0,0,4.8,1,153.0
3,2,0,0,none,52,Leiria,coastal,0.4,4,Apartment,1,0,4.9,0,138.0
3,5,1,0,festival,19,Porto,urban,0.85,5,Room,0,0,3.49,1,194.0
1,1,0,0,none,47,Castelo Branco,historic,0.28,2,Apartment,0,0,4.39,1,66.0
9,4,1,0,concert,7,Faro,coastal,0.78,5,Apartment,1,1,4.53,1,418.0
2,1,0,0,none,78,Leiria,coastal,0.4,4,Room,0,0,4.2,0,74.0
11,5,1,0,concert,55,Coimbra,urban,0.55,3,Room,0,0,4.92,1,116.0
6,3,0,0,none,40,Vila Real,rural,0.22,3,Apartment,0,0,3.93,0,81.0
9,0,0,0,none,68,Évora,historic,0.52,1,Room,1,0,3.99,0,64.0
5,1,0,0,fair,55,Évora,historic,0.52,3,Apartment,0,0,3.87,0,150.0
2,2,0,0,none,38,Évora,historic,0.52,4,House,0,0,4.32,0,154.0
3,3,0,0,sports_event,30,Portalegre,rural,0.18,5,Shared_House,0,0,4.07,1,105.0
8,1,0,0,fair,7,Castelo Branco,historic,0.28,3,Room,0,0,4.64,1,93.0
9,4,1,0,none,20,Bragança,rural,0.15,5,House,0,1,4.03,0,176.0
4,6,1,0,none,37,Coimbra,urban,0.55,2,Apartment,1,1,4.12,1,173.0
5,4,1,0,none,42,Portalegre,rural,0.18,5,Room,0,0,4.33,0,100.0
12,2,0,0,none,90,Aveiro,coastal,0.48,3,Shared_House,0,0,3.81,0,49.0
11,4,1,0,national_holiday,31,Coimbra,urban,0.55,3,Apartment,0,0,4.73,1,201.0
5,6,1,0,concert,44,Braga,urban,0.58,3,Apartment,0,0,4.57,1,201.0
3,1,0,0,none,4,Leiria,coastal,0.4,5,Apartment,1,0,4.55,1,152.0
4,1,0,0,sports_event,9,Castelo Branco,historic,0.28,1,House,0,0,3.72,1,135.0
7,0,0,0,fair,44,Vila Real,rural,0.22,3,Apartment,1,0,5.0,1,131.0
7,5,1,0,none,32,Setúbal,coastal,0.6,4,House,0,0,3.3,1,319.0
3,5,1,0,none,60,Vila Real,rural,0.22,2,Apartment,0,0,4.6,0,82.0
1,2,0,0,concert,76,Vila Real,rural,0.22,3,Shared_House,0,0,4.3,0,63.0
6,6,1,0,sports_event,5,Vila Real,rural,0.22,3,Apartment,0,0,4.56,1,168.0
10,4,1,0,none,15,Aveiro,coastal,0.48,4,Room,0,0,4.12,1,106.0
2,6,1,0,none,52,Açores,rural,0.3,5,Shared_House,0,0,4.27,1,80.0
5,6,1,0,none,9,Porto,urban,0.85,2,House,0,1,4.58,1,405.0
2,6,1,1,festival,28,Évora,historic,0.52,3,Apartment,0,0,4.23,1,238.0
3,2,0,0,sports_event,64,Coimbra,urban,0.55,3,Room,0,0,4.34,1,108.0
8,4,1,0,none,4,Castelo Branco,historic,0.28,3,Apartment,0,0,4.35,1,126.0
4,1,0,0,concert,56,Évora,historic,0.52,2,House,1,0,5.0,0,249.0
4,6,1,0,none,9,Guarda,rural,0.14,2,Apartment,1,0,3.43,0,69.0
12,2,0,0,sports_event,69,Coimbra,urban,0.55,3,Apartment,0,0,4.88,0,179.0
3,3,0,0,festival,65,Leiria,coastal,0.4,1,House,1,0,4.45,1,219.0
3,4,1,0,none,5,Évora,historic,0.52,4,House,0,1,4.39,1,279.0
12,5,1,1,national_holiday,49,Guarda,rural,0.14,2,Shared_House,0,0,3.59,1,78.0
7,5,1,0,none,43,Aveiro,coastal,0.48,5,House,0,0,4.8,1,275.0
1,6,1,0,concert,87,Portalegre,rural,0.18,4,Apartment,0,0,3.66,0,122.0
6,4,1,0,sports_event,4,Portalegre,rural,0.18,3,House,1,0,4.96,1,198.0
7,5,1,0,none,62,Évora,historic,0.52,5,Apartment,0,0,3.96,1,215.0
4,4,1,0,national_holiday,49,Madeira,urban,0.65,5,Apartment,1,0,4.96,1,346.0
7,2,0,0,concert,87,Lisboa,urban,0.92,4,Apartment,0,0,3.87,1,265.0
8,6,1,0,none,67,Leiria,coastal,0.4,3,Apartment,1,0,3.76,1,147.0
4,2,0,0,none,26,Beja,rural,0.2,3,Apartment,0,0,4.18,0,77.0
10,4,1,0,festival,10,Viseu,historic,0.32,4,Apartment,0,0,3.86,0,174.0
6,2,0,0,none,53,Madeira,urban,0.65,4,Apartment,1,0,4.11,0,194.0
12,3,0,0,national_holiday,77,Viana do Castelo,coastal,0.38,3,Room,0,0,5.0,0,122.0
2,2,0,1,festival,51,Setúbal,coastal,0.6,3,Apartment,0,0,3.95,1,227.0
4,1,0,1,national_holiday,53,Beja,rural,0.2,2,Shared_House,0,0,4.31,0,68.0
9,5,1,0,none,48,Coimbra,urban,0.55,4,Room,0,0,5.0,1,127.0
11,5,1,0,none,34,Setúbal,coastal,0.6,4,Room,0,0,4.35,1,134.0
3,4,1,0,none,81,Beja,rural,0.2,1,Apartment,0,0,4.79,0,60.0
12,0,0,1,national_holiday,16,Setúbal,coastal,0.6,1,Apartment,0,0,4.5,1,219.0
3,1,0,0,concert,48,Portalegre,rural,0.18,5,House,0,0,4.73,0,161.0
5,1,0,0,sports_event,79,Coimbra,urban,0.55,2,Apartment,0,0,4.19,0,143.0
4,4,1,0,fair,24,Beja,rural,0.2,4,Apartment,0,0,4.52,0,153.0
6,6,1,0,none,39,Évora,historic,0.52,3,Apartment,0,0,5.0,1,199.0
11,2,0,0,none,64,Évora,historic,0.52,3,House,1,0,4.06,1,144.0
9,2,0,0,concert,12,Coimbra,urban,0.55,1,House,0,0,4.44,0,178.0
10,3,0,0,none,24,Faro,coastal,0.78,2,Apartment,1,0,3.89,0,180.0
4,6,1,0,none,66,Viseu,historic,0.32,3,Apartment,0,0,4.74,1,134.0
12,2,0,0,national_holiday,8,Porto,urban,0.85,2,House,0,1,3.39,1,305.0
6,1,0,0,concert,34,Açores,rural,0.3,4,House,1,0,4.08,0,231.0
8,3,0,0,fair,53,Vila Real,rural,0.22,5,Room,0,0,4.73,1,110.0
9,6,1,0,none,77,Faro,coastal,0.78,4,Room,0,0,4.15,1,179.0
8,5,1,0,festival,13,Lisboa,urban,0.92,3,House,0,1,3.33,1,550.0
8,3,0,0,none,49,Porto,urban,0.85,3,Apartment,0,0,3.84,1,155.0
6,5,1,0,none,65,Lisboa,urban,0.92,2,Apartment,0,0,3.88,1,267.0
8,0,0,0,none,36,Bragança,rural,0.15,3,Apartment,0,0,5.0,0,94.0
11,5,1,0,fair,40,Lisboa,urban,0.92,3,Apartment,0,0,4.62,1,319.0
5,0,0,0,none,42,Setúbal,coastal,0.6,4,Room,0,0,4.67,0,125.0
7,2,0,0,festival,78,Lisboa,urban,0.92,3,House,1,1,3.61,1,484.0
3,2,0,0,fair,56,Guarda,rural,0.14,2,House,1,1,4.23,0,108.0
5,4,1,0,concert,37,Porto,urban,0.85,3,Apartment,0,0,5.0,1,304.0
10,1,0,0,none,1,Braga,urban,0.58,3,House,1,0,4.67,1,183.0
8,1,0,0,festival,36,Guarda,rural,0.14,4,Apartment,0,0,3.97,0,138.0
3,6,1,0,none,74,Faro,coastal,0.78,2,Apartment,0,0,4.62,1,286.0
7,3,0,0,none,39,Santarém,urban,0.35,3,House,1,0,3.58,0,125.0
10,5,1,0,none,36,Leiria,coastal,0.4,2,Apartment,0,0,3.8,1,116.0
2,4,1,0,festival,65,Viseu,historic,0.32,5,Apartment,0,0,3.28,0,185.0
1,4,1,0,concert,88,Vila Real,rural,0.22,3,Apartment,0,0,4.17,1,123.0
5,4,1,0,national_holiday,14,Porto,urban,0.85,4,Apartment,0,0,4.54,1,335.0
8,4,1,0,none,85,Açores,rural,0.3,2,Apartment,0,0,3.74,1,137.0
4,6,1,0,none,31,Vila Real,rural,0.22,5,House,0,1,4.18,1,180.0
10,5,1,0,none,53,Bragança,rural,0.15,4,Apartment,0,0,3.8,0,83.0
11,2,0,0,national_holiday,25,Setúbal,coastal,0.6,2,Apartment,0,0,3.93,0,166.0
7,1,0,0,fair,2,Aveiro,coastal,0.48,3,Apartment,0,0,3.7,0,163.0
5,5,1,0,national_holiday,35,Leiria,coastal,0.4,2,Apartment,0,0,4.85,1,203.0
1,2,0,0,none,80,Coimbra,urban,0.55,4,Room,0,0,3.88,0,84.0
10,2,0,0,none,83,Porto,urban,0.85,4,Room,0,0,4.1,1,111.0
11,0,0,0,festival,34,Viana do Castelo,coastal,0.38,3,House,1,0,3.96,1,214.0
6,3,0,0,none,57,Açores,rural,0.3,2,House,1,0,4.38,0,173.0
7,3,0,0,none,70,Bragança,rural,0.15,4,Room,1,0,5.0,0,93.0
10,5,1,0,none,46,Beja,rural,0.2,4,Apartment,0,0,5.0,1,125.0
9,5,1,0,none,74,Beja,rural,0.2,3,House,1,1,4.12,1,166.0
2,5,1,0,none,12,Viseu,historic,0.32,4,Apartment,1,0,4.43,1,146.0
9,3,0,0,national_holiday,84,Vila Real,rural,0.22,2,Apartment,0,0,4.71,0,115.0
12,6,1,0,sports_event,52,Lisboa,urban,0.92,2,Room,0,0,4.85,1,210.0
10,6,1,0,concert,15,Leiria,coastal,0.4,5,Room,0,0,4.54,1,155.0
6,5,1,0,none,72,Braga,urban,0.58,4,Apartment,0,0,4.78,1,182.0
7,2,0,0,sports_event,84,Viana do Castelo,coastal,0.38,1,Shared_House,1,0,4.43,1,82.0
4,1,0,0,none,33,Açores,rural,0.3,3,House,1,0,3.91,0,147.0
8,0,0,0,none,42,Évora,historic,0.52,2,House,1,0,4.78,1,227.0
3,6,1,0,none,82,Porto,urban,0.85,2,House,0,0,4.3,1,285.0
5,5,1,0,none,49,Aveiro,coastal,0.48,5,Room,0,0,4.39,1,141.0
4,6,1,0,fair,32,Bragança,rural,0.15,2,Shared_House,0,0,3.55,1,73.0
5,5,1,0,fair,58,Viseu,historic,0.32,2,House,1,0,3.84,1,220.0
5,3,0,0,none,15,Portalegre,rural,0.18,4,Apartment,0,0,4.03,0,81.0
1,1,0,0,festival,31,Leiria,coastal,0.4,2,House,1,0,4.49,1,205.0
9,0,0,0,none,75,Beja,rural,0.2,2,Apartment,0,0,5.0,1,73.0
6,5,1,0,none,9,Lisboa,urban,0.92,3,House,0,1,4.62,1,529.0
12,2,0,0,sports_event,51,Viana do Castelo,coastal,0.38,2,Shared_House,0,0,4.14,0,78.0
3,2,0,0,concert,62,Viana do Castelo,coastal,0.38,3,Room,0,0,3.73,0,91.0
9,5,1,0,concert,47,Braga,urban,0.58,3,House,1,0,4.85,1,287.0
3,3,0,0,none,36,Bragança,rural,0.15,5,Apartment,0,0,4.39,0,107.0
7,6,1,0,none,84,Aveiro,coastal,0.48,4,House,1,0,2.63,0,218.0
6,3,0,0,none,73,Madeira,urban,0.65,1,Apartment,1,0,4.75,1,181.0
6,5,1,0,none,75,Açores,rural,0.3,3,Shared_House,0,0,4.41,1,89.0
8,0,0,0,none,9,Açores,rural,0.3,3,Apartment,0,0,3.15,0,106.0
10,2,0,0,none,90,Portalegre,rural,0.18,2,Room,0,0,4.54,0,54.0
4,1,0,0,none,46,Coimbra,urban,0.55,2,Apartment,0,0,4.27,0,90.0
11,0,0,0,none,63,Porto,urban,0.85,3,House,1,0,3.57,0,187.0
3,6,1,0,sports_event,34,Leiria,coastal,0.4,3,Shared_House,0,0,5.0,1,115.0
4,3,0,0,none,53,Vila Real,rural,0.22,5,House,1,0,4.45,0,131.0
4,2,0,0,none,64,Guarda,rural,0.14,2,House,0,0,3.98,1,59.0
12,2,0,0,national_holiday,49,Setúbal,coastal,0.6,1,Apartment,1,1,3.83,1,191.0
2,1,0,0,fair,52,Açores,rural,0.3,5,Apartment,1,0,4.13,0,173.0
5,0,0,1,national_holiday,33,Aveiro,coastal,0.48,5,House,1,1,4.15,1,321.0
6,6,1,0,none,90,Guarda,rural,0.14,3,Apartment,0,0,4.51,1,100.0
10,0,0,0,none,17,Leiria,coastal,0.4,4,House,0,1,4.11,0,183.0
6,2,0,0,national_holiday,34,Bragança,rural,0.15,4,Apartment,0,0,4.02,1,135.0
12,1,0,0,none,75,Vila Real,rural,0.22,2,Apartment,1,0,4.3,0,60.0
9,6,1,0,none,43,Açores,rural,0.3,3,Room,1,0,4.01,0,91.0
9,1,0,0,sports_event,1,Setúbal,coastal,0.6,4,Room,0,0,4.17,1,168.0
10,2,0,0,sports_event,10,Setúbal,coastal,0.6,2,Shared_House,1,0,4.92,0,130.0
2,5,1,0,none,80,Faro,coastal,0.78,5,Apartment,1,1,3.98,1,328.0
6,3,0,0,none,90,Portalegre,rural,0.18,5,Apartment,1,0,4.14,0,117.0
8,2,0,0,none,24,Setúbal,coastal,0.6,3,Apartment,0,0,3.82,0,140.0
3,3,0,0,none,19,Lisboa,urban,0.92,1,Shared_House,0,0,4.75,0,76.0
2,3,0,0,none,22,Porto,urban,0.85,5,House,1,0,3.36,0,204.0
2,2,0,0,concert,83,Lisboa,urban,0.92,3,Shared_House,0,0,3.78,0,89.0
10,4,1,0,concert,1,Santarém,urban,0.35,2,Room,0,0,4.56,1,92.0
8,2,0,0,sports_event,9,Coimbra,urban,0.55,4,Apartment,0,0,4.12,1,183.0
4,6,1,0,sports_event,33,Viana do Castelo,coastal,0.38,3,Apartment,0,0,4.64,1,200.0
9,3,0,0,festival,89,Lisboa,urban,0.92,2,Apartment,1,0,4.1,1,287.0
9,5,1,0,none,8,Portalegre,rural,0.18,2,House,1,0,3.86,0,126.0
10,1,0,0,sports_event,30,Leiria,coastal,0.4,4,Shared_House,1,0,4.14,0,127.0
11,4,1,0,none,17,Açores,rural,0.3,5,Apartment,1,0,3.55,1,153.0
11,3,0,0,none,30,Porto,urban,0.85,3,Room,0,0,3.79,0,70.0
3,5,1,0,none,62,Braga,urban,0.58,2,Apartment,0,0,4.66,0,144.0
10,3,0,0,sports_event,18,Porto,urban,0.85,2,Room,1,0,4.07,0,132.0
5,5,1,0,festival,38,Madeira,urban,0.65,3,Apartment,0,0,4.18,1,301.0
5,0,0,0,none,15,Portalegre,rural,0.18,2,House,0,1,4.26,0,112.0
8,4,1,0,none,1,Portalegre,rural,0.18,3,House,1,0,3.42,0,131.0
8,5,1,0,concert,45,Viana do Castelo,coastal,0.38,1,Apartment,0,0,3.42,0,126.0
6,3,0,0,none,29,Vila Real,rural,0.22,4,Shared_House,0,0,4.39,1,59.0
12,0,0,0,none,67,Bragança,rural,0.15,4,Room,0,0,3.99,0,72.0
3,3,0,0,concert,1,Faro,coastal,0.78,4,Apartment,0,0,4.09,0,295.0
2,5,1,0,sports_event,5,Porto,urban,0.85,2,Apartment,1,0,4.51,1,297.0
1,3,0,0,none,83,Portalegre,rural,0.18,3,Apartment,0,0,3.73,0,64.0
10,0,0,0,none,39,Castelo Branco,historic,0.28,2,Apartment,0,1,3.92,1,92.0
5,2,0,0,national_holiday,78,Évora,historic,0.52,2,Apartment,1,0,4.02,0,164.0
6,6,1,1,national_holiday,10,Lisboa,urban,0.92,4,Apartment,1,0,4.37,1,392.0
8,1,0,0,fair,32,Aveiro,coastal,0.48,4,Room,0,0,4.02,1,107.0
6,3,0,0,concert,63,Vila Real,rural,0.22,4,Shared_House,0,0,3.88,0,92.0
7,2,0,0,fair,22,Guarda,rural,0.14,2,Apartment,0,0,5.0,1,108.0
1,4,1,0,none,20,Braga,urban,0.58,3,Room,0,0,4.22,1,92.0
2,2,0,0,none,10,Viana do Castelo,coastal,0.38,2,Apartment,0,0,4.53,0,84.0
12,2,0,0,none,32,Castelo Branco,historic,0.28,3,House,1,1,3.3,0,116.0
6,4,1,1,national_holiday,64,Guarda,rural,0.14,2,Apartment,0,0,3.56,1,119.0
3,4,1,0,none,27,Faro,coastal,0.78,4,Apartment,0,0,4.49,1,294.0
5,3,0,0,none,11,Viseu,historic,0.32,5,Apartment,0,0,4.08,0,115.0
5,1,0,0,none,57,Portalegre,rural,0.18,2,Room,0,0,4.01,0,46.0
4,0,0,0,festival,61,Santarém,urban,0.35,4,House,1,0,3.72,1,197.0
4,4,1,0,none,37,Faro,coastal,0.78,4,Room,0,0,4.69,1,187.0
9,2,0,0,none,24,Aveiro,coastal,0.48,3,Apartment,0,0,4.53,0,132.0
2,4,1,0,none,66,Setúbal,coastal,0.6,3,House,0,0,4.17,1,280.0
4,2,0,0,sports_event,66,Vila Real,rural,0.22,2,Apartment,1,0,4.32,0,95.0
6,5,1,0,none,54,Santarém,urban,0.35,2,Apartment,1,0,4.05,0,132.0
7,4,1,0,concert,36,Leiria,coastal,0.4,1,Apartment,1,1,3.86,1,176.0
11,2,0,1,national_holiday,46,Madeira,urban,0.65,4,Apartment,1,0,3.94,0,242.0
12,2,0,0,festival,13,Portalegre,rural,0.18,2,Room,0,0,4.58,1,82.0
4,5,1,0,concert,1,Leiria,coastal,0.4,3,House,1,0,4.0,1,245.0
7,0,0,0,none,25,Beja,rural,0.2,5,House,0,0,4.23,0,144.0
1,0,0,0,sports_event,47,Coimbra,urban,0.55,3,Apartment,0,0,3.99,0,146.0
8,0,0,0,fair,63,Faro,coastal,0.78,2,Apartment,1,1,4.67,0,328.0
2,2,0,0,none,22,Faro,coastal,0.78,4,House,1,0,3.87,0,242.0
1,3,0,0,none,62,Castelo Branco,historic,0.28,2,Apartment,0,0,4.96,0,62.0
9,2,0,0,national_holiday,28,Portalegre,rural,0.18,4,Apartment,0,0,3.91,1,127.0
3,1,0,0,concert,54,Açores,rural,0.3,1,Apartment,0,0,3.91,0,104.0
6,2,0,0,festival,10,Bragança,rural,0.15,2,Shared_House,0,1,5.0,1,118.0
2,3,0,0,none,30,Madeira,urban,0.65,5,Apartment,0,0,3.67,0,152.0
9,2,0,0,none,18,Viana do Castelo,coastal,0.38,2,Apartment,1,0,4.18,0,101.0
10,4,1,0,fair,58,Leiria,coastal,0.4,2,House,1,0,4.71,1,236.0
7,2,0,0,sports_event,64,Leiria,coastal,0.4,2,Room,0,0,3.43,1,99.0
11,6,1,0,none,4,Setúbal,coastal,0.6,2,Apartment,1,0,4.33,1,182.0
6,6,1,0,none,36,Guarda,rural,0.14,4,Apartment,1,1,3.43,1,123.0
3,4,1,0,concert,55,Setúbal,coastal,0.6,2,Shared_House,0,0,4.22,1,108.0
2,3,0,0,festival,67,Porto,urban,0.85,1,Room,0,0,5.0,1,154.0
3,0,0,0,national_holiday,71,Guarda,rural,0.14,4,House,1,0,3.02,0,135.0
3,4,1,0,none,70,Madeira,urban,0.65,2,Apartment,1,0,4.16,1,196.0
4,2,0,0,none,13,Setúbal,coastal,0.6,1,Apartment,0,0,3.97,0,113.0
3,2,0,0,none,58,Setúbal,coastal,0.6,1,Room,0,0,3.7,0,48.0
8,5,1,0,none,74,Faro,coastal,0.78,5,House,1,1,3.44,1,528.0
2,0,0,0,none,51,Leiria,coastal,0.4,3,Apartment,0,0,4.75,0,126.0
8,1,0,0,none,82,Lisboa,urban,0.92,3,Apartment,0,0,4.3,0,207.0
5,5,1,0,none,74,Coimbra,urban,0.55,3,Apartment,1,1,3.27,1,148.0
9,6,1,0,none,87,Açores,rural,0.3,3,Room,0,0,3.73,0,89.0
7,3,0,0,concert,86,Porto,urban,0.85,4,House,1,1,3.93,1,374.0
11,3,0,0,none,3,Coimbra,urban,0.55,5,Apartment,0,0,3.41,0,118.0
6,6,1,0,none,36,Santarém,urban,0.35,3,House,1,1,4.24,1,215.0
4,0,0,0,sports_event,81,Bragança,rural,0.15,4,Room,0,0,4.33,0,103.0
8,3,0,0,none,8,Coimbra,urban,0.55,1,House,1,0,4.32,0,155.0
8,1,0,1,festival,6,Leiria,coastal,0.4,3,Apartment,0,0,5.0,1,221.0
6,3,0,0,fair,26,Porto,urban,0.85,3,Shared_House,1,0,3.73,0,119.0
7,6,1,0,festival,35,Viseu,historic,0.32,2,Apartment,0,0,3.96,1,158.0
6,4,1,0,none,56,Coimbra,urban,0.55,2,House,0,0,3.94,1,193.0
4,6,1,0,concert,50,Évora,historic,0.52,2,Apartment,0,0,4.63,1,215.0
4,3,0,0,national_holiday,67,Coimbra,urban,0.55,2,Room,0,0,4.57,1,115.0
11,6,1,0,concert,20,Madeira,urban,0.65,4,House,1,0,3.63,1,385.0
9,1,0,0,none,44,Vila Real,rural,0.22,1,Apartment,0,0,4.92,0,53.0
2,2,0,0,festival,32,Bragança,rural,0.15,3,House,1,0,3.75,0,140.0
12,1,0,0,festival,82,Portalegre,rural,0.18,1,House,0,1,4.63,0,146.0
9,5,1,0,none,82,Leiria,coastal,0.4,3,Apartment,0,0,4.6,1,161.0
1,3,0,0,none,75,Beja,rural,0.2,2,Apartment,1,0,4.4,0,49.0
9,1,0,0,concert,16,Porto,urban,0.85,2,Apartment,0,0,4.04,0,201.0
8,1,0,0,none,9,Guarda,rural,0.14,3,Shared_House,1,0,4.04,0,50.0
11,2,0,0,fair,49,Aveiro,coastal,0.48,2,Apartment,0,0,4.44,0,117.0
6,1,0,0,national_holiday,64,Setúbal,coastal,0.6,2,House,1,0,4.46,1,315.0
7,4,1,0,none,75,Viana do Castelo,coastal,0.38,3,Apartment,0,0,4.55,0,169.0
4,5,1,0,none,72,Évora,historic,0.52,5,Room,0,0,4.55,1,132.0
4,6,1,0,national_holiday,22,Açores,rural,0.3,3,House,1,1,4.37,1,348.0
8,1,0,0,none,31,Vila Real,rural,0.22,3,Room,0,0,4.91,0,82.0
10,3,0,0,concert,85,Santarém,urban,0.35,3,House,0,0,3.9,1,148.0
11,3,0,0,none,64,Aveiro,coastal,0.48,3,House,1,1,4.22,0,193.0
10,3,0,0,none,89,Vila Real,rural,0.22,3,Shared_House,0,0,3.92,0,38.0
8,3,0,0,none,20,Évora,historic,0.52,3,Room,0,0,5.0,0,115.0
7,1,0,0,none,24,Aveiro,coastal,0.48,3,House,1,1,4.58,0,238.0
5,0,0,0,fair,60,Viseu,historic,0.32,4,House,1,0,4.71,1,201.0
10,2,0,0,none,43,Vila Real,rural,0.22,2,House,1,1,4.42,0,112.0
4,0,0,0,none,89,Vila Real,rural,0.22,1,House,1,1,4.17,0,100.0
4,0,0,0,sports_event,2,Vila Real,rural,0.22,3,House,1,1,5.0,1,208.0
11,3,0,0,national_holiday,57,Açores,rural,0.3,4,Room,1,0,4.81,1,142.0
8,6,1,0,none,87,Beja,rural,0.2,4,Shared_House,0,0,4.04,1,79.0
5,3,0,0,concert,48,Viseu,historic,0.32,2,House,0,0,4.06,1,168.0
11,0,0,0,none,13,Leiria,coastal,0.4,3,House,1,0,4.31,0,179.0
12,5,1,0,concert,6,Viseu,historic,0.32,5,Apartment,1,0,3.93,1,191.0
4,4,1,0,sports_event,39,Vila Real,rural,0.22,1,Room,0,0,4.03,0,69.0
7,2,0,0,fair,69,Portalegre,rural,0.18,3,Room,0,0,3.44,0,62.0
6,1,0,0,festival,61,Vila Real,rural,0.22,2,Shared_House,0,0,3.0,0,58.0
9,6,1,0,national_holiday,10,Setúbal,coastal,0.6,4,House,0,0,5.0,1,392.0
12,3,0,0,none,59,Viana do Castelo,coastal,0.38,2,Room,1,0,3.95,0,58.0
7,0,0,0,sports_event,82,Vila Real,rural,0.22,4,Apartment,0,0,4.05,0,142.0
10,1,0,0,sports_event,59,Madeira,urban,0.65,2,House,0,1,4.23,1,325.0
8,1,0,0,none,24,Castelo Branco,historic,0.28,1,Apartment,0,0,4.55,0,73.0
11,2,0,0,national_holiday,2,Vila Real,rural,0.22,1,House,1,1,4.59,0,144.0
5,2,0,0,concert,51,Beja,rural,0.2,2,Apartment,1,0,4.71,0,106.0
5,3,0,0,fair,67,Viana do Castelo,coastal,0.38,4,Apartment,1,0,4.49,1,156.0
6,2,0,0,none,79,Castelo Branco,historic,0.28,2,Room,0,0,4.07,1,50.0
12,4,1,1,fair,68,Lisboa,urban,0.92,1,House,1,0,4.83,1,487.0
8,3,0,0,none,42,Guarda,rural,0.14,4,Apartment,1,1,4.11,1,124.0
2,6,1,0,national_holiday,50,Coimbra,urban,0.55,2,Room,0,0,4.72,1,129.0
1,5,1,0,none,18,Setúbal,coastal,0.6,3,Apartment,0,0,3.43,1,169.0
7,2,0,0,festival,66,Santarém,urban,0.35,1,Apartment,1,0,4.85,1,144.0
10,0,0,0,none,60,Santarém,urban,0.35,5,Apartment,0,1,3.75,0,127.0
6,4,1,0,sports_event,1,Vila Real,rural,0.22,3,Apartment,1,0,3.47,1,137.0
7,2,0,0,none,28,Aveiro,coastal,0.48,1,Room,0,0,3.55,0,50.0
10,6,1,0,fair,15,Vila Real,rural,0.22,3,House,0,1,4.3,1,185.0
7,2,0,0,fair,88,Viana do Castelo,coastal,0.38,2,House,1,0,5.0,1,225.0
11,2,0,0,none,7,Setúbal,coastal,0.6,2,House,0,1,4.1,0,193.0
8,2,0,0,concert,47,Porto,urban,0.85,3,Apartment,0,0,4.14,1,239.0
9,6,1,0,sports_event,29,Évora,historic,0.52,3,House,1,0,4.58,1,340.0
10,0,0,0,none,84,Madeira,urban,0.65,3,Room,0,0,3.91,0,98.0
8,6,1,0,none,19,Castelo Branco,historic,0.28,2,House,1,0,4.13,1,149.0
1,1,0,1,national_holiday,86,Leiria,coastal,0.4,4,House,0,1,4.03,0,230.0
6,5,1,0,none,17,Santarém,urban,0.35,1,Apartment,0,0,5.0,0,116.0
2,3,0,0,none,4,Madeira,urban,0.65,3,Apartment,1,1,4.24,0,190.0
7,3,0,0,festival,38,Bragança,rural,0.15,2,Apartment,0,0,4.57,1,129.0
2,1,0,0,none,45,Viana do Castelo,coastal,0.38,3,Room,0,0,3.84,1,59.0
7,5,1,0,national_holiday,57,Viseu,historic,0.32,3,Apartment,0,0,3.63,1,149.0
5,4,1,0,none,48,Bragança,rural,0.15,3,Room,0,0,4.53,1,63.0
1,3,0,0,fair,49,Braga,urban,0.58,4,House,0,1,4.33,1,212.0
2,3,0,0,concert,28,Castelo Branco,historic,0.28,3,Apartment,1,0,4.72,1,130.0
7,4,1,0,concert,76,Coimbra,urban,0.55,5,House,0,0,3.76,1,289.0
1,3,0,0,festival,50,Setúbal,coastal,0.6,5,Apartment,0,0,4.15,1,234.0
11,6,1,0,none,36,Vila Real,rural,0.22,5,Shared_House,0,0,3.56,0,81.0
10,0,0,0,fair,8,Coimbra,urban,0.55,2,Apartment,1,0,3.95,0,128.0
9,1,0,0,concert,37,Coimbra,urban,0.55,1,Room,0,0,3.48,1,55.0
3,5,1,0,concert,40,Leiria,coastal,0.4,4,Apartment,0,0,4.06,0,206.0
10,5,1,1,national_holiday,1,Porto,urban,0.85,2,House,1,1,4.85,1,460.0
8,2,0,0,festival,73,Viseu,historic,0.32,4,House,1,1,3.77,1,229.0
5,3,0,0,none,69,Açores,rural,0.3,1,Apartment,1,1,3.76,0,97.0
1,0,0,1,festival,22,Guarda,rural,0.14,4,Apartment,0,0,4.12,1,137.0
7,1,0,0,concert,55,Vila Real,rural,0.22,1,Apartment,1,0,4.11,0,102.0
10,6,1,0,none,13,Açores,rural,0.3,4,Room,0,0,4.59,0,128.0
1,4,1,0,none,12,Beja,rural,0.2,3,House,0,1,3.55,0,127.0
1,0,0,0,none,61,Vila Real,rural,0.22,2,Apartment,1,0,2.95,0,51.0
5,5,1,0,none,18,Coimbra,urban,0.55,3,Apartment,1,0,4.23,1,157.0
7,2,0,0,none,83,Bragança,rural,0.15,3,Shared_House,0,0,5.0,0,71.0
6,3,0,1,national_holiday,16,Viseu,historic,0.32,4,Apartment,0,0,4.1,1,175.0
6,5,1,0,none,59,Santarém,urban,0.35,3,House,1,1,4.4,1,218.0
4,5,1,0,sports_event,37,Viseu,historic,0.32,3,Apartment,0,1,4.16,1,189.0
1,0,0,0,concert,7,Bragança,rural,0.15,2,Apartment,1,0,4.57,0,96.0
1,2,0,0,none,4,Porto,urban,0.85,4,Apartment,0,0,4.05,0,145.0
2,1,0,0,none,13,Portalegre,rural,0.18,1,Shared_House,0,1,4.16,0,41.0
9,6,1,0,concert,71,Aveiro,coastal,0.48,5,House,1,0,5.0,1,320.0
10,5,1,0,none,90,Coimbra,urban,0.55,3,Apartment,0,0,4.77,1,149.0
6,4,1,0,none,29,Lisboa,urban,0.92,4,House,0,1,3.85,1,486.0
1,0,0,0,none,25,Portalegre,rural,0.18,4,Apartment,0,0,3.87,0,72.0
5,5,1,0,national_holiday,83,Castelo Branco,historic,0.28,2,Shared_House,0,0,3.9,1,67.0
12,3,0,0,none,37,Madeira,urban,0.65,2,Apartment,1,0,3.64,0,121.0
3,1,0,0,national_holiday,25,Açores,rural,0.3,2,Room,0,0,3.92,0,86.0
6,3,0,0,none,50,Santarém,urban,0.35,2,Room,0,0,4.14,0,74.0
7,3,0,0,none,33,Bragança,rural,0.15,1,Apartment,0,0,3.81,1,42.0
4,2,0,0,none,28,Viana do Castelo,coastal,0.38,4,Shared_House,0,0,4.46,0,88.0
6,6,1,0,concert,83,Leiria,coastal,0.4,3,Shared_House,0,0,3.36,0,97.0
6,6,1,0,festival,66,Santarém,urban,0.35,3,Room,0,0,3.61,1,97.0
6,0,0,0,festival,16,Coimbra,urban,0.55,3,House,1,0,4.53,1,287.0
9,6,1,0,national_holiday,54,Bragança,rural,0.15,2,House,1,0,5.0,1,178.0
7,2,0,0,none,77,Castelo Branco,historic,0.28,3,Apartment,1,0,4.33,0,103.0
1,5,1,0,none,44,Leiria,coastal,0.4,2,Shared_House,0,0,3.78,1,39.0
1,5,1,0,sports_event,14,Santarém,urban,0.35,5,Apartment,0,0,3.64,1,183.0
5,4,1,0,none,44,Porto,urban,0.85,4,Room,0,0,4.01,0,142.0
11,5,1,0,festival,45,Aveiro,coastal,0.48,2,Room,0,0,4.83,1,134.0
1,4,1,0,fair,19,Castelo Branco,historic,0.28,4,Shared_House,1,0,4.46,1,103.0
1,5,1,0,none,79,Madeira,urban,0.65,3,Room,0,0,3.58,0,98.0
9,2,0,0,none,4,Vila Real,rural,0.22,1,Room,0,0,4.38,0,15.0
6,5,1,0,festival,15,Madeira,urban,0.65,1,Room,0,0,4.92,1,173.0
3,6,1,0,none,10,Vila Real,rural,0.22,2,House,1,0,4.79,0,144.0
3,6,1,0,none,4,Madeira,urban,0.65,4,Apartment,1,0,4.87,1,270.0
8,1,0,0,none,26,Faro,coastal,0.78,4,Shared_House,0,0,4.6,1,121.0
7,3,0,0,none,22,Porto,urban,0.85,3,Apartment,1,0,3.56,0,182.0
8,3,0,0,none,74,Castelo Branco,historic,0.28,1,Room,0,0,3.8,0,29.0
4,4,1,1,festival,24,Portalegre,rural,0.18,2,Apartment,1,0,5.0,1,148.0
7,4,1,0,none,23,Lisboa,urban,0.92,3,House,1,0,4.03,1,489.0
11,5,1,0,none,37,Bragança,rural,0.15,2,House,1,1,3.25,0,109.0
4,3,0,0,national_holiday,9,Guarda,rural,0.14,3,Shared_House,0,0,4.5,0,84.0
5,4,1,0,none,67,Castelo Branco,historic,0.28,1,Apartment,1,0,4.73,1,113.0
2,6,1,0,none,74,Viana do Castelo,coastal,0.38,1,House,1,1,4.16,1,177.0
8,0,0,0,fair,5,Faro,coastal,0.78,3,Apartment,1,1,4.47,1,350.0
1,4,1,0,none,58,Porto,urban,0.85,2,House,1,0,3.79,0,273.0
3,2,0,0,fair,52,Setúbal,coastal,0.6,3,House,1,1,3.97,1,259.0
9,6,1,0,sports_event,88,Viseu,historic,0.32,4,Apartment,1,0,3.3,1,172.0
1,3,0,0,festival,66,Viana do Castelo,coastal,0.38,3,House,1,0,3.66,0,208.0
12,4,1,0,none,82,Vila Real,rural,0.22,5,Room,0,0,4.92,1,97.0
5,5,1,0,none,73,Vila Real,rural,0.22,3,Room,0,0,2.54,1,59.0
5,1,0,0,concert,55,Portalegre,rural,0.18,4,Room,0,0,4.01,0,80.0
7,3,0,0,none,87,Beja,rural,0.2,3,Apartment,0,0,3.93,0,79.0
8,5,1,0,concert,56,Leiria,coastal,0.4,4,House,1,0,4.5,1,274.0
6,5,1,0,concert,75,Açores,rural,0.3,2,House,0,1,3.13,1,261.0
11,1,0,0,sports_event,41,Faro,coastal,0.78,3,Room,0,0,3.82,0,154.0
12,5,1,0,none,10,Évora,historic,0.52,2,Room,0,0,3.91,1,91.0
3,1,0,0,concert,60,Portalegre,rural,0.18,3,House,0,0,4.4,0,130.0
9,1,0,0,sports_event,16,Faro,coastal,0.78,2,Room,0,0,4.2,1,169.0
4,5,1,0,none,46,Santarém,urban,0.35,5,Room,1,0,3.37,0,97.0
12,4,1,1,fair,65,Santarém,urban,0.35,3,House,1,1,4.03,1,232.0
4,3,0,0,none,79,Setúbal,coastal,0.6,2,Apartment,1,0,3.81,1,128.0
4,3,0,0,national_holiday,20,Leiria,coastal,0.4,3,Room,0,0,4.43,0,118.0
9,6,1,0,none,81,Madeira,urban,0.65,4,House,1,1,4.08,1,391.0
10,1,0,0,none,23,Madeira,urban,0.65,4,House,1,0,5.0,0,285.0
2,2,0,0,sports_event,71,Faro,coastal,0.78,3,Apartment,0,0,3.87,0,223.0
7,3,0,0,none,77,Braga,urban,0.58,1,Apartment,0,0,3.92,0,86.0
5,5,1,0,none,60,Lisboa,urban,0.92,4,Room,0,0,3.93,1,161.0
8,3,0,0,none,42,Setúbal,coastal,0.6,5,Apartment,0,0,4.1,0,192.0
7,5,1,0,concert,53,Faro,coastal,0.78,4,Apartment,0,0,4.62,0,393.0
12,5,1,0,none,36,Castelo Branco,historic,0.28,3,House,1,1,3.98,1,164.0
12,6,1,0,festival,10,Porto,urban,0.85,1,Apartment,0,0,4.0,1,284.0
8,3,0,0,festival,43,Portalegre,rural,0.18,5,House,0,0,4.38,0,212.0
9,3,0,0,none,2,Braga,urban,0.58,1,Apartment,0,0,3.73,1,78.0
11,0,0,0,none,24,Castelo Branco,historic,0.28,2,Apartment,1,0,4.52,0,73.0
3,0,0,0,none,90,Coimbra,urban,0.55,3,Shared_House,0,0,4.01,0,51.0
9,3,0,0,national_holiday,8,Aveiro,coastal,0.48,3,House,1,1,3.75,1,283.0
10,5,1,0,concert,6,Bragança,rural,0.15,4,Shared_House,1,0,3.28,1,92.0
2,5,1,0,national_holiday,88,Bragança,rural,0.15,3,House,0,1,3.65,1,183.0
11,2,0,0,sports_event,66,Beja,rural,0.2,1,Room,0,0,4.1,0,56.0
9,3,0,0,concert,27,Aveiro,coastal,0.48,3,Apartment,1,0,4.15,1,175.0
5,5,1,0,national_holiday,11,Beja,rural,0.2,4,Apartment,1,0,4.06,1,170.0
6,2,0,0,none,47,Viseu,historic,0.32,4,Apartment,0,0,3.46,0,100.0
6,1,0,0,fair,85,Porto,urban,0.85,2,Apartment,1,0,4.09,0,180.0
12,6,1,0,none,6,Viseu,historic,0.32,2,Shared_House,0,0,3.42,0,42.0
12,3,0,0,none,90,Leiria,coastal,0.4,1,House,1,0,3.57,0,107.0
10,1,0,0,none,14,Viana do Castelo,coastal,0.38,4,House,0,1,4.74,0,169.0
8,1,0,0,none,88,Leiria,coastal,0.4,3,House,1,0,4.13,0,157.0
2,2,0,0,none,10,Porto,urban,0.85,3,Apartment,0,0,4.41,0,135.0
11,1,0,0,festival,24,Vila Real,rural,0.22,2,Shared_House,0,0,4.9,0,93.0
2,3,0,0,festival,5,Aveiro,coastal,0.48,4,House,1,1,4.16,1,297.0
3,5,1,0,fair,40,Porto,urban,0.85,4,Apartment,0,0,4.66,1,311.0
1,5,1,0,none,59,Braga,urban,0.58,3,House,0,0,4.38,1,200.0
12,6,1,0,none,13,Madeira,urban,0.65,2,Apartment,1,0,3.82,1,220.0
6,5,1,0,sports_event,2,Viseu,historic,0.32,3,House,1,1,4.11,1,245.0
3,2,0,0,sports_event,12,Viana do Castelo,coastal,0.38,5,House,1,1,3.81,1,255.0
1,0,0,0,concert,42,Braga,urban,0.58,3,Shared_House,0,0,4.49,0,93.0
5,1,0,0,none,47,Évora,historic,0.52,4,Shared_House,1,0,4.68,0,119.0
9,5,1,0,none,60,Aveiro,coastal,0.48,2,Apartment,1,0,3.5,0,151.0
12,2,0,0,national_holiday,86,Faro,coastal,0.78,2,Apartment,0,0,3.74,0,249.0
7,5,1,0,none,33,Beja,rural,0.2,1,Room,0,0,4.0,0,39.0
8,3,0,0,sports_event,53,Portalegre,rural,0.18,2,House,1,1,3.78,0,161.0
11,6,1,0,none,14,Bragança,rural,0.15,2,House,1,1,4.07,1,126.0
11,3,0,0,none,31,Setúbal,coastal,0.6,3,House,1,0,4.36,1,202.0
4,6,1,0,concert,21,Vila Real,rural,0.22,2,House,1,0,4.83,1,172.0
12,1,0,0,none,17,Viana do Castelo,coastal,0.38,4,House,1,0,3.93,0,166.0
7,5,1,0,none,14,Vila Real,rural,0.22,2,Shared_House,1,0,3.91,1,48.0
12,3,0,0,concert,4,Braga,urban,0.58,2,House,1,1,4.37,1,241.0
2,1,0,0,none,27,Santarém,urban,0.35,1,Apartment,0,0,4.16,0,32.0
2,1,0,0,none,5,Açores,rural,0.3,2,Apartment,0,0,3.4,0,75.0
11,2,0,0,festival,33,Porto,urban,0.85,3,Shared_House,0,0,3.75,0,141.0
9,1,0,0,none,6,Beja,rural,0.2,3,House,1,0,4.01,0,107.0
3,6,1,0,festival,36,Évora,historic,0.52,3,House,1,1,4.57,1,371.0
11,1,0,0,none,73,Faro,coastal,0.78,4,Apartment,1,0,4.74,0,218.0
2,4,1,0,none,21,Guarda,rural,0.14,2,Shared_House,0,0,3.65,1,29.0
9,3,0,0,none,8,Lisboa,urban,0.92,3,House,1,1,3.8,0,336.0
3,3,0,0,fair,22,Santarém,urban,0.35,2,Shared_House,0,0,4.61,1,67.0
1,4,1,0,none,39,Coimbra,urban,0.55,2,Apartment,1,0,3.95,0,120.0
10,6,1,0,national_holiday,58,Açores,rural,0.3,2,Apartment,0,1,4.36,1,248.0
11,6,1,0,none,57,Évora,historic,0.52,4,Apartment,0,0,4.08,0,182.0
2,6,1,0,none,3,Viseu,historic,0.32,4,Apartment,0,0,4.2,1,140.0
2,3,0,0,sports_event,84,Castelo Branco,historic,0.28,2,Shared_House,1,0,3.97,1,74.0
8,5,1,0,none,40,Coimbra,urban,0.55,2,Apartment,1,0,4.74,1,145.0
1,1,0,1,festival,29,Évora,historic,0.52,5,Room,0,0,3.4,0,137.0
9,6,1,0,fair,84,Guarda,rural,0.14,4,Room,0,0,3.98,1,89.0
11,1,0,0,fair,17,Faro,coastal,0.78,3,Apartment,0,0,4.69,0,237.0
10,0,0,0,none,69,Setúbal,coastal,0.6,3,House,0,1,4.07,1,214.0
3,5,1,0,sports_event,89,Setúbal,coastal,0.6,2,Room,0,0,4.12,1,152.0
3,5,1,0,none,30,Madeira,urban,0.65,4,House,1,0,4.66,1,350.0
9,0,0,0,concert,39,Évora,historic,0.52,1,Apartment,0,0,4.41,0,150.0
1,6,1,0,none,50,Coimbra,urban,0.55,3,Room,0,0,4.6,1,88.0
7,0,0,0,none,75,Setúbal,coastal,0.6,1,House,0,1,4.77,1,264.0
6,0,0,0,festival,89,Beja,rural,0.2,3,Shared_House,0,0,3.45,1,100.0
9,6,1,0,none,51,Castelo Branco,historic,0.28,3,House,1,1,3.95,0,174.0
3,1,0,0,sports_event,65,Viseu,historic,0.32,1,Apartment,0,0,3.76,1,107.0
10,1,0,0,none,78,Bragança,rural,0.15,3,Apartment,1,0,4.33,0,75.0
9,5,1,0,none,54,Faro,coastal,0.78,2,Room,0,0,4.69,1,172.0
3,4,1,0,sports_event,71,Beja,rural,0.2,4,Shared_House,0,1,2.92,1,116.0
5,3,0,0,none,51,Bragança,rural,0.15,5,Apartment,1,0,3.38,0,111.0
1,6,1,0,national_holiday,50,Braga,urban,0.58,2,Apartment,0,0,3.13,1,143.0
6,0,0,0,none,81,Coimbra,urban,0.55,1,Apartment,0,0,3.74,1,85.0
4,6,1,0,none,34,Évora,historic,0.52,5,Apartment,0,0,4.18,1,208.0
2,1,0,0,none,18,Lisboa,urban,0.92,4,Apartment,1,0,4.97,0,202.0
7,4,1,0,none,66,Madeira,urban,0.65,4,Apartment,0,0,3.5,1,229.0
7,2,0,0,none,53,Faro,coastal,0.78,2,Apartment,0,0,5.0,1,238.0
2,2,0,0,concert,51,Setúbal,coastal,0.6,1,House,1,0,4.42,0,209.0
3,2,0,0,none,32,Portalegre,rural,0.18,5,Shared_House,0,0,4.44,0,74.0
1,3,0,0,national_holiday,65,Beja,rural,0.2,3,Apartment,0,0,4.51,1,125.0
9,6,1,0,festival,43,Vila Real,rural,0.22,2,House,0,0,3.45,1,166.0
5,0,0,0,sports_event,60,Aveiro,coastal,0.48,4,Apartment,1,0,3.86,1,195.0
1,4,1,0,none,4,Leiria,coastal,0.4,3,House,0,1,3.64,1,194.0
3,6,1,0,none,84,Portalegre,rural,0.18,1,Shared_House,0,0,4.48,0,38.0
12,5,1,0,none,72,Portalegre,rural,0.18,5,Apartment,1,0,3.7,0,122.0
4,6,1,0,festival,45,Portalegre,rural,0.18,3,Room,0,0,4.04,1,111.0
9,0,0,0,festival,17,Vila Real,rural,0.22,2,Apartment,0,0,3.82,1,129.0
6,2,0,0,none,89,Viana do Castelo,coastal,0.38,1,Apartment,0,0,4.86,1,97.0
3,2,0,0,none,51,Faro,coastal,0.78,3,Apartment,0,0,3.85,0,172.0
4,3,0,1,national_holiday,42,Braga,urban,0.58,3,Apartment,1,0,3.6,0,165.0
1,2,0,0,none,84,Açores,rural,0.3,1,Apartment,1,0,4.39,0,77.0
9,1,0,0,none,82,Castelo Branco,historic,0.28,3,House,1,0,4.12,0,122.0
5,5,1,0,none,24,Aveiro,coastal,0.48,3,Apartment,0,0,4.85,1,186.0
6,1,0,0,none,61,Bragança,rural,0.15,3,Room,0,0,4.3,0,54.0
2,6,1,1,national_holiday,30,Portalegre,rural,0.18,5,Apartment,0,0,4.29,0,170.0
10,0,0,0,festival,4,Leiria,coastal,0.4,2,Apartment,0,0,4.59,1,180.0
3,2,0,0,festival,37,Évora,historic,0.52,5,House,1,0,4.38,1,289.0
7,4,1,0,sports_event,22,Bragança,rural,0.15,2,House,1,1,4.55,1,186.0
11,6,1,0,none,49,Açores,rural,0.3,2,Room,0,0,4.5,0,76.0
9,5,1,0,none,40,Viseu,historic,0.32,2,Room,0,0,3.99,1,63.0
8,0,0,0,concert,21,Coimbra,urban,0.55,5,House,0,0,3.55,1,231.0
11,5,1,1,national_holiday,41,Madeira,urban,0.65,1,Shared_House,0,0,4.06,1,127.0
3,2,0,0,none,67,Lisboa,urban,0.92,2,Apartment,0,0,3.15,0,121.0
12,6,1,0,none,56,Viseu,historic,0.32,2,Shared_House,0,0,3.78,1,45.0
7,5,1,0,sports_event,57,Portalegre,rural,0.18,3,Apartment,1,0,3.95,1,126.0
5,1,0,0,none,12,Castelo Branco,historic,0.28,2,Apartment,1,0,4.8,1,95.0
4,2,0,0,fair,9,Bragança,rural,0.15,1,Apartment,1,0,4.07,0,78.0
9,5,1,0,none,58,Portalegre,rural,0.18,3,House,1,0,5.0,1,169.0
12,6,1,0,national_holiday,46,Viseu,historic,0.32,5,House,1,0,4.39,1,249.0
9,4,1,0,none,57,Porto,urban,0.85,5,Apartment,1,0,3.34,1,230.0
1,1,0,0,sports_event,33,Viseu,historic,0.32,5,Apartment,0,0,4.72,1,184.0
6,2,0,0,none,10,Porto,urban,0.85,2,House,1,0,4.67,1,293.0
9,5,1,0,concert,32,Beja,rural,0.2,2,House,0,1,3.31,1,163.0
5,4,1,0,none,59,Faro,coastal,0.78,1,Shared_House,0,0,4.51,1,123.0
10,1,0,0,fair,89,Aveiro,coastal,0.48,4,Shared_House,1,1,4.87,0,140.0
9,1,0,0,concert,52,Santarém,urban,0.35,4,House,0,0,3.08,0,134.0
1,1,0,0,festival,37,Leiria,coastal,0.4,3,House,0,1,3.61,0,213.0
7,3,0,0,none,33,Bragança,rural,0.15,3,House,1,0,4.63,0,130.0
3,3,0,0,none,3,Setúbal,coastal,0.6,3,Room,0,0,4.06,0,85.0
6,3,0,1,national_holiday,18,Santarém,urban,0.35,3,Room,0,0,4.89,1,136.0
5,6,1,0,national_holiday,32,Setúbal,coastal,0.6,2,Room,0,0,4.63,1,148.0
10,4,1,0,none,56,Madeira,urban,0.65,3,Apartment,1,0,4.57,1,228.0
11,4,1,0,none,54,Portalegre,rural,0.18,2,Room,1,0,4.74,1,61.0
6,2,0,0,none,30,Aveiro,coastal,0.48,1,House,0,1,3.75,0,143.0
7,4,1,0,none,48,Lisboa,urban,0.92,2,Apartment,1,0,4.0,1,313.0
8,6,1,0,none,21,Madeira,urban,0.65,5,House,1,0,5.0,1,449.0
8,0,0,0,concert,7,Santarém,urban,0.35,5,Apartment,1,0,3.98,1,161.0
8,2,0,0,none,27,Portalegre,rural,0.18,4,Apartment,0,0,4.71,0,109.0
10,0,0,0,fair,16,Faro,coastal,0.78,4,House,1,1,4.06,1,422.0
12,1,0,0,national_holiday,49,Porto,urban,0.85,1,House,1,0,3.78,0,283.0
10,0,0,0,none,70,Vila Real,rural,0.22,2,Shared_House,0,1,3.67,0,46.0
2,4,1,0,none,16,Setúbal,coastal,0.6,1,Shared_House,0,0,4.44,1,70.0
6,5,1,0,festival,1,Aveiro,coastal,0.48,1,Apartment,0,0,4.81,1,196.0
6,6,1,0,none,5,Bragança,rural,0.15,4,Apartment,1,0,4.4,1,124.0
7,1,0,0,sports_event,21,Faro,coastal,0.78,1,Apartment,0,0,4.29,1,306.0
7,4,1,0,festival,15,Coimbra,urban,0.55,5,Shared_House,0,0,3.58,1,137.0
9,2,0,0,none,89,Portalegre,rural,0.18,3,Apartment,0,0,4.16,0,60.0
6,2,0,0,fair,22,Vila Real,rural,0.22,2,Apartment,0,0,4.25,0,83.0
4,4,1,0,none,60,Leiria,coastal,0.4,4,House,1,0,3.72,1,216.0
6,4,1,0,none,63,Santarém,urban,0.35,4,Apartment,0,0,4.38,1,128.0
11,4,1,0,national_holiday,23,Guarda,rural,0.14,3,House,1,0,3.81,0,160.0
4,0,0,0,none,14,Lisboa,urban,0.92,1,Room,0,0,3.96,0,86.0
1,2,0,0,none,18,Lisboa,urban,0.92,3,Room,0,0,4.55,0,84.0
12,1,0,0,none,80,Castelo Branco,historic,0.28,3,Apartment,1,0,4.96,0,105.0
3,0,0,0,none,38,Guarda,rural,0.14,4,Apartment,0,0,4.92,0,87.0
8,0,0,0,none,1,Aveiro,coastal,0.48,2,Apartment,0,1,4.09,1,146.0
10,3,0,0,sports_event,59,Faro,coastal,0.78,4,Apartment,0,0,4.43,1,316.0
4,0,0,0,none,39,Leiria,coastal,0.4,2,Apartment,1,0,4.48,1,123.0
5,5,1,0,festival,16,Coimbra,urban,0.55,5,Apartment,1,0,4.47,1,244.0
4,0,0,0,none,15,Braga,urban,0.58,1,House,1,0,4.22,1,128.0
2,1,0,0,none,68,Santarém,urban,0.35,4,Apartment,1,0,4.81,0,104.0
2,6,1,0,national_holiday,29,Coimbra,urban,0.55,2,House,0,0,3.85,1,240.0
3,4,1,0,concert,4,Viseu,historic,0.32,4,Apartment,1,0,3.59,1,162.0
6,3,0,0,concert,69,Coimbra,urban,0.55,4,House,1,1,4.34,1,275.0
7,0,0,0,none,18,Portalegre,rural,0.18,2,Room,0,0,4.01,0,47.0
1,0,0,0,none,90,Coimbra,urban,0.55,1,Apartment,1,0,5.0,0,92.0
11,6,1,0,fair,54,Viana do Castelo,coastal,0.38,5,House,0,0,3.93,1,227.0
9,5,1,0,fair,50,Vila Real,rural,0.22,5,House,1,0,4.68,1,202.0
1,6,1,0,sports_event,64,Beja,rural,0.2,4,House,1,1,4.4,1,235.0
11,5,1,0,none,20,Aveiro,coastal,0.48,2,Shared_House,0,0,3.46,1,57.0
1,0,0,0,none,61,Setúbal,coastal,0.6,2,Room,0,0,4.46,0,64.0
7,5,1,0,none,16,Aveiro,coastal,0.48,3,Room,1,0,3.84,1,104.0
6,3,0,0,none,24,Guarda,rural,0.14,4,Room,1,0,5.0,0,104.0
7,4,1,0,none,52,Viseu,historic,0.32,2,Shared_House,1,0,3.77,1,52.0
12,2,0,0,none,35,Madeira,urban,0.65,1,Room,0,0,3.7,1,63.0
12,5,1,0,none,82,Coimbra,urban,0.55,5,House,0,0,3.07,0,202.0
4,5,1,0,festival,4,Aveiro,coastal,0.48,3,Room,0,0,3.78,1,135.0
7,6,1,0,festival,9,Santarém,urban,0.35,3,Apartment,1,0,4.53,1,174.0
12,3,0,0,festival,1,Faro,coastal,0.78,5,Shared_House,0,1,3.65,1,209.0
9,1,0,0,none,82,Leiria,coastal,0.4,3,Apartment,0,0,4.42,1,108.0
11,4,1,0,none,38,Guarda,rural,0.14,2,Apartment,0,0,4.29,1,71.0
6,3,0,0,national_holiday,80,Lisboa,urban,0.92,5,Apartment,0,1,3.68,0,328.0
4,1,0,0,none,49,Vila Real,rural,0.22,5,Room,0,0,4.1,0,75.0
7,5,1,0,fair,78,Castelo Branco,historic,0.28,1,Apartment,1,0,3.69,1,113.0
10,0,0,0,none,74,Viseu,historic,0.32,2,Room,0,0,4.59,0,37.0
12,2,0,0,festival,9,Portalegre,rural,0.18,2,House,0,0,3.25,0,115.0
9,4,1,0,none,87,Santarém,urban,0.35,1,Apartment,0,0,4.53,1,93.0
9,6,1,0,sports_event,47,Coimbra,urban,0.55,2,Room,0,0,3.8,1,115.0
7,4,1,0,fair,54,Guarda,rural,0.14,1,Apartment,0,0,4.22,1,77.0
4,6,1,0,none,22,Portalegre,rural,0.18,3,House,1,0,4.4,0,152.0
6,5,1,0,concert,74,Braga,urban,0.58,1,Room,1,0,4.23,1,103.0
6,1,0,0,fair,8,Portalegre,rural,0.18,5,Apartment,1,0,5.0,1,160.0
10,5,1,0,concert,12,Açores,rural,0.3,3,Apartment,0,0,3.95,1,191.0
7,2,0,0,none,21,Setúbal,coastal,0.6,2,Apartment,0,0,3.48,0,128.0
10,4,1,0,none,74,Portalegre,rural,0.18,4,House,0,1,5.0,0,171.0
1,1,0,0,fair,74,Faro,coastal,0.78,3,Room,0,0,4.35,0,132.0
10,3,0,0,sports_event,23,Vila Real,rural,0.22,4,Apartment,1,0,4.24,1,148.0
7,4,1,0,national_holiday,50,Vila Real,rural,0.22,4,Apartment,0,0,5.0,1,175.0
12,6,1,0,none,37,Vila Real,rural,0.22,4,Room,0,0,3.51,1,67.0
6,6,1,0,concert,50,Coimbra,urban,0.55,4,Room,1,0,4.12,1,143.0
6,5,1,0,concert,2,Madeira,urban,0.65,4,Apartment,1,1,3.62,1,321.0
2,3,0,0,fair,40,Évora,historic,0.52,2,Apartment,0,0,4.11,0,118.0
10,6,1,0,sports_event,43,Faro,coastal,0.78,3,Apartment,0,0,3.45,1,338.0
9,0,0,0,none,2,Portalegre,rural,0.18,3,Apartment,1,0,4.21,1,93.0
11,6,1,0,sports_event,59,Madeira,urban,0.65,5,House,0,1,4.18,1,440.0
2,1,0,1,festival,35,Coimbra,urban,0.55,3,House,1,1,4.15,0,242.0
3,2,0,0,none,23,Viana do Castelo,coastal,0.38,2,Room,0,0,3.03,0,31.0
11,6,1,1,national_holiday,71,Évora,historic,0.52,3,House,1,1,4.55,1,353.0
1,5,1,0,fair,73,Lisboa,urban,0.92,3,Apartment,0,0,4.05,1,313.0
7,5,1,0,none,23,Viseu,historic,0.32,3,Apartment,0,0,5.0,0,141.0
5,4,1,0,none,84,Lisboa,urban,0.92,3,Room,0,0,3.94,0,144.0
12,4,1,0,festival,2,Viana do Castelo,coastal,0.38,5,House,1,0,3.85,1,288.0
11,1,0,0,national_holiday,52,Viana do Castelo,coastal,0.38,2,Room,0,0,4.25,1,92.0
11,6,1,0,sports_event,64,Beja,rural,0.2,5,Apartment,0,0,3.55,0,156.0
4,4,1,0,none,22,Porto,urban,0.85,4,Apartment,0,0,4.78,1,265.0
8,4,1,0,none,33,Aveiro,coastal,0.48,2,Room,0,0,3.71,0,81.0
9,2,0,0,none,64,Castelo Branco,historic,0.28,2,Apartment,0,0,3.76,0,52.0
12,6,1,0,none,33,Guarda,rural,0.14,5,Apartment,0,0,4.59,1,120.0
1,3,0,0,concert,27,Leiria,coastal,0.4,4,House,1,0,4.31,0,222.0
12,1,0,0,none,59,Viana do Castelo,coastal,0.38,2,Room,0,0,4.3,0,51.0
5,1,0,0,none,15,Lisboa,urban,0.92,3,House,0,0,3.52,1,240.0
2,4,1,0,fair,51,Madeira,urban,0.65,2,House,0,0,4.69,1,357.0
8,5,1,0,none,26,Coimbra,urban,0.55,3,Apartment,0,0,3.68,1,170.0
10,1,0,0,none,29,Portalegre,rural,0.18,2,Room,1,0,3.34,0,42.0
2,4,1,0,none,40,Beja,rural,0.2,2,Room,0,0,4.38,0,50.0
1,6,1,0,none,66,Açores,rural,0.3,2,Room,1,0,4.09,0,69.0
11,3,0,0,none,21,Évora,historic,0.52,3,Apartment,1,0,4.08,0,111.0
12,6,1,0,national_holiday,61,Coimbra,urban,0.55,2,House,1,1,4.53,1,283.0
2,1,0,0,fair,31,Bragança,rural,0.15,4,Room,0,0,4.04,0,73.0
11,2,0,0,concert,81,Faro,coastal,0.78,4,Apartment,0,0,3.33,0,212.0
11,3,0,0,sports_event,36,Guarda,rural,0.14,3,Apartment,0,0,4.03,0,104.0
12,2,0,0,none,38,Viana do Castelo,coastal,0.38,5,Shared_House,0,0,4.34,0,89.0
3,0,0,0,concert,68,Beja,rural,0.2,4,Room,0,0,4.29,1,99.0
7,3,0,0,none,4,Évora,historic,0.52,1,Shared_House,1,0,4.11,1,59.0
12,2,0,0,none,78,Viana do Castelo,coastal,0.38,1,House,1,0,5.0,0,146.0
11,1,0,0,none,30,Santarém,urban,0.35,3,Apartment,1,0,5.0,0,109.0
8,2,0,0,none,75,Castelo Branco,historic,0.28,4,Apartment,0,0,3.6,0,113.0
3,2,0,0,none,34,Guarda,rural,0.14,5,Room,0,0,3.52,0,75.0
2,6,1,0,none,18,Santarém,urban,0.35,1,Room,0,0,4.86,1,64.0
4,3,0,0,none,10,Faro,coastal,0.78,2,Apartment,1,0,4.73,0,240.0
1,2,0,0,none,73,Faro,coastal,0.78,4,Apartment,0,0,4.94,0,209.0
3,2,0,0,none,3,Beja,rural,0.2,5,Room,0,0,3.98,0,86.0
1,4,1,0,festival,58,Vila Real,rural,0.22,3,Apartment,0,0,4.12,1,138.0
10,1,0,0,none,55,Porto,urban,0.85,3,Apartment,0,1,3.31,0,131.0
8,6,1,0,festival,22,Faro,coastal,0.78,4,Shared_House,0,0,4.27,1,215.0
7,2,0,0,none,69,Setúbal,coastal,0.6,3,House,1,0,3.88,1,234.0
10,2,0,1,national_holiday,34,Açores,rural,0.3,4,Room,0,0,3.81,0,120.0
5,0,0,0,festival,72,Bragança,rural,0.15,5,Shared_House,1,0,4.66,0,140.0
5,6,1,0,sports_event,32,Aveiro,coastal,0.48,2,Room,0,0,4.12,1,110.0
3,3,0,0,none,71,Braga,urban,0.58,2,House,1,0,4.61,0,162.0
6,0,0,0,festival,40,Bragança,rural,0.15,5,House,1,0,4.15,1,204.0
3,1,0,0,concert,42,Viseu,historic,0.32,3,House,1,0,4.47,1,174.0
8,2,0,0,none,77,Braga,urban,0.58,1,Shared_House,0,0,3.54,0,26.0
12,5,1,0,festival,9,Beja,rural,0.2,3,Apartment,0,0,3.71,1,148.0
7,0,0,0,none,38,Madeira,urban,0.65,3,House,1,0,4.43,1,285.0
4,0,0,0,fair,4,Madeira,urban,0.65,2,Room,0,0,5.0,1,123.0
9,3,0,0,none,5,Portalegre,rural,0.18,4,Apartment,0,0,4.43,0,95.0
10,3,0,0,national_holiday,13,Lisboa,urban,0.92,2,Room,0,0,4.21,0,161.0
6,6,1,0,sports_event,67,Aveiro,coastal,0.48,1,Apartment,0,0,4.95,1,199.0
4,5,1,1,festival,71,Lisboa,urban,0.92,2,Apartment,0,0,4.09,1,360.0
9,4,1,0,none,71,Aveiro,coastal,0.48,3,Apartment,1,0,3.8,1,179.0
3,2,0,0,festival,90,Évora,historic,0.52,4,House,0,0,4.2,0,256.0
12,4,1,0,none,52,Viseu,historic,0.32,3,Apartment,1,0,4.39,1,138.0
4,4,1,0,none,18,Coimbra,urban,0.55,4,House,1,0,3.57,1,210.0
5,1,0,0,none,43,Leiria,coastal,0.4,1,Apartment,0,0,4.26,0,88.0
9,2,0,0,sports_event,50,Castelo Branco,historic,0.28,2,Apartment,1,0,3.34,0,114.0
1,6,1,1,concert,70,Aveiro,coastal,0.48,3,Apartment,1,0,4.05,1,212.0
3,3,0,0,national_holiday,43,Braga,urban,0.58,4,Room,0,0,4.12,0,113.0
2,3,0,0,none,2,Açores,rural,0.3,3,Apartment,0,0,4.18,1,88.0
5,5,1,0,fair,76,Madeira,urban,0.65,4,Room,1,0,3.22,1,158.0
7,1,0,0,fair,53,Viseu,historic,0.32,2,Room,0,0,4.25,0,79.0
3,1,0,0,fair,10,Lisboa,urban,0.92,5,Room,0,0,4.64,1,178.0
5,6,1,0,concert,86,Aveiro,coastal,0.48,4,House,1,1,4.9,1,325.0
10,5,1,0,none,41,Beja,rural,0.2,5,Room,0,0,4.93,1,123.0
12,2,0,0,fair,72,Santarém,urban,0.35,2,House,1,0,4.21,0,132.0
1,6,1,0,festival,66,Bragança,rural,0.15,1,House,1,0,5.0,1,175.0
8,2,0,0,concert,25,Setúbal,coastal,0.6,3,Apartment,0,0,3.82,1,203.0
1,4,1,0,none,81,Portalegre,rural,0.18,3,Shared_House,0,0,3.84,0,42.0
7,0,0,0,none,83,Portalegre,rural,0.18,4,Room,0,0,4.21,0,72.0
11,4,1,0,none,85,Porto,urban,0.85,1,House,1,0,4.61,1,314.0
10,1,0,0,none,19,Aveiro,coastal,0.48,3,House,1,1,4.52,1,210.0
3,1,0,0,none,13,Santarém,urban,0.35,2,House,1,1,3.02,0,91.0
4,5,1,0,fair,50,Lisboa,urban,0.92,3,Apartment,0,0,3.72,1,290.0
10,1,0,0,none,23,Guarda,rural,0.14,2,Apartment,1,1,4.58,1,83.0
10,3,0,0,none,57,Viana do Castelo,coastal,0.38,5,Apartment,0,0,3.76,0,120.0
4,6,1,0,none,61,Aveiro,coastal,0.48,2,Room,0,0,4.14,1,87.0
1,6,1,0,none,4,Açores,rural,0.3,3,House,1,0,4.38,1,222.0
6,3,0,0,none,69,Viana do Castelo,coastal,0.38,1,Apartment,0,0,4.44,1,90.0
8,0,0,0,sports_event,12,Faro,coastal,0.78,2,Apartment,0,0,4.63,1,351.0
6,2,0,0,national_holiday,52,Vila Real,rural,0.22,3,Room,0,0,4.84,1,108.0
12,4,1,1,national_holiday,49,Bragança,rural,0.15,1,Room,1,0,4.52,1,97.0
10,2,0,0,none,2,Braga,urban,0.58,3,Room,0,0,3.59,0,43.0
10,5,1,0,concert,17,Santarém,urban,0.35,2,Apartment,0,0,4.49,1,141.0
1,6,1,0,none,49,Beja,rural,0.2,4,House,0,0,4.74,0,145.0
11,4,1,0,sports_event,38,Portalegre,rural,0.18,4,House,1,0,4.43,1,200.0
10,4,1,0,festival,43,Lisboa,urban,0.92,4,Apartment,0,0,4.84,0,394.0
5,3,0,0,fair,64,Viana do Castelo,coastal,0.38,1,Apartment,1,0,4.32,1,114.0
8,1,0,0,none,63,Aveiro,coastal,0.48,3,House,0,1,4.14,0,193.0
10,4,1,0,national_holiday,57,Vila Real,rural,0.22,1,House,1,0,3.78,1,156.0
11,6,1,0,national_holiday,67,Portalegre,rural,0.18,3,Apartment,0,0,5.0,1,159.0
7,4,1,0,none,79,Açores,rural,0.3,4,Apartment,0,0,3.68,1,179.0
1,5,1,0,none,20,Bragança,rural,0.15,1,Apartment,0,0,4.2,1,58.0
8,6,1,0,none,83,Viana do Castelo,coastal,0.38,2,House,0,1,4.02,1,221.0
9,2,0,0,none,43,Viana do Castelo,coastal,0.38,4,House,0,1,3.53,0,147.0
1,2,0,0,national_holiday,84,Viana do Castelo,coastal,0.38,3,Room,1,0,4.64,0,113.0
10,6,1,0,none,58,Santarém,urban,0.35,2,Apartment,0,0,4.45,0,105.0
3,3,0,0,none,36,Açores,rural,0.3,5,House,1,1,4.32,0,210.0
11,5,1,0,none,4,Beja,rural,0.2,2,Apartment,1,0,3.89,0,92.0
7,4,1,0,festival,11,Porto,urban,0.85,4,House,0,1,4.48,1,480.0
4,0,0,0,fair,56,Bragança,rural,0.15,2,Room,0,0,4.07,0,64.0
1,2,0,0,festival,61,Portalegre,rural,0.18,5,House,1,0,4.44,1,180.0
1,2,0,0,sports_event,13,Porto,urban,0.85,4,Room,0,0,4.92,1,168.0
9,1,0,0,none,83,Portalegre,rural,0.18,2,Apartment,0,1,2.98,0,54.0
5,5,1,0,sports_event,30,Aveiro,coastal,0.48,5,Shared_House,0,1,4.7,1,172.0
11,6,1,0,none,70,Coimbra,urban,0.55,1,Room,0,0,5.0,0,70.0
3,6,1,0,none,70,Setúbal,coastal,0.6,4,Apartment,0,0,5.0,1,223.0
12,1,0,0,festival,63,Setúbal,coastal,0.6,3,House,1,0,4.59,1,311.0
12,3,0,0,national_holiday,83,Viana do Castelo,coastal,0.38,2,House,0,0,4.81,1,217.0
2,1,0,0,concert,73,Lisboa,urban,0.92,3,Shared_House,0,0,3.78,0,90.0
8,0,0,0,sports_event,15,Bragança,rural,0.15,1,Apartment,1,0,4.32,0,107.0
12,4,1,0,none,37,Évora,historic,0.52,3,House,1,1,4.13,0,274.0
4,6,1,0,none,52,Porto,urban,0.85,3,House,1,0,3.97,1,322.0
1,0,0,0,festival,46,Santarém,urban,0.35,3,Apartment,1,0,4.69,1,168.0
11,4,1,1,sports_event,48,Setúbal,coastal,0.6,4,Room,1,0,4.1,1,181.0
6,0,0,0,sports_event,18,Bragança,rural,0.15,5,Room,0,0,3.27,0,96.0
1,5,1,0,festival,88,Guarda,rural,0.14,3,House,1,0,4.42,1,185.0
11,0,0,0,none,61,Castelo Branco,historic,0.28,3,Shared_House,0,0,4.19,0,45.0
9,3,0,0,none,73,Portalegre,rural,0.18,2,Shared_House,0,0,4.55,0,31.0
1,0,0,0,none,32,Portalegre,rural,0.18,5,Room,0,0,4.0,0,77.0
4,2,0,0,sports_event,60,Portalegre,rural,0.18,4,Apartment,0,0,3.34,0,123.0
1,3,0,0,national_holiday,25,Leiria,coastal,0.4,5,Room,0,0,3.71,0,126.0
12,3,0,0,festival,54,Faro,coastal,0.78,4,Apartment,0,1,3.74,1,341.0
1,5,1,0,sports_event,23,Porto,urban,0.85,2,House,0,0,3.69,0,383.0
10,6,1,0,sports_event,84,Faro,coastal,0.78,2,Shared_House,0,0,3.92,1,157.0
7,2,0,0,none,46,Aveiro,coastal,0.48,3,Apartment,0,0,4.56,1,151.0
7,6,1,0,none,45,Leiria,coastal,0.4,1,Apartment,0,0,3.51,0,110.0
10,2,0,0,none,49,Leiria,coastal,0.4,3,Room,0,0,4.64,1,80.0
11,0,0,0,national_holiday,21,Coimbra,urban,0.55,2,Apartment,0,0,3.57,1,111.0
2,4,1,0,none,75,Coimbra,urban,0.55,4,Apartment,0,0,4.01,1,135.0
1,5,1,0,festival,26,Portalegre,rural,0.18,3,Apartment,0,0,4.18,0,134.0
2,2,0,0,none,83,Madeira,urban,0.65,2,Room,0,0,4.05,0,63.0
9,4,1,0,sports_event,76,Setúbal,coastal,0.6,4,House,1,0,4.51,1,396.0
7,3,0,0,none,28,Lisboa,urban,0.92,2,Apartment,0,0,4.15,0,209.0
2,1,0,0,national_holiday,50,Castelo Branco,historic,0.28,2,Shared_House,1,0,4.12,1,74.0
3,2,0,0,none,30,Braga,urban,0.58,3,Room,1,0,3.01,0,65.0
7,2,0,0,national_holiday,13,Coimbra,urban,0.55,2,House,1,1,4.4,1,258.0
9,2,0,0,festival,26,Beja,rural,0.2,2,Apartment,0,0,5.0,1,143.0
5,6,1,1,national_holiday,79,Porto,urban,0.85,2,Room,0,0,3.95,1,164.0
12,2,0,0,sports_event,28,Bragança,rural,0.15,1,Apartment,1,1,4.53,0,116.0
12,4,1,1,festival,84,Faro,coastal,0.78,2,Shared_House,0,0,3.79,1,168.0
10,0,0,0,none,66,Santarém,urban,0.35,3,Apartment,0,0,4.69,0,98.0
6,2,0,0,sports_event,41,Coimbra,urban,0.55,4,Room,0,0,4.46,1,142.0
11,6,1,0,festival,57,Braga,urban,0.58,2,Shared_House,0,0,4.02,1,101.0
9,6,1,0,festival,80,Santarém,urban,0.35,2,Apartment,0,0,3.98,1,158.0
7,6,1,0,sports_event,8,Coimbra,urban,0.55,1,Apartment,0,0,4.52,1,164.0
6,0,0,0,sports_event,73,Guarda,rural,0.14,1,Apartment,1,0,4.22,1,110.0
10,6,1,0,none,52,Setúbal,coastal,0.6,2,Apartment,1,0,3.58,1,176.0
7,1,0,0,none,89,Vila Real,rural,0.22,3,House,0,0,3.44,0,68.0
3,0,0,0,none,77,Lisboa,urban,0.92,4,Apartment,1,1,4.49,1,231.0
12,0,0,0,festival,81,Castelo Branco,historic,0.28,4,Apartment,0,0,3.82,0,148.0
1,5,1,0,none,6,Setúbal,coastal,0.6,5,Apartment,0,0,4.22,1,219.0
9,4,1,0,none,41,Madeira,urban,0.65,5,Apartment,0,0,4.49,1,264.0
8,4,1,0,concert,82,Viseu,historic,0.32,1,Room,0,0,3.6,1,62.0
8,6,1,0,none,25,Guarda,rural,0.14,1,Apartment,1,1,3.69,0,81.0
1,0,0,0,none,24,Vila Real,rural,0.22,3,Apartment,0,0,5.0,0,104.0
6,0,0,0,fair,61,Açores,rural,0.3,3,Apartment,0,0,3.99,0,142.0
11,6,1,0,sports_event,30,Braga,urban,0.58,3,Apartment,1,0,4.71,1,222.0
3,4,1,0,concert,53,Coimbra,urban,0.55,3,Apartment,0,0,5.0,1,205.0
9,5,1,0,none,36,Viana do Castelo,coastal,0.38,5,Apartment,0,0,4.32,0,197.0
11,3,0,0,festival,41,Castelo Branco,historic,0.28,3,Apartment,0,0,3.77,1,132.0
12,1,0,0,national_holiday,13,Vila Real,rural,0.22,5,Apartment,0,0,4.26,0,136.0
7,3,0,0,none,76,Bragança,rural,0.15,5,House,0,1,4.11,0,140.0
4,6,1,0,none,9,Évora,historic,0.52,3,House,1,0,4.23,1,265.0
9,0,0,0,none,16,Santarém,urban,0.35,2,Shared_House,0,0,4.56,0,55.0
6,0,0,0,fair,22,Bragança,rural,0.15,2,House,1,0,4.62,1,141.0
8,2,0,0,none,25,Santarém,urban,0.35,2,Apartment,0,0,3.2,0,65.0
9,3,0,0,none,1,Vila Real,rural,0.22,5,Apartment,0,0,4.79,0,132.0
9,4,1,0,festival,87,Évora,historic,0.52,5,Room,1,0,4.34,1,206.0
3,1,0,0,national_holiday,52,Beja,rural,0.2,2,House,1,1,3.91,0,155.0
10,6,1,1,national_holiday,45,Beja,rural,0.2,1,Apartment,0,0,4.57,1,115.0
7,1,0,0,festival,13,Bragança,rural,0.15,4,Room,1,0,3.67,1,109.0
12,1,0,1,national_holiday,58,Santarém,urban,0.35,3,Apartment,0,0,3.7,1,145.0
8,6,1,0,none,9,Lisboa,urban,0.92,4,Apartment,1,0,4.73,1,359.0
11,2,0,0,festival,25,Porto,urban,0.85,2,Room,0,0,4.23,1,140.0
12,4,1,0,none,51,Madeira,urban,0.65,2,Shared_House,1,0,4.98,0,112.0
12,3,0,1,national_holiday,89,Leiria,coastal,0.4,2,Room,1,0,3.86,1,93.0
9,1,0,0,none,54,Bragança,rural,0.15,1,Shared_House,0,0,4.35,0,26.0
8,3,0,0,none,44,Açores,rural,0.3,2,Apartment,1,0,4.39,0,137.0
2,5,1,0,none,60,Faro,coastal,0.78,1,Apartment,0,0,4.4,1,255.0
5,0,0,0,concert,66,Viseu,historic,0.32,3,Apartment,1,1,4.51,1,149.0
6,6,1,0,none,46,Évora,historic,0.52,4,House,1,0,4.43,1,300.0
10,1,0,0,none,31,Coimbra,urban,0.55,1,Room,0,1,4.21,0,58.0
8,6,1,0,sports_event,80,Faro,coastal,0.78,5,Apartment,0,0,3.23,1,392.0
6,6,1,0,national_holiday,28,Beja,rural,0.2,2,Apartment,0,0,4.63,1,139.0
2,6,1,0,none,12,Castelo Branco,historic,0.28,3,Shared_House,0,0,3.01,0,30.0
9,4,1,0,none,27,Guarda,rural,0.14,2,Apartment,0,0,3.58,0,58.0
6,6,1,0,none,71,Faro,coastal,0.78,4,Apartment,0,0,3.85,0,307.0
1,6,1,0,fair,7,Madeira,urban,0.65,1,Shared_House,1,0,4.65,1,120.0
4,4,1,1,fair,38,Viseu,historic,0.32,3,Apartment,0,0,4.09,1,149.0
11,6,1,0,none,4,Porto,urban,0.85,5,Room,0,0,5.0,1,176.0
2,2,0,0,none,82,Santarém,urban,0.35,1,Apartment,1,0,3.51,1,43.0
5,5,1,0,festival,30,Açores,rural,0.3,4,Apartment,0,0,3.65,1,244.0
7,6,1,0,sports_event,22,Évora,historic,0.52,4,Apartment,0,1,3.07,1,248.0
2,4,1,0,none,63,Évora,historic,0.52,2,Apartment,0,1,3.63,1,135.0
2,0,0,0,none,86,Viseu,historic,0.32,1,Apartment,0,0,3.88,0,49.0
12,1,0,0,none,5,Coimbra,urban,0.55,4,Room,0,0,4.93,1,87.0
8,1,0,0,sports_event,79,Braga,urban,0.58,5,House,0,1,4.72,1,299.0
3,3,0,0,national_holiday,36,Guarda,rural,0.14,2,Apartment,0,0,4.32,1,97.0
3,3,0,0,none,16,Coimbra,urban,0.55,4,Apartment,1,0,4.04,0,119.0
6,5,1,0,fair,7,Aveiro,coastal,0.48,4,House,1,0,4.58,1,298.0
9,1,0,0,none,40,Santarém,urban,0.35,3,Apartment,1,0,4.84,1,99.0
9,1,0,0,sports_event,22,Aveiro,coastal,0.48,4,Apartment,0,0,3.88,0,191.0
3,4,1,0,fair,22,Évora,historic,0.52,1,Shared_House,0,0,3.93,0,75.0
9,0,0,0,festival,17,Viseu,historic,0.32,3,Shared_House,1,0,3.98,1,113.0
11,6,1,0,none,13,Madeira,urban,0.65,5,Apartment,1,0,3.33,0,211.0
3,0,0,0,none,71,Viseu,historic,0.32,4,Apartment,0,0,4.81,0,110.0
1,3,0,0,concert,35,Lisboa,urban,0.92,2,House,0,1,3.91,0,328.0
12,6,1,0,festival,73,Viseu,historic,0.32,3,Apartment,0,0,4.06,1,184.0
7,3,0,0,none,49,Évora,historic,0.52,2,Room,1,0,4.93,1,83.0
10,5,1,0,festival,8,Bragança,rural,0.15,2,Apartment,0,0,3.93,1,142.0
4,2,0,0,none,37,Madeira,urban,0.65,2,Apartment,1,0,4.83,0,192.0
4,5,1,0,none,8,Faro,coastal,0.78,2,House,0,1,3.33,1,414.0
3,4,1,0,concert,30,Bragança,rural,0.15,3,Apartment,0,0,4.48,1,128.0
3,3,0,0,none,75,Portalegre,rural,0.18,2,Apartment,1,0,3.98,0,58.0
6,0,0,0,none,30,Coimbra,urban,0.55,4,House,1,0,3.41,0,167.0
2,6,1,0,none,22,Porto,urban,0.85,5,Shared_House,0,0,3.63,1,124.0
11,0,0,0,national_holiday,15,Porto,urban,0.85,3,Apartment,1,0,4.27,0,242.0
7,2,0,0,none,12,Lisboa,urban,0.92,2,House,1,0,3.72,1,267.0
11,4,1,0,none,21,Vila Real,rural,0.22,5,Apartment,1,1,4.39,1,163.0
7,5,1,0,none,82,Coimbra,urban,0.55,1,Room,0,0,3.83,1,67.0
4,3,0,1,national_holiday,48,Porto,urban,0.85,3,Apartment,0,0,3.39,0,230.0
7,2,0,0,none,71,Évora,historic,0.52,2,Apartment,1,0,4.68,0,151.0
2,2,0,0,none,15,Braga,urban,0.58,5,Apartment,0,0,4.35,0,121.0
10,6,1,0,none,55,Beja,rural,0.2,2,Room,0,0,3.3,0,39.0
9,2,0,0,sports_event,75,Castelo Branco,historic,0.28,5,Apartment,1,0,4.53,1,172.0
2,5,1,0,none,70,Setúbal,coastal,0.6,5,House,1,1,4.26,0,328.0
7,0,0,0,none,67,Setúbal,coastal,0.6,5,Apartment,0,0,3.98,0,187.0
7,4,1,0,sports_event,68,Aveiro,coastal,0.48,4,Room,0,0,4.0,1,149.0
3,4,1,0,none,89,Évora,historic,0.52,4,Shared_House,0,0,4.87,1,112.0
2,4,1,0,none,35,Portalegre,rural,0.18,5,Apartment,1,1,4.36,1,139.0
10,2,0,0,national_holiday,29,Açores,rural,0.3,2,House,1,1,4.89,0,258.0
4,4,1,0,festival,9,Beja,rural,0.2,4,Apartment,0,0,4.44,1,187.0
7,3,0,0,sports_event,17,Açores,rural,0.3,1,House,1,1,4.32,1,282.0
3,4,1,0,none,37,Açores,rural,0.3,2,Apartment,1,0,3.82,0,138.0
8,6,1,0,national_holiday,7,Viseu,historic,0.32,3,Apartment,0,0,4.28,1,168.0
1,4,1,0,none,69,Lisboa,urban,0.92,5,Room,0,0,4.71,1,179.0
5,5,1,0,none,32,Vila Real,rural,0.22,2,Apartment,0,0,4.24,1,86.0
7,6,1,0,concert,30,Viseu,historic,0.32,3,Apartment,0,0,5.0,1,165.0
6,1,0,0,none,83,Portalegre,rural,0.18,3,Apartment,0,0,4.71,1,78.0
8,4,1,0,festival,6,Viana do Castelo,coastal,0.38,3,House,1,0,3.6,1,270.0
3,4,1,0,none,54,Açores,rural,0.3,2,Shared_House,0,0,3.96,1,65.0
6,4,1,0,none,54,Porto,urban,0.85,3,Room,0,0,4.54,0,150.0
10,0,0,0,sports_event,87,Vila Real,rural,0.22,3,Room,1,0,3.44,0,92.0
5,5,1,1,festival,37,Lisboa,urban,0.92,5,Shared_House,0,0,4.14,1,219.0
2,1,0,0,festival,83,Vila Real,rural,0.22,5,House,1,0,3.73,0,156.0
11,2,0,0,none,61,Beja,rural,0.2,2,House,1,0,4.22,0,86.0
10,4,1,0,none,35,Viana do Castelo,coastal,0.38,2,House,1,0,3.74,1,173.0
9,1,0,0,sports_event,48,Leiria,coastal,0.4,3,Shared_House,0,0,4.73,1,120.0
10,0,0,0,none,40,Setúbal,coastal,0.6,3,Apartment,0,0,3.95,0,135.0
10,4,1,0,festival,55,Lisboa,urban,0.92,4,House,1,1,4.53,1,565.0
9,1,0,0,none,27,Aveiro,coastal,0.48,4,Room,0,0,3.45,0,72.0
7,5,1,0,none,30,Castelo Branco,historic,0.28,1,Apartment,0,0,4.05,1,88.0
1,6,1,0,none,67,Beja,rural,0.2,4,Room,0,0,3.56,0,73.0
8,2,0,0,concert,89,Bragança,rural,0.15,2,Room,0,0,4.8,1,81.0
4,5,1,0,none,52,Madeira,urban,0.65,5,House,0,0,3.81,1,371.0
10,1,0,0,none,30,Portalegre,rural,0.18,3,Room,1,0,4.16,0,58.0
6,6,1,0,national_holiday,6,Açores,rural,0.3,4,Apartment,0,0,4.38,1,255.0
11,1,0,0,none,85,Viseu,historic,0.32,2,Shared_House,0,0,3.83,0,32.0
8,6,1,0,concert,83,Vila Real,rural,0.22,3,Apartment,0,0,3.6,1,123.0
7,5,1,0,none,19,Guarda,rural,0.14,1,Apartment,0,1,4.29,1,95.0
12,2,0,0,none,71,Portalegre,rural,0.18,4,House,1,0,3.23,0,89.0
6,5,1,0,none,61,Porto,urban,0.85,5,Room,0,0,4.87,1,184.0
5,4,1,0,none,84,Castelo Branco,historic,0.28,4,Room,0,0,4.13,0,79.0
5,4,1,0,sports_event,46,Madeira,urban,0.65,3,House,1,0,3.46,1,425.0
11,2,0,0,none,23,Santarém,urban,0.35,1,Room,0,0,4.07,0,41.0
10,1,0,0,festival,31,Viseu,historic,0.32,5,House,1,0,4.49,1,245.0
2,4,1,0,concert,68,Viseu,historic,0.32,2,Room,0,0,3.79,1,104.0
6,0,0,0,festival,19,Setúbal,coastal,0.6,3,Apartment,0,0,3.23,0,223.0
5,2,0,0,none,58,Aveiro,coastal,0.48,2,Shared_House,1,0,4.14,1,68.0
8,0,0,0,none,75,Beja,rural,0.2,4,Room,0,0,4.58,1,76.0
1,0,0,0,none,12,Guarda,rural,0.14,2,Room,0,0,4.32,0,42.0
9,0,0,0,fair,48,Évora,historic,0.52,2,Apartment,0,0,4.4,0,153.0
9,0,0,0,festival,24,Beja,rural,0.2,1,Shared_House,0,0,4.68,0,96.0
3,6,1,0,festival,45,Faro,coastal,0.78,3,Apartment,1,0,4.99,1,397.0
2,5,1,0,none,18,Setúbal,coastal,0.6,2,Apartment,0,0,2.85,1,124.0
8,6,1,0,none,29,Bragança,rural,0.15,5,Apartment,0,0,3.54,1,115.0
4,0,0,1,national_holiday,14,Viseu,historic,0.32,4,Shared_House,0,0,4.28,1,111.0
12,6,1,0,none,36,Setúbal,coastal,0.6,5,Shared_House,0,0,4.34,1,147.0
10,4,1,0,none,59,Évora,historic,0.52,2,House,1,0,3.43,0,212.0
12,5,1,0,none,28,Aveiro,coastal,0.48,3,Room,0,0,3.81,0,105.0
7,6,1,0,none,78,Guarda,rural,0.14,3,House,0,1,5.0,1,171.0
12,1,0,0,festival,55,Aveiro,coastal,0.48,5,Apartment,0,0,4.02,1,207.0
1,5,1,0,none,89,Portalegre,rural,0.18,2,House,1,1,4.31,1,133.0
4,4,1,0,none,61,Viana do Castelo,coastal,0.38,2,Apartment,0,0,5.0,1,151.0
1,2,0,0,concert,20,Braga,urban,0.58,2,House,0,1,4.25,0,192.0
9,3,0,0,festival,52,Madeira,urban,0.65,3,Apartment,1,0,4.59,1,302.0
7,1,0,0,none,61,Portalegre,rural,0.18,5,Apartment,1,0,4.49,0,112.0
4,1,0,0,concert,43,Coimbra,urban,0.55,2,House,0,1,4.03,0,195.0
4,6,1,0,none,8,Setúbal,coastal,0.6,3,House,1,0,4.0,0,308.0
8,5,1,0,none,17,Leiria,coastal,0.4,2,Room,0,0,4.79,1,87.0
3,3,0,0,fair,22,Lisboa,urban,0.92,1,House,0,1,4.2,1,301.0
7,4,1,0,none,38,Évora,historic,0.52,5,Apartment,1,0,3.7,0,202.0
8,2,0,0,festival,77,Santarém,urban,0.35,4,Room,0,0,4.74,1,135.0
3,1,0,0,none,3,Vila Real,rural,0.22,5,Apartment,0,0,2.77,0,79.0
3,6,1,0,none,85,Portalegre,rural,0.18,3,Room,0,0,4.99,1,84.0
5,6,1,0,none,48,Braga,urban,0.58,4,Apartment,0,0,4.11,1,156.0
8,1,0,0,none,88,Madeira,urban,0.65,3,Apartment,1,1,4.2,0,194.0
4,5,1,0,none,62,Santarém,urban,0.35,3,House,1,1,4.24,1,186.0
5,3,0,0,none,42,Aveiro,coastal,0.48,1,Shared_House,1,0,4.87,1,60.0
7,4,1,0,none,11,Vila Real,rural,0.22,1,Apartment,0,0,4.29,1,90.0
3,0,0,0,none,67,Bragança,rural,0.15,2,Shared_House,0,0,4.19,0,42.0
7,3,0,0,none,55,Lisboa,urban,0.92,4,House,0,0,3.72,0,291.0
2,0,0,0,none,34,Vila Real,rural,0.22,4,Apartment,1,0,3.84,0,102.0
2,5,1,0,none,74,Madeira,urban,0.65,3,House,1,1,4.52,0,355.0
3,2,0,0,none,64,Açores,rural,0.3,2,Room,1,0,4.31,0,54.0
4,1,0,0,sports_event,26,Madeira,urban,0.65,4,House,0,1,5.0,1,402.0
1,4,1,0,national_holiday,14,Braga,urban,0.58,1,Apartment,0,0,3.79,0,148.0
12,6,1,1,national_holiday,60,Évora,historic,0.52,5,Room,1,0,3.62,1,169.0
4,2,0,0,none,11,Setúbal,coastal,0.6,2,Room,0,0,4.35,1,75.0
10,5,1,0,fair,48,Beja,rural,0.2,4,Room,1,0,4.16,1,118.0
11,4,1,0,festival,89,Santarém,urban,0.35,2,Room,0,0,3.6,1,89.0
10,3,0,0,national_holiday,67,Vila Real,rural,0.22,2,Apartment,0,0,3.94,0,116.0
10,5,1,0,sports_event,29,Madeira,urban,0.65,3,House,0,1,4.55,1,454.0
2,0,0,0,sports_event,87,Coimbra,urban,0.55,3,House,1,0,3.54,1,208.0
5,6,1,0,none,81,Coimbra,urban,0.55,1,Apartment,0,0,3.63,1,114.0
9,2,0,0,none,45,Aveiro,coastal,0.48,3,House,1,1,3.84,0,181.0
7,0,0,0,festival,3,Castelo Branco,historic,0.28,1,Apartment,0,0,3.85,1,117.0
1,6,1,0,festival,81,Lisboa,urban,0.92,5,Room,0,0,4.6,1,243.0
7,5,1,0,concert,75,Açores,rural,0.3,3,Apartment,1,0,3.92,1,232.0
10,5,1,0,national_holiday,88,Portalegre,rural,0.18,3,Room,0,0,5.0,1,127.0
10,1,0,0,none,85,Santarém,urban,0.35,3,Apartment,0,0,3.68,0,67.0
5,5,1,0,none,45,Évora,historic,0.52,4,Shared_House,0,0,4.38,1,94.0
3,4,1,0,fair,2,Viseu,historic,0.32,1,House,1,0,4.18,1,173.0
4,6,1,0,concert,36,Madeira,urban,0.65,4,Apartment,0,0,4.2,1,292.0
4,2,0,0,concert,36,Açores,rural,0.3,5,Apartment,0,0,2.97,0,139.0
5,6,1,0,festival,28,Porto,urban,0.85,3,House,0,0,3.65,1,444.0
4,4,1,0,national_holiday,73,Lisboa,urban,0.92,1,Apartment,0,0,4.12,1,333.0
6,1,0,0,none,73,Bragança,rural,0.15,2,Room,0,0,3.22,0,38.0
1,1,0,0,none,1,Braga,urban,0.58,5,Room,0,0,2.74,0,77.0
4,6,1,0,none,83,Leiria,coastal,0.4,1,House,0,0,3.58,1,137.0
4,4,1,0,none,28,Braga,urban,0.58,1,Apartment,0,0,4.37,1,110.0
2,0,0,0,concert,16,Coimbra,urban,0.55,5,Apartment,0,0,4.44,1,176.0
11,0,0,0,none,24,Viseu,historic,0.32,4,House,1,1,3.59,0,147.0
9,5,1,0,festival,6,Bragança,rural,0.15,3,House,0,1,4.1,1,213.0
11,1,0,0,none,13,Setúbal,coastal,0.6,1,House,1,0,4.41,0,162.0
7,1,0,0,sports_event,27,Aveiro,coastal,0.48,3,House,1,0,4.86,1,301.0
2,4,1,1,national_holiday,8,Setúbal,coastal,0.6,4,House,0,0,4.84,1,395.0
11,6,1,0,festival,16,Madeira,urban,0.65,2,House,1,1,4.66,1,459.0
6,2,0,0,none,23,Braga,urban,0.58,2,House,0,1,3.93,0,167.0
9,4,1,0,none,70,Castelo Branco,historic,0.28,5,Room,0,0,4.18,1,105.0
5,4,1,0,none,18,Castelo Branco,historic,0.28,4,Apartment,0,0,4.24,1,132.0
6,4,1,0,festival,83,Braga,urban,0.58,3,Apartment,1,0,4.09,1,203.0
6,4,1,0,none,88,Portalegre,rural,0.18,5,Apartment,1,0,3.51,1,124.0
4,1,0,0,national_holiday,31,Faro,coastal,0.78,3,Apartment,1,0,4.92,1,346.0
7,4,1,0,fair,2,Castelo Branco,historic,0.28,5,House,0,0,4.42,1,220.0
9,0,0,0,none,27,Porto,urban,0.85,1,Room,0,0,4.64,0,72.0
1,5,1,0,none,12,Guarda,rural,0.14,3,Room,0,0,4.53,0,63.0
2,5,1,0,none,3,Setúbal,coastal,0.6,3,Shared_House,1,0,3.98,1,98.0
11,5,1,0,none,73,Açores,rural,0.3,3,Apartment,0,1,3.45,0,155.0
7,0,0,0,none,10,Guarda,rural,0.14,2,Apartment,0,0,4.58,0,69.0
12,6,1,1,fair,69,Bragança,rural,0.15,3,Apartment,0,0,4.54,1,123.0
8,3,0,0,national_holiday,61,Santarém,urban,0.35,3,House,0,0,4.34,0,197.0
8,0,0,0,none,43,Viseu,historic,0.32,2,Apartment,1,0,5.0,1,117.0
11,3,0,0,concert,29,Viana do Castelo,coastal,0.38,3,Apartment,0,0,3.92,1,133.0
8,4,1,0,concert,35,Aveiro,coastal,0.48,4,Apartment,0,0,4.04,1,208.0
4,2,0,0,none,28,Bragança,rural,0.15,3,Room,0,0,4.3,0,57.0
7,5,1,0,fair,32,Porto,urban,0.85,3,Apartment,1,0,3.95,1,297.0
3,3,0,0,national_holiday,25,Lisboa,urban,0.92,2,Apartment,0,0,4.08,0,242.0
5,1,0,0,national_holiday,88,Braga,urban,0.58,1,House,1,0,4.72,0,216.0
9,4,1,0,concert,83,Viseu,historic,0.32,4,Apartment,0,0,3.88,1,174.0
2,1,0,0,none,79,Castelo Branco,historic,0.28,4,House,0,0,3.91,0,103.0
9,0,0,0,none,76,Beja,rural,0.2,3,House,1,0,4.49,0,100.0
8,1,0,0,national_holiday,24,Açores,rural,0.3,3,Room,0,0,3.54,0,110.0
4,6,1,0,none,79,Portalegre,rural,0.18,2,Room,0,0,4.16,1,59.0
1,4,1,0,none,42,Coimbra,urban,0.55,3,Apartment,1,0,4.13,0,135.0
9,2,0,0,none,15,Viana do Castelo,coastal,0.38,3,Room,0,0,4.51,0,78.0
10,2,0,0,none,68,Setúbal,coastal,0.6,3,House,0,0,4.6,0,202.0
9,6,1,0,none,87,Évora,historic,0.52,2,Room,0,0,4.12,1,85.0
6,4,1,0,concert,75,Portalegre,rural,0.18,2,House,1,0,4.16,1,164.0
8,5,1,0,none,2,Braga,urban,0.58,5,Apartment,0,0,4.18,0,204.0
5,4,1,1,national_holiday,11,Açores,rural,0.3,3,House,1,0,4.05,1,335.0
5,6,1,0,none,12,Porto,urban,0.85,4,Shared_House,0,0,4.85,1,157.0
4,4,1,0,festival,87,Guarda,rural,0.14,3,Shared_House,0,1,4.45,1,115.0
3,2,0,0,concert,48,Braga,urban,0.58,4,Apartment,0,0,4.83,1,167.0
12,1,0,0,fair,74,Leiria,coastal,0.4,2,House,1,0,3.76,1,135.0
8,0,0,0,fair,13,Castelo Branco,historic,0.28,1,Room,0,0,4.83,1,67.0
3,5,1,0,none,46,Évora,historic,0.52,3,Apartment,0,0,4.26,1,180.0
11,6,1,0,concert,34,Santarém,urban,0.35,3,House,1,1,4.54,1,242.0
2,4,1,0,festival,46,Porto,urban,0.85,1,Shared_House,1,0,3.25,1,109.0
8,3,0,0,festival,61,Viseu,historic,0.32,3,House,0,1,5.0,1,274.0
2,0,0,0,sports_event,46,Viseu,historic,0.32,2,Apartment,0,0,4.42,0,135.0
5,4,1,0,none,7,Setúbal,coastal,0.6,1,Apartment,1,0,5.0,1,215.0
8,1,0,0,none,74,Beja,rural,0.2,5,House,1,1,4.76,0,172.0
12,4,1,0,sports_event,82,Coimbra,urban,0.55,3,House,0,1,3.18,1,265.0
12,2,0,0,none,50,Portalegre,rural,0.18,2,Shared_House,0,0,4.96,0,32.0
11,6,1,0,concert,17,Santarém,urban,0.35,1,Room,0,0,4.29,1,71.0
3,6,1,0,none,74,Viana do Castelo,coastal,0.38,5,Apartment,1,0,4.52,1,173.0
2,1,0,0,festival,54,Setúbal,coastal,0.6,5,Room,0,0,4.47,1,181.0
11,2,0,0,concert,78,Açores,rural,0.3,2,Apartment,1,0,4.15,0,121.0
12,6,1,0,none,56,Bragança,rural,0.15,3,Apartment,0,0,4.0,1,84.0
4,0,0,0,none,64,Viana do Castelo,coastal,0.38,3,House,0,1,4.55,0,186.0
1,3,0,0,festival,71,Castelo Branco,historic,0.28,1,House,1,1,3.78,1,159.0
8,0,0,0,none,5,Leiria,coastal,0.4,3,Apartment,0,0,4.21,0,134.0
1,3,0,0,none,22,Portalegre,rural,0.18,2,House,1,0,4.9,0,97.0
1,0,0,0,concert,41,Portalegre,rural,0.18,2,Shared_House,0,0,3.59,0,52.0
12,0,0,0,none,64,Portalegre,rural,0.18,3,House,0,0,4.1,0,87.0
6,2,0,0,festival,24,Santarém,urban,0.35,2,Apartment,0,0,4.78,1,165.0
2,0,0,0,none,41,Setúbal,coastal,0.6,3,Shared_House,0,0,3.79,0,57.0
8,5,1,0,none,4,Santarém,urban,0.35,2,Apartment,0,1,3.25,1,121.0
5,4,1,0,none,57,Castelo Branco,historic,0.28,3,Apartment,0,0,3.21,1,83.0
7,3,0,0,national_holiday,59,Coimbra,urban,0.55,5,Apartment,1,0,3.96,0,210.0
11,3,0,0,festival,50,Lisboa,urban,0.92,3,Apartment,0,0,5.0,0,320.0
3,5,1,0,none,47,Aveiro,coastal,0.48,3,Apartment,1,0,3.82,1,156.0
8,5,1,0,none,90,Castelo Branco,historic,0.28,3,Apartment,1,0,4.06,1,119.0
10,0,0,0,festival,6,Setúbal,coastal,0.6,4,House,1,0,4.23,1,348.0
6,4,1,0,festival,64,Portalegre,rural,0.18,3,Apartment,1,0,4.75,1,167.0
12,3,0,0,none,56,Guarda,rural,0.14,1,Apartment,0,0,4.63,0,51.0
6,5,1,0,none,41,Viseu,historic,0.32,1,House,1,0,4.12,1,163.0
6,5,1,0,none,18,Viana do Castelo,coastal,0.38,3,Apartment,0,0,4.5,1,164.0
11,4,1,0,sports_event,85,Beja,rural,0.2,4,House,0,1,4.73,1,229.0
8,4,1,0,concert,85,Açores,rural,0.3,1,Apartment,0,0,3.38,1,165.0
11,1,0,0,festival,31,Viseu,historic,0.32,3,Room,0,0,4.01,1,108.0
10,5,1,0,sports_event,63,Guarda,rural,0.14,3,Shared_House,0,1,3.6,1,83.0
9,4,1,0,none,10,Madeira,urban,0.65,3,Apartment,1,0,3.84,1,254.0
3,1,0,0,festival,1,Portalegre,rural,0.18,3,House,0,0,4.53,0,177.0
5,1,0,0,festival,87,Setúbal,coastal,0.6,2,Room,0,0,3.6,1,122.0
11,3,0,0,none,79,Vila Real,rural,0.22,3,House,1,1,5.0,0,125.0
8,2,0,0,national_holiday,1,Guarda,rural,0.14,4,Apartment,1,0,4.53,0,152.0
4,4,1,0,none,6,Bragança,rural,0.15,5,Apartment,0,0,3.91,1,101.0
4,2,0,0,festival,14,Viana do Castelo,coastal,0.38,3,House,1,1,4.13,1,272.0
10,1,0,0,festival,2,Santarém,urban,0.35,2,House,0,1,3.56,1,185.0
3,2,0,0,fair,34,Madeira,urban,0.65,4,Room,0,0,3.46,0,103.0
2,5,1,0,none,36,Madeira,urban,0.65,4,Apartment,1,0,4.01,0,220.0
10,5,1,0,fair,60,Leiria,coastal,0.4,3,Apartment,0,1,4.85,1,184.0
4,2,0,0,none,15,Porto,urban,0.85,2,Apartment,1,0,3.5,0,121.0
10,5,1,0,none,80,Viseu,historic,0.32,2,House,0,0,4.82,1,155.0
7,0,0,0,fair,74,Faro,coastal,0.78,3,House,1,1,4.11,1,445.0
12,6,1,0,none,64,Viana do Castelo,coastal,0.38,3,Apartment,0,0,4.32,1,143.0
7,5,1,0,festival,86,Évora,historic,0.52,2,House,1,0,4.24,1,317.0
11,0,0,0,none,18,Beja,rural,0.2,3,Room,0,0,4.59,0,46.0
11,4,1,0,national_holiday,71,Leiria,coastal,0.4,5,Shared_House,0,0,4.75,1,149.0
3,3,0,0,concert,40,Porto,urban,0.85,1,Room,0,0,4.09,0,100.0
12,6,1,1,national_holiday,34,Beja,rural,0.2,3,House,1,0,4.45,1,207.0
9,1,0,0,concert,62,Açores,rural,0.3,5,Room,0,1,4.85,0,182.0
2,6,1,0,none,27,Açores,rural,0.3,5,House,1,0,4.61,1,275.0
1,6,1,0,festival,2,Coimbra,urban,0.55,2,Apartment,1,0,3.99,1,196.0
4,1,0,0,concert,31,Beja,rural,0.2,2,Shared_House,0,0,4.1,1,67.0
1,3,0,0,sports_event,71,Évora,historic,0.52,3,Apartment,0,1,3.71,0,176.0
5,4,1,0,sports_event,8,Viana do Castelo,coastal,0.38,2,Apartment,0,0,5.0,1,172.0
12,1,0,0,concert,77,Castelo Branco,historic,0.28,3,Apartment,0,0,4.35,0,120.0
6,6,1,0,festival,82,Leiria,coastal,0.4,3,House,0,0,3.5,1,251.0
1,1,0,0,national_holiday,43,Leiria,coastal,0.4,4,House,1,1,3.78,0,237.0
6,1,0,0,none,22,Lisboa,urban,0.92,3,House,0,0,4.12,0,286.0
3,3,0,0,none,74,Braga,urban,0.58,5,Apartment,1,0,4.87,0,151.0
11,3,0,0,concert,23,Leiria,coastal,0.4,4,Apartment,1,0,4.1,0,153.0
2,0,0,0,none,19,Faro,coastal,0.78,3,Apartment,0,0,4.5,0,197.0
10,6,1,0,none,65,Évora,historic,0.52,1,Apartment,0,0,3.84,0,124.0
6,1,0,0,concert,29,Aveiro,coastal,0.48,4,Apartment,0,0,4.52,0,180.0
1,0,0,0,festival,56,Guarda,rural,0.14,4,Apartment,0,0,4.85,0,138.0
9,3,0,0,none,21,Faro,coastal,0.78,2,Shared_House,0,1,4.59,1,123.0
6,6,1,0,none,87,Beja,rural,0.2,2,Room,1,0,2.97,1,43.0
10,0,0,0,none,20,Leiria,coastal,0.4,3,Apartment,0,0,4.12,0,102.0
8,3,0,0,none,89,Viseu,historic,0.32,1,Apartment,0,0,3.67,0,57.0
10,6,1,0,none,69,Leiria,coastal,0.4,4,Shared_House,0,0,4.54,1,90.0
6,6,1,0,concert,38,Porto,urban,0.85,2,House,1,1,4.24,1,441.0
1,1,0,0,none,62,Beja,rural,0.2,3,Room,0,0,5.0,0,59.0
2,4,1,0,concert,83,Setúbal,coastal,0.6,2,Room,0,0,4.03,0,126.0
6,5,1,0,national_holiday,57,Leiria,coastal,0.4,3,Apartment,0,0,4.24,1,190.0
5,4,1,0,none,86,Viseu,historic,0.32,4,Apartment,0,1,4.14,1,154.0
10,4,1,0,national_holiday,83,Viseu,historic,0.32,2,Apartment,0,0,4.56,1,165.0
5,5,1,0,none,78,Porto,urban,0.85,1,House,0,1,3.71,1,325.0
11,3,0,0,sports_event,83,Leiria,coastal,0.4,1,Shared_House,0,0,3.7,0,73.0
3,0,0,0,national_holiday,84,Coimbra,urban,0.55,1,Apartment,0,0,3.92,0,109.0
5,4,1,0,concert,3,Viana do Castelo,coastal,0.38,3,Room,0,0,4.49,1,133.0
10,4,1,0,none,54,Beja,rural,0.2,1,House,1,1,4.72,0,148.0
2,5,1,0,none,61,Coimbra,urban,0.55,3,House,1,0,4.15,1,194.0
4,6,1,0,none,11,Lisboa,urban,0.92,3,Room,0,0,4.5,1,174.0
10,2,0,1,national_holiday,60,Braga,urban,0.58,4,House,0,1,4.45,1,288.0
8,6,1,0,none,78,Setúbal,coastal,0.6,2,House,1,1,4.17,1,329.0
10,0,0,0,none,67,Portalegre,rural,0.18,4,Room,0,0,4.16,0,49.0
7,6,1,0,none,28,Santarém,urban,0.35,5,House,1,0,4.58,1,229.0
11,0,0,0,none,45,Évora,historic,0.52,3,Apartment,1,0,5.0,0,135.0
11,4,1,0,none,84,Braga,urban,0.58,4,House,1,0,4.69,0,210.0
12,4,1,1,national_holiday,25,Faro,coastal,0.78,3,House,0,1,4.8,1,585.0
2,4,1,0,festival,47,Bragança,rural,0.15,1,Room,0,0,5.0,1,81.0
8,6,1,0,none,76,Bragança,rural,0.15,5,Apartment,1,0,3.85,1,117.0
2,3,0,0,none,45,Aveiro,coastal,0.48,5,Apartment,0,0,4.55,0,149.0
3,0,0,0,none,10,Vila Real,rural,0.22,2,Apartment,0,0,4.93,0,77.0
4,4,1,0,none,75,Vila Real,rural,0.22,2,Room,1,0,4.67,1,75.0
8,2,0,0,concert,31,Portalegre,rural,0.18,1,House,1,1,3.9,0,123.0
6,4,1,0,none,35,Santarém,urban,0.35,3,Apartment,0,0,3.8,1,114.0
11,2,0,0,none,76,Beja,rural,0.2,5,House,0,0,5.0,0,132.0
4,0,0,0,none,10,Aveiro,coastal,0.48,1,House,1,0,4.41,0,154.0
8,4,1,0,none,68,Évora,historic,0.52,3,House,0,1,4.35,1,315.0
10,0,0,0,concert,71,Leiria,coastal,0.4,4,Apartment,1,1,4.21,0,184.0
12,2,0,0,fair,81,Madeira,urban,0.65,2,Room,0,0,4.96,0,117.0
3,4,1,0,none,27,Madeira,urban,0.65,3,Apartment,0,0,4.69,1,234.0
9,6,1,0,none,3,Setúbal,coastal,0.6,3,Apartment,0,0,4.11,1,236.0
2,2,0,0,none,77,Castelo Branco,historic,0.28,1,House,1,0,4.66,1,84.0
7,2,0,0,sports_event,14,Évora,historic,0.52,3,Apartment,0,0,4.29,0,211.0
5,2,0,0,none,83,Guarda,rural,0.14,1,Apartment,1,1,4.64,0,68.0
12,4,1,0,national_holiday,65,Santarém,urban,0.35,3,Apartment,0,0,4.88,1,174.0
10,1,0,0,none,36,Vila Real,rural,0.22,2,House,0,0,4.82,0,92.0
12,3,0,0,national_holiday,34,Coimbra,urban,0.55,4,Room,0,0,3.34,0,113.0
11,5,1,0,none,61,Coimbra,urban,0.55,3,Room,0,0,4.46,1,90.0
5,0,0,0,none,77,Bragança,rural,0.15,5,Apartment,0,0,4.94,0,114.0
9,6,1,0,none,2,Castelo Branco,historic,0.28,4,Apartment,1,0,3.84,1,123.0
1,3,0,0,none,2,Faro,coastal,0.78,4,Shared_House,1,0,5.0,1,142.0
7,4,1,0,national_holiday,72,Beja,rural,0.2,2,Apartment,1,0,4.51,1,147.0
1,4,1,0,none,37,Braga,urban,0.58,3,Room,0,0,4.68,1,81.0
9,6,1,0,none,42,Portalegre,rural,0.18,4,Apartment,0,0,4.68,1,121.0
12,4,1,0,national_holiday,1,Portalegre,rural,0.18,4,House,1,1,3.53,1,216.0
9,6,1,0,none,24,Porto,urban,0.85,3,House,0,1,4.7,1,410.0
11,2,0,0,none,55,Vila Real,rural,0.22,1,House,1,0,4.45,0,78.0
3,1,0,0,none,79,Açores,rural,0.3,1,House,1,1,3.98,0,133.0
12,4,1,0,none,12,Bragança,rural,0.15,1,Apartment,1,0,5.0,1,89.0
7,1,0,0,fair,37,Viseu,historic,0.32,1,Apartment,0,0,3.25,0,72.0
9,0,0,0,none,67,Madeira,urban,0.65,4,House,1,0,3.89,1,249.0
10,1,0,0,sports_event,75,Vila Real,rural,0.22,3,Room,0,0,4.93,1,121.0
8,1,0,0,none,45,Santarém,urban,0.35,3,House,1,1,4.7,1,180.0
4,0,0,0,none,38,Faro,coastal,0.78,1,House,0,1,3.93,0,290.0
8,5,1,0,sports_event,76,Viseu,historic,0.32,4,Shared_House,1,0,3.84,1,113.0
8,4,1,0,concert,86,Santarém,urban,0.35,1,Apartment,0,0,4.12,1,125.0
11,1,0,0,festival,70,Lisboa,urban,0.92,2,Apartment,0,0,4.4,0,241.0
6,1,0,0,none,61,Setúbal,coastal,0.6,4,Apartment,0,0,4.03,0,161.0
7,6,1,0,none,63,Bragança,rural,0.15,3,Room,0,0,4.21,1,61.0
7,6,1,0,sports_event,61,Madeira,urban,0.65,1,Apartment,0,0,4.3,1,280.0
2,0,0,0,festival,47,Évora,historic,0.52,1,Apartment,0,0,4.09,1,154.0
2,4,1,0,none,12,Viana do Castelo,coastal,0.38,3,Apartment,0,0,4.04,1,113.0
1,2,0,0,none,81,Aveiro,coastal,0.48,3,Apartment,0,1,3.68,0,113.0
8,2,0,0,concert,68,Bragança,rural,0.15,2,Apartment,1,0,4.25,1,98.0
6,4,1,0,none,32,Setúbal,coastal,0.6,3,Apartment,0,1,4.24,1,237.0
11,6,1,0,sports_event,47,Faro,coastal,0.78,2,Apartment,0,1,3.8,1,354.0
9,4,1,0,sports_event,7,Setúbal,coastal,0.6,3,House,0,0,4.4,1,376.0
2,6,1,1,national_holiday,65,Viana do Castelo,coastal,0.38,4,Apartment,0,0,4.85,1,204.0
2,5,1,0,none,38,Coimbra,urban,0.55,4,Apartment,1,0,4.3,0,168.0
5,5,1,0,festival,79,Coimbra,urban,0.55,2,Apartment,1,0,4.48,1,198.0
12,5,1,0,festival,21,Setúbal,coastal,0.6,1,House,1,0,4.76,1,370.0
1,5,1,0,fair,64,Guarda,rural,0.14,1,House,1,0,4.25,0,101.0
3,1,0,0,festival,31,Portalegre,rural,0.18,2,Apartment,0,0,4.71,1,112.0
1,6,1,0,none,45,Braga,urban,0.58,2,Apartment,0,0,3.11,1,98.0
5,6,1,0,none,29,Lisboa,urban,0.92,1,Apartment,0,0,3.91,0,250.0
12,4,1,0,festival,77,Portalegre,rural,0.18,4,Room,0,0,3.71,1,112.0
9,4,1,0,none,19,Açores,rural,0.3,4,Shared_House,0,0,4.97,1,103.0
6,6,1,0,concert,67,Guarda,rural,0.14,4,House,0,0,4.58,1,190.0
2,1,0,0,none,3,Évora,historic,0.52,2,Shared_House,0,0,3.66,1,40.0
5,0,0,0,none,69,Açores,rural,0.3,4,Apartment,0,1,3.77,0,147.0
7,6,1,0,none,43,Bragança,rural,0.15,3,House,1,0,3.58,0,131.0
4,3,0,0,fair,83,Beja,rural,0.2,3,House,1,0,4.43,0,116.0
9,5,1,0,sports_event,37,Aveiro,coastal,0.48,1,Apartment,0,0,4.36,1,169.0
12,3,0,0,festival,13,Viseu,historic,0.32,4,Room,0,0,4.05,1,119.0
3,3,0,0,none,62,Braga,urban,0.58,2,House,0,1,3.82,0,140.0
4,0,0,0,fair,45,Viseu,historic,0.32,2,Room,0,0,4.25,1,68.0
2,2,0,0,fair,4,Évora,historic,0.52,2,Apartment,1,0,5.0,0,171.0
9,0,0,0,none,12,Leiria,coastal,0.4,2,Apartment,0,0,4.07,0,88.0
6,3,0,0,concert,45,Santarém,urban,0.35,5,Apartment,0,0,4.83,1,182.0
4,0,0,0,fair,68,Castelo Branco,historic,0.28,3,Apartment,0,0,4.11,0,109.0
3,5,1,0,none,89,Aveiro,coastal,0.48,5,Apartment,0,0,4.75,1,185.0
1,2,0,0,none,39,Vila Real,rural,0.22,5,Apartment,0,0,4.56,0,88.0
6,5,1,0,festival,86,Madeira,urban,0.65,3,Apartment,0,0,4.25,1,319.0
9,0,0,0,none,65,Aveiro,coastal,0.48,4,Room,0,0,4.58,0,92.0
3,0,0,0,concert,49,Leiria,coastal,0.4,5,House,1,1,4.86,0,280.0
1,2,0,0,festival,11,Leiria,coastal,0.4,2,Apartment,0,0,4.3,0,143.0
6,5,1,0,none,76,Porto,urban,0.85,2,Apartment,0,0,4.17,1,248.0
9,5,1,0,none,56,Viseu,historic,0.32,3,House,1,0,4.59,1,193.0
5,3,0,0,sports_event,71,Viana do Castelo,coastal,0.38,3,Apartment,0,0,5.0,0,194.0
4,4,1,0,none,11,Portalegre,rural,0.18,4,Apartment,1,0,3.57,1,106.0
2,4,1,0,none,85,Coimbra,urban,0.55,2,House,1,1,3.63,1,202.0
9,4,1,0,none,32,Coimbra,urban,0.55,4,Apartment,1,0,4.97,1,211.0
11,5,1,0,concert,37,Évora,historic,0.52,3,Apartment,0,0,3.99,1,212.0
10,0,0,0,none,49,Vila Real,rural,0.22,2,Shared_House,0,0,4.88,0,43.0
7,3,0,0,none,3,Viana do Castelo,coastal,0.38,3,House,1,0,3.92,1,164.0
9,5,1,0,concert,63,Coimbra,urban,0.55,4,Shared_House,0,0,4.03,1,121.0
5,3,0,0,none,24,Coimbra,urban,0.55,2,House,1,1,4.78,1,193.0
1,1,0,0,sports_event,46,Santarém,urban,0.35,2,Apartment,0,0,4.63,1,135.0
5,4,1,0,none,47,Porto,urban,0.85,3,House,1,0,3.69,0,341.0
9,2,0,0,concert,66,Açores,rural,0.3,3,Room,0,1,4.56,0,134.0
8,3,0,0,none,73,Leiria,coastal,0.4,2,Shared_House,1,0,3.93,0,62.0
12,3,0,0,none,16,Porto,urban,0.85,4,House,0,0,4.48,1,282.0
12,4,1,0,none,73,Braga,urban,0.58,2,Apartment,0,1,4.29,1,145.0
3,6,1,0,national_holiday,58,Évora,historic,0.52,2,House,1,1,4.18,1,333.0
1,4,1,0,concert,83,Guarda,rural,0.14,4,Apartment,0,0,3.95,0,115.0
4,6,1,0,none,35,Madeira,urban,0.65,3,Apartment,1,0,3.43,0,211.0
11,0,0,0,none,51,Porto,urban,0.85,3,Apartment,1,0,3.95,0,134.0
10,5,1,0,none,14,Braga,urban,0.58,2,Apartment,1,1,4.61,1,165.0
2,2,0,0,none,32,Açores,rural,0.3,2,Apartment,1,0,4.49,0,110.0
2,5,1,0,none,77,Faro,coastal,0.78,1,Shared_House,0,0,3.85,0,86.0
7,0,0,0,fair,71,Leiria,coastal,0.4,5,House,1,0,4.82,1,275.0
8,3,0,0,none,88,Açores,rural,0.3,1,House,1,0,4.45,0,169.0
12,0,0,0,fair,78,Vila Real,rural,0.22,1,Room,0,0,4.57,1,53.0
10,4,1,0,none,22,Évora,historic,0.52,4,Apartment,0,0,3.75,1,163.0
3,1,0,0,concert,30,Coimbra,urban,0.55,5,House,0,0,5.0,1,248.0
1,1,0,0,none,15,Açores,rural,0.3,4,Room,0,0,4.51,0,84.0
8,0,0,0,none,46,Açores,rural,0.3,2,Apartment,1,0,5.0,0,166.0
7,1,0,0,concert,69,Vila Real,rural,0.22,2,Apartment,1,0,3.96,0,109.0
12,6,1,1,national_holiday,75,Guarda,rural,0.14,5,Room,0,0,3.36,0,126.0
7,6,1,0,fair,90,Évora,historic,0.52,4,Room,0,0,3.8,1,141.0
7,0,0,0,concert,31,Lisboa,urban,0.92,4,Apartment,1,0,4.79,1,369.0
4,6,1,0,national_holiday,38,Santarém,urban,0.35,3,House,0,1,3.71,1,235.0
2,4,1,0,concert,52,Castelo Branco,historic,0.28,4,House,1,0,5.0,1,218.0
11,2,0,0,none,72,Santarém,urban,0.35,5,Shared_House,0,0,3.91,0,85.0
10,6,1,0,none,87,Vila Real,rural,0.22,2,Room,1,0,4.47,0,48.0
2,1,0,0,sports_event,14,Setúbal,coastal,0.6,2,Apartment,0,0,4.39,1,201.0
9,1,0,0,none,31,Faro,coastal,0.78,1,House,1,1,4.12,0,324.0
5,1,0,0,festival,21,Santarém,urban,0.35,4,Shared_House,1,0,4.12,1,128.0
6,1,0,0,none,23,Viana do Castelo,coastal,0.38,2,Apartment,0,0,3.78,1,87.0
11,3,0,0,sports_event,13,Portalegre,rural,0.18,2,Room,0,0,5.0,1,79.0
11,0,0,0,none,54,Portalegre,rural,0.18,3,House,1,0,4.53,0,103.0
3,1,0,0,none,60,Açores,rural,0.3,4,Apartment,0,0,3.46,0,116.0
4,2,0,0,national_holiday,40,Lisboa,urban,0.92,3,House,1,1,3.59,0,380.0
10,4,1,1,fair,53,Açores,rural,0.3,5,Apartment,0,0,4.54,1,231.0
12,6,1,0,none,63,Leiria,coastal,0.4,2,Apartment,1,0,4.27,1,125.0
1,0,0,0,none,60,Açores,rural,0.3,3,Room,0,0,3.36,0,59.0
11,4,1,0,sports_event,85,Viana do Castelo,coastal,0.38,3,House,1,0,5.0,1,266.0
6,0,0,0,none,16,Aveiro,coastal,0.48,3,Shared_House,0,0,2.88,0,50.0
8,6,1,0,festival,86,Portalegre,rural,0.18,3,Apartment,0,0,4.04,1,144.0
1,1,0,0,concert,8,Castelo Branco,historic,0.28,3,Room,0,1,4.28,0,114.0
9,5,1,0,none,3,Porto,urban,0.85,4,Apartment,1,0,3.93,1,259.0
9,5,1,0,none,49,Viana do Castelo,coastal,0.38,4,Room,1,0,4.7,1,126.0
8,2,0,0,none,44,Porto,urban,0.85,5,Room,0,0,4.53,0,146.0
10,2,0,0,none,48,Viseu,historic,0.32,5,Room,1,0,4.34,0,87.0
12,2,0,0,festival,90,Leiria,coastal,0.4,3,House,1,1,4.24,0,256.0
11,3,0,0,none,38,Madeira,urban,0.65,4,Apartment,0,0,4.54,1,164.0
9,3,0,0,national_holiday,77,Bragança,rural,0.15,3,Shared_House,0,0,4.17,0,73.0
12,4,1,0,sports_event,62,Vila Real,rural,0.22,3,Apartment,0,0,3.52,1,128.0
9,3,0,0,none,6,Aveiro,coastal,0.48,1,Apartment,0,0,4.76,0,101.0
9,5,1,0,festival,38,Vila Real,rural,0.22,2,Apartment,1,0,5.0,1,160.0
7,3,0,0,none,12,Vila Real,rural,0.22,5,Room,0,0,4.31,0,84.0
10,2,0,0,none,78,Lisboa,urban,0.92,3,Room,0,0,4.32,0,107.0
1,2,0,1,festival,33,Évora,historic,0.52,1,Room,0,0,4.25,1,101.0
7,5,1,0,none,70,Castelo Branco,historic,0.28,3,House,1,1,3.61,1,179.0
6,0,0,0,none,7,Portalegre,rural,0.18,2,House,1,1,4.0,0,111.0
11,2,0,0,none,31,Braga,urban,0.58,4,Shared_House,0,0,4.67,1,52.0
1,2,0,0,none,73,Madeira,urban,0.65,1,House,1,0,4.4,0,158.0
8,4,1,0,sports_event,81,Évora,historic,0.52,3,Apartment,0,0,5.0,1,230.0
3,0,0,0,national_holiday,3,Aveiro,coastal,0.48,4,Shared_House,0,0,4.65,1,140.0
11,3,0,0,sports_event,45,Coimbra,urban,0.55,3,Shared_House,0,0,4.07,0,91.0
11,4,1,0,national_holiday,79,Leiria,coastal,0.4,2,House,0,0,4.61,1,258.0
3,6,1,0,festival,42,Portalegre,rural,0.18,4,House,1,1,4.18,1,237.0
11,3,0,0,none,27,Porto,urban,0.85,4,Shared_House,1,0,3.45,0,85.0
6,6,1,0,fair,65,Santarém,urban,0.35,2,Room,0,0,4.8,1,101.0
12,4,1,0,none,72,Lisboa,urban,0.92,2,Apartment,1,0,4.53,0,263.0
9,5,1,0,none,87,Bragança,rural,0.15,3,Shared_House,0,0,5.0,1,70.0
1,1,0,0,national_holiday,83,Açores,rural,0.3,2,Room,1,0,4.01,0,94.0
3,6,1,0,sports_event,3,Vila Real,rural,0.22,2,Room,1,0,4.64,1,103.0
5,1,0,0,national_holiday,74,Açores,rural,0.3,3,Apartment,0,0,3.91,0,163.0
3,0,0,0,none,16,Braga,urban,0.58,3,Apartment,0,0,3.84,0,95.0
2,0,0,0,concert,76,Beja,rural,0.2,4,Apartment,0,0,5.0,0,116.0
12,4,1,0,none,73,Viseu,historic,0.32,5,Apartment,1,0,3.24,1,139.0
11,4,1,0,none,21,Coimbra,urban,0.55,4,House,1,0,4.26,1,208.0
6,1,0,0,fair,40,Portalegre,rural,0.18,1,Room,0,0,5.0,0,62.0
3,6,1,0,none,70,Madeira,urban,0.65,2,House,0,0,3.5,0,246.0
3,1,0,0,sports_event,78,Açores,rural,0.3,2,Apartment,1,0,4.02,0,154.0
11,4,1,0,fair,79,Açores,rural,0.3,3,Apartment,0,0,4.73,0,201.0
4,3,0,0,fair,32,Setúbal,coastal,0.6,3,Room,0,0,3.67,0,86.0
1,4,1,0,none,8,Leiria,coastal,0.4,5,Room,0,0,4.44,1,125.0
5,5,1,0,none,88,Beja,rural,0.2,3,Apartment,0,0,3.88,1,99.0
6,6,1,0,fair,78,Bragança,rural,0.15,1,Apartment,0,0,4.94,1,109.0
8,5,1,1,festival,20,Porto,urban,0.85,3,Apartment,0,0,4.92,1,333.0
5,6,1,0,none,53,Setúbal,coastal,0.6,2,House,1,1,4.03,1,335.0
12,6,1,0,none,86,Braga,urban,0.58,2,Room,0,0,2.84,1,42.0
8,2,0,0,none,30,Leiria,coastal,0.4,2,Room,0,0,4.53,0,97.0
12,3,0,0,national_holiday,72,Setúbal,coastal,0.6,2,Room,1,0,4.78,1,135.0
5,1,0,0,none,44,Setúbal,coastal,0.6,2,Room,0,0,4.53,1,78.0
8,6,1,0,concert,88,Évora,historic,0.52,3,House,0,0,4.47,1,321.0
5,6,1,0,none,37,Castelo Branco,historic,0.28,4,Apartment,0,1,4.4,1,150.0
9,6,1,0,none,15,Coimbra,urban,0.55,5,Apartment,0,0,4.1,1,180.0
9,5,1,0,festival,86,Castelo Branco,historic,0.28,2,Apartment,0,1,3.89,0,165.0
4,5,1,0,fair,32,Beja,rural,0.2,3,Apartment,1,0,4.29,1,133.0
12,5,1,0,none,25,Faro,coastal,0.78,4,Apartment,1,0,4.15,1,333.0
11,1,0,0,none,18,Braga,urban,0.58,5,Apartment,0,0,4.61,0,150.0
11,1,0,0,festival,37,Viana do Castelo,coastal,0.38,4,Apartment,0,0,3.84,1,157.0
3,3,0,0,none,75,Aveiro,coastal,0.48,3,Room,0,0,4.04,0,68.0
9,2,0,0,none,31,Leiria,coastal,0.4,4,House,1,0,4.3,1,185.0
2,5,1,0,festival,25,Guarda,rural,0.14,4,Apartment,1,0,3.88,0,136.0
2,5,1,0,none,40,Vila Real,rural,0.22,1,Apartment,1,0,3.56,1,57.0
12,6,1,0,festival,48,Setúbal,coastal,0.6,1,House,1,1,4.57,1,374.0
2,5,1,0,none,75,Guarda,rural,0.14,5,Shared_House,1,0,3.6,1,79.0
11,0,0,0,sports_event,18,Braga,urban,0.58,5,Apartment,0,0,4.35,0,206.0
6,2,0,0,concert,30,Leiria,coastal,0.4,3,Room,0,1,4.52,1,139.0
4,2,0,0,concert,64,Viana do Castelo,coastal,0.38,3,Shared_House,0,0,4.96,1,105.0
1,4,1,0,sports_event,39,Madeira,urban,0.65,2,Room,1,0,5.0,1,176.0
9,2,0,0,festival,67,Coimbra,urban,0.55,4,House,1,0,4.91,1,293.0
9,6,1,0,none,40,Bragança,rural,0.15,3,Apartment,1,0,3.9,1,86.0
6,2,0,0,none,11,Santarém,urban,0.35,2,Apartment,1,0,4.1,0,88.0
10,3,0,0,none,78,Porto,urban,0.85,3,Room,1,0,4.4,0,105.0
4,5,1,0,sports_event,62,Portalegre,rural,0.18,3,Shared_House,0,0,4.22,1,99.0
7,2,0,0,none,13,Açores,rural,0.3,5,House,1,1,4.33,0,242.0
4,0,0,0,none,15,Beja,rural,0.2,5,Apartment,0,1,4.87,1,131.0
7,2,0,0,none,31,Portalegre,rural,0.18,2,Apartment,0,1,4.31,0,103.0
2,2,0,0,sports_event,86,Leiria,coastal,0.4,2,Apartment,0,1,4.71,1,160.0
6,4,1,0,none,27,Madeira,urban,0.65,2,Shared_House,1,0,3.68,1,103.0
7,4,1,0,none,80,Setúbal,coastal,0.6,1,Apartment,0,0,4.49,1,205.0
7,3,0,0,festival,44,Setúbal,coastal,0.6,3,Apartment,0,0,3.41,0,224.0
6,2,0,0,national_holiday,19,Portalegre,rural,0.18,3,House,1,1,4.81,0,194.0
8,3,0,0,sports_event,11,Santarém,urban,0.35,2,Apartment,0,0,4.15,1,138.0
7,1,0,0,none,31,Viana do Castelo,coastal,0.38,5,Apartment,0,0,3.56,1,121.0
4,1,0,0,fair,21,Aveiro,coastal,0.48,4,Apartment,0,0,4.11,1,161.0
3,4,1,0,none,54,Viana do Castelo,coastal,0.38,2,House,0,0,4.48,1,186.0
8,6,1,0,none,89,Portalegre,rural,0.18,4,Apartment,1,0,3.63,1,100.0
12,3,0,0,none,73,Aveiro,coastal,0.48,2,Apartment,0,0,3.81,1,83.0
10,0,0,0,none,28,Madeira,urban,0.65,3,House,1,0,4.05,0,221.0
8,6,1,0,festival,85,Guarda,rural,0.14,3,Room,0,0,4.66,1,117.0
12,2,0,1,festival,88,Viana do Castelo,coastal,0.38,2,House,1,0,3.24,1,181.0
11,5,1,0,concert,38,Bragança,rural,0.15,3,House,1,0,4.47,0,159.0
7,6,1,0,festival,44,Castelo Branco,historic,0.28,5,House,1,0,4.12,1,232.0
2,6,1,0,none,44,Coimbra,urban,0.55,4,Room,0,0,4.78,0,103.0
8,0,0,0,festival,38,Castelo Branco,historic,0.28,3,Apartment,1,0,4.45,1,157.0
8,1,0,0,sports_event,15,Aveiro,coastal,0.48,4,Apartment,0,1,4.92,1,267.0
4,4,1,0,none,81,Vila Real,rural,0.22,4,Room,0,0,4.45,1,90.0
11,5,1,0,none,32,Guarda,rural,0.14,5,Apartment,0,1,3.64,1,110.0
11,5,1,1,festival,8,Setúbal,coastal,0.6,1,Apartment,0,0,4.46,0,249.0
4,3,0,0,festival,90,Faro,coastal,0.78,2,Apartment,0,0,4.49,0,304.0
6,1,0,0,none,12,Porto,urban,0.85,4,Room,0,0,3.9,1,113.0
3,4,1,0,fair,85,Santarém,urban,0.35,5,Room,0,0,3.97,0,112.0
3,4,1,0,none,13,Guarda,rural,0.14,3,Apartment,1,0,3.04,1,73.0
4,3,0,0,none,38,Portalegre,rural,0.18,5,Apartment,1,0,4.61,0,123.0
5,4,1,0,concert,47,Faro,coastal,0.78,3,Apartment,1,1,4.17,1,391.0
4,1,0,0,fair,21,Viana do Castelo,coastal,0.38,1,Apartment,0,0,3.95,0,87.0
2,5,1,0,sports_event,52,Évora,historic,0.52,5,Apartment,0,0,3.73,1,239.0
6,0,0,0,none,52,Lisboa,urban,0.92,4,Apartment,0,1,3.99,0,247.0
8,5,1,0,national_holiday,78,Açores,rural,0.3,3,Room,0,0,4.45,1,160.0
4,5,1,0,none,39,Beja,rural,0.2,4,Shared_House,0,0,4.32,1,74.0
7,4,1,0,none,79,Coimbra,urban,0.55,2,Apartment,0,0,4.07,1,129.0
4,5,1,0,festival,68,Beja,rural,0.2,3,Apartment,0,0,3.62,1,154.0
9,6,1,0,none,73,Porto,urban,0.85,3,House,1,1,4.06,1,374.0
8,1,0,0,festival,57,Santarém,urban,0.35,3,Apartment,0,0,3.81,0,150.0
12,3,0,0,national_holiday,17,Bragança,rural,0.15,3,Apartment,0,0,4.12,0,130.0
1,4,1,1,national_holiday,60,Porto,urban,0.85,1,Apartment,0,0,4.54,1,285.0
11,6,1,0,none,65,Beja,rural,0.2,1,House,1,0,3.96,0,92.0
5,5,1,0,none,34,Porto,urban,0.85,1,Apartment,0,0,5.0,1,253.0
1,4,1,0,none,58,Évora,historic,0.52,3,Apartment,1,0,3.94,1,164.0
9,3,0,0,sports_event,56,Santarém,urban,0.35,3,Room,0,0,3.37,1,73.0
3,1,0,0,national_holiday,58,Évora,historic,0.52,3,Apartment,0,0,4.11,1,156.0
3,2,0,0,sports_event,63,Coimbra,urban,0.55,3,Room,0,0,3.92,0,104.0
12,3,0,0,national_holiday,61,Leiria,coastal,0.4,1,House,1,1,5.0,1,236.0
3,6,1,0,none,59,Braga,urban,0.58,4,Apartment,1,0,3.99,1,167.0
7,6,1,0,none,29,Lisboa,urban,0.92,4,Apartment,0,0,3.46,1,300.0
3,4,1,0,none,63,Coimbra,urban,0.55,3,Room,0,0,4.22,1,100.0
2,0,0,0,concert,14,Porto,urban,0.85,1,Apartment,0,0,4.12,0,157.0
1,5,1,0,none,81,Santarém,urban,0.35,3,Apartment,1,0,3.62,1,104.0
1,3,0,0,none,72,Braga,urban,0.58,3,Apartment,0,0,4.38,0,102.0
6,4,1,0,none,25,Lisboa,urban,0.92,4,Shared_House,0,0,4.48,1,151.0
6,3,0,0,none,7,Braga,urban,0.58,1,Shared_House,1,1,4.24,1,60.0
1,5,1,0,sports_event,15,Évora,historic,0.52,4,House,1,0,4.07,1,332.0
5,1,0,0,fair,62,Santarém,urban,0.35,5,Apartment,1,0,4.02,0,139.0
4,1,0,1,national_holiday,4,Viseu,historic,0.32,4,Apartment,0,1,3.89,0,182.0
7,1,0,0,festival,9,Porto,urban,0.85,5,Apartment,0,0,3.56,0,283.0
12,6,1,0,none,64,Açores,rural,0.3,1,Apartment,0,0,4.94,0,165.0
9,0,0,0,none,45,Santarém,urban,0.35,3,Shared_House,0,0,5.0,0,64.0
12,2,0,0,none,31,Viseu,historic,0.32,2,House,1,0,3.69,1,97.0
3,2,0,0,festival,25,Porto,urban,0.85,3,Apartment,1,0,3.9,0,238.0
3,5,1,0,festival,46,Bragança,rural,0.15,4,Room,0,0,3.66,1,113.0
10,2,0,0,sports_event,27,Évora,historic,0.52,4,Apartment,0,0,4.65,1,204.0
4,6,1,0,concert,7,Faro,coastal,0.78,5,House,1,1,3.69,1,580.0
11,6,1,0,none,41,Bragança,rural,0.15,5,Apartment,0,1,4.55,0,135.0
6,4,1,0,concert,84,Guarda,rural,0.14,2,Apartment,0,0,4.41,1,123.0
3,2,0,0,sports_event,47,Porto,urban,0.85,5,Apartment,0,0,4.12,0,239.0
11,4,1,0,none,53,Castelo Branco,historic,0.28,5,Apartment,0,0,4.88,0,149.0
7,4,1,0,none,30,Aveiro,coastal,0.48,4,Shared_House,0,0,4.03,1,104.0
10,0,0,0,none,12,Vila Real,rural,0.22,2,Shared_House,0,0,4.2,0,23.0
6,5,1,0,none,68,Guarda,rural,0.14,2,House,1,1,3.59,1,143.0
2,3,0,0,none,37,Açores,rural,0.3,3,Room,0,0,2.98,0,42.0
9,5,1,0,none,8,Évora,historic,0.52,1,Apartment,0,0,4.73,1,186.0
2,4,1,0,fair,29,Viana do Castelo,coastal,0.38,2,Apartment,0,0,3.89,1,129.0
8,6,1,0,fair,4,Braga,urban,0.58,1,Apartment,0,0,4.78,1,166.0
6,0,0,0,festival,79,Madeira,urban,0.65,3,Apartment,0,0,4.02,0,252.0
10,0,0,0,sports_event,90,Aveiro,coastal,0.48,3,Apartment,0,0,4.15,1,178.0
11,0,0,0,national_holiday,79,Beja,rural,0.2,1,Room,0,0,4.3,0,56.0
5,6,1,0,none,74,Faro,coastal,0.78,4,Room,0,1,3.93,1,175.0
11,6,1,0,festival,72,Bragança,rural,0.15,1,Apartment,0,0,3.39,0,104.0
2,6,1,0,sports_event,43,Évora,historic,0.52,2,Apartment,1,0,3.76,1,213.0
2,2,0,0,national_holiday,35,Santarém,urban,0.35,3,House,1,1,3.72,1,170.0
12,1,0,0,concert,8,Bragança,rural,0.15,3,Shared_House,1,0,4.18,0,72.0
7,2,0,0,none,85,Lisboa,urban,0.92,2,Apartment,0,0,4.76,1,214.0
6,5,1,0,sports_event,2,Évora,historic,0.52,4,Apartment,1,0,3.84,1,245.0
2,1,0,0,none,25,Portalegre,rural,0.18,2,Shared_House,0,0,4.15,0,42.0
4,3,0,0,none,39,Santarém,urban,0.35,2,House,0,0,4.32,0,123.0
9,4,1,0,festival,60,Aveiro,coastal,0.48,3,Room,0,0,3.8,1,142.0
10,2,0,0,sports_event,90,Açores,rural,0.3,1,House,1,0,4.39,1,205.0
11,3,0,0,none,48,Castelo Branco,historic,0.28,5,Shared_House,0,1,4.75,0,99.0
5,4,1,0,none,74,Porto,urban,0.85,3,Room,0,0,4.4,1,141.0
6,5,1,0,sports_event,40,Faro,coastal,0.78,2,Apartment,0,0,4.17,1,367.0
2,1,0,0,none,90,Faro,coastal,0.78,4,Apartment,0,0,3.78,0,157.0
1,3,0,0,fair,17,Braga,urban,0.58,4,House,0,1,4.14,1,193.0
6,1,0,0,none,37,Madeira,urban,0.65,3,Apartment,0,0,3.82,0,152.0
7,0,0,0,festival,22,Bragança,rural,0.15,5,Apartment,1,0,3.91,1,164.0
2,4,1,0,none,25,Porto,urban,0.85,3,Apartment,0,0,4.14,0,205.0
5,3,0,0,national_holiday,74,Guarda,rural,0.14,2,Apartment,1,0,4.1,0,112.0
8,1,0,0,fair,65,Lisboa,urban,0.92,4,Room,0,0,4.72,0,178.0
10,0,0,0,none,61,Vila Real,rural,0.22,5,Apartment,1,0,3.91,1,83.0
12,6,1,0,sports_event,8,Coimbra,urban,0.55,2,Apartment,1,0,4.39,1,208.0
5,5,1,0,concert,84,Bragança,rural,0.15,1,House,1,0,3.97,1,143.0
5,6,1,0,none,86,Porto,urban,0.85,3,House,0,0,3.74,1,303.0
11,0,0,0,festival,62,Beja,rural,0.2,4,Apartment,0,0,4.5,0,155.0
9,0,0,0,fair,37,Setúbal,coastal,0.6,2,Apartment,0,0,4.41,0,174.0
4,1,0,1,national_holiday,6,Madeira,urban,0.65,5,Apartment,0,0,3.9,1,279.0
9,0,0,0,national_holiday,41,Braga,urban,0.58,2,Room,1,0,2.64,1,70.0
2,3,0,0,none,11,Castelo Branco,historic,0.28,4,Apartment,1,0,4.76,0,116.0
6,4,1,0,fair,59,Beja,rural,0.2,4,House,0,0,4.59,1,196.0
4,1,0,0,national_holiday,66,Beja,rural,0.2,2,Shared_House,0,0,4.78,0,71.0
12,2,0,0,none,7,Évora,historic,0.52,3,Apartment,0,0,4.8,1,137.0
1,3,0,0,none,23,Vila Real,rural,0.22,1,Room,0,0,4.21,0,37.0
11,2,0,0,festival,59,Açores,rural,0.3,3,Room,0,0,3.99,0,129.0
4,3,0,0,fair,23,Guarda,rural,0.14,3,House,1,1,3.3,0,117.0
1,4,1,0,none,77,Setúbal,coastal,0.6,4,Shared_House,0,0,4.27,1,115.0
8,6,1,0,none,37,Guarda,rural,0.14,3,Apartment,0,0,3.98,1,81.0
9,2,0,0,concert,61,Castelo Branco,historic,0.28,2,Room,0,0,3.81,1,77.0
2,0,0,0,none,68,Castelo Branco,historic,0.28,2,Apartment,0,0,3.52,0,57.0
1,6,1,0,festival,55,Madeira,urban,0.65,1,Apartment,0,0,3.68,1,262.0
2,4,1,0,festival,58,Castelo Branco,historic,0.28,3,Apartment,0,0,3.53,0,140.0
5,3,0,0,national_holiday,52,Vila Real,rural,0.22,5,House,1,0,4.7,0,200.0
2,5,1,1,national_holiday,18,Viseu,historic,0.32,4,Apartment,0,1,4.76,1,215.0
9,6,1,0,national_holiday,27,Faro,coastal,0.78,2,Apartment,1,1,3.83,1,382.0
1,0,0,0,festival,81,Bragança,rural,0.15,5,Apartment,1,0,4.81,0,166.0
10,6,1,0,fair,32,Santarém,urban,0.35,2,Apartment,0,0,4.25,1,139.0
11,4,1,0,none,88,Castelo Branco,historic,0.28,5,Apartment,1,0,4.93,0,153.0
9,4,1,0,sports_event,52,Coimbra,urban,0.55,2,House,1,0,4.5,0,275.0
12,6,1,0,fair,72,Setúbal,coastal,0.6,2,House,0,0,4.52,1,330.0
12,2,0,1,concert,21,Bragança,rural,0.15,4,House,1,0,4.32,1,158.0
1,5,1,1,national_holiday,18,Viana do Castelo,coastal,0.38,3,House,1,0,3.84,1,255.0
5,3,0,0,none,35,Faro,coastal,0.78,5,Apartment,0,0,3.54,0,198.0
10,6,1,0,none,72,Santarém,urban,0.35,4,Apartment,1,0,4.3,0,134.0
5,3,0,0,none,62,Bragança,rural,0.15,2,Room,0,0,4.15,0,40.0
9,5,1,0,sports_event,47,Viana do Castelo,coastal,0.38,2,House,1,0,5.0,1,245.0
10,3,0,0,national_holiday,17,Lisboa,urban,0.92,3,House,0,0,4.57,1,415.0
12,2,0,0,festival,3,Porto,urban,0.85,3,Apartment,0,0,3.78,1,237.0
4,2,0,0,none,12,Madeira,urban,0.65,3,Apartment,0,0,4.16,0,149.0
5,6,1,1,national_holiday,61,Leiria,coastal,0.4,2,Apartment,0,0,4.02,1,176.0
1,5,1,0,none,87,Madeira,urban,0.65,2,House,1,1,4.18,0,296.0
4,1,0,0,none,88,Leiria,coastal,0.4,3,Shared_House,0,0,3.54,0,40.0
4,6,1,0,fair,69,Évora,historic,0.52,1,House,1,1,4.65,1,316.0
6,4,1,0,none,39,Portalegre,rural,0.18,3,Room,0,0,4.0,0,68.0
6,0,0,0,none,65,Madeira,urban,0.65,1,House,1,0,4.53,0,263.0
11,5,1,0,sports_event,6,Castelo Branco,historic,0.28,4,Shared_House,0,0,3.9,1,101.0
10,1,0,0,none,32,Santarém,urban,0.35,3,Room,0,0,4.0,0,60.0
9,6,1,0,none,21,Guarda,rural,0.14,2,Apartment,1,0,4.5,1,89.0
1,3,0,0,none,88,Madeira,urban,0.65,4,Apartment,0,0,3.16,0,119.0
6,6,1,0,none,51,Aveiro,coastal,0.48,3,Shared_House,1,0,4.69,1,92.0
9,3,0,0,festival,85,Braga,urban,0.58,3,House,1,1,4.93,1,308.0
3,0,0,0,none,72,Braga,urban,0.58,2,Apartment,0,0,4.93,0,88.0
6,5,1,0,sports_event,66,Portalegre,rural,0.18,2,Room,0,0,3.85,1,109.0
9,5,1,0,none,17,Aveiro,coastal,0.48,4,Apartment,0,0,4.35,1,172.0
10,2,0,0,none,7,Leiria,coastal,0.4,2,Room,0,0,3.98,0,58.0
11,1,0,0,sports_event,20,Aveiro,coastal,0.48,3,House,1,1,3.46,0,222.0
6,6,1,0,none,75,Açores,rural,0.3,2,Room,0,0,4.24,1,96.0
5,5,1,0,none,84,Aveiro,coastal,0.48,3,House,1,1,3.47,0,245.0
5,2,0,0,none,63,Braga,urban,0.58,3,Apartment,0,0,4.5,0,123.0
9,4,1,0,none,80,Castelo Branco,historic,0.28,2,Shared_House,0,0,4.61,1,56.0
6,1,0,0,none,7,Coimbra,urban,0.55,1,Apartment,0,0,4.85,0,105.0
5,1,0,0,national_holiday,83,Faro,coastal,0.78,3,Room,0,0,4.46,0,183.0
3,4,1,0,none,10,Porto,urban,0.85,3,Apartment,1,0,3.99,0,225.0
6,5,1,0,festival,16,Guarda,rural,0.14,5,Apartment,1,0,4.11,0,181.0
3,6,1,0,none,75,Braga,urban,0.58,3,Room,0,0,4.26,1,94.0
7,3,0,0,none,84,Castelo Branco,historic,0.28,5,House,1,0,4.93,0,172.0
11,1,0,0,concert,15,Santarém,urban,0.35,5,Shared_House,0,0,4.94,0,126.0
10,3,0,0,sports_event,31,Viana do Castelo,coastal,0.38,1,Room,0,0,4.16,1,81.0
6,4,1,1,national_holiday,75,Aveiro,coastal,0.48,4,Apartment,1,0,4.69,1,234.0
12,6,1,0,none,47,Portalegre,rural,0.18,5,Room,1,0,3.94,1,113.0
12,0,0,0,none,37,Açores,rural,0.3,3,Shared_House,1,0,4.42,0,84.0
6,4,1,0,sports_event,42,Castelo Branco,historic,0.28,3,Shared_House,0,0,4.03,1,86.0
10,3,0,0,none,27,Portalegre,rural,0.18,2,Shared_House,0,0,4.32,0,34.0
5,4,1,0,none,89,Lisboa,urban,0.92,1,House,1,1,3.79,1,396.0
11,0,0,1,national_holiday,48,Madeira,urban,0.65,2,Room,0,1,3.49,1,141.0
5,0,0,0,none,24,Évora,historic,0.52,1,House,1,0,3.58,0,148.0
4,4,1,0,concert,81,Portalegre,rural,0.18,3,Apartment,0,0,4.49,1,122.0
2,1,0,0,fair,87,Beja,rural,0.2,3,Room,0,0,3.64,0,59.0
11,4,1,0,festival,6,Madeira,urban,0.65,1,Apartment,0,1,4.03,1,296.0
4,0,0,0,none,87,Évora,historic,0.52,2,Apartment,0,0,4.65,0,115.0
10,5,1,0,concert,88,Portalegre,rural,0.18,1,Apartment,0,1,4.76,1,129.0
2,2,0,0,festival,83,Madeira,urban,0.65,5,Apartment,0,0,3.71,1,225.0
7,3,0,0,concert,13,Guarda,rural,0.14,4,Room,0,0,3.0,0,81.0
6,2,0,0,none,33,Lisboa,urban,0.92,1,House,1,0,3.8,0,251.0
6,2,0,0,national_holiday,79,Faro,coastal,0.78,4,House,0,1,4.3,1,497.0
3,3,0,0,none,34,Porto,urban,0.85,4,House,1,0,4.54,0,233.0
1,4,1,0,festival,40,Beja,rural,0.2,4,House,1,1,3.61,1,202.0
5,4,1,0,concert,19,Vila Real,rural,0.22,4,Apartment,0,0,3.32,0,126.0
6,6,1,0,fair,38,Guarda,rural,0.14,3,House,1,0,3.75,1,151.0
10,1,0,0,national_holiday,43,Viseu,historic,0.32,2,Apartment,0,0,3.94,1,107.0
6,6,1,0,none,37,Castelo Branco,historic,0.28,4,Shared_House,0,0,5.0,1,112.0
3,4,1,0,sports_event,23,Açores,rural,0.3,4,Apartment,0,0,4.25,0,228.0
4,2,0,0,none,8,Viana do Castelo,coastal,0.38,2,Shared_House,0,0,4.52,1,52.0
8,6,1,0,sports_event,57,Guarda,rural,0.14,3,Apartment,0,0,4.75,0,155.0
6,4,1,0,none,6,Évora,historic,0.52,3,Apartment,0,1,3.98,0,198.0
11,1,0,0,none,79,Castelo Branco,historic,0.28,3,Shared_House,0,0,4.25,0,63.0
6,1,0,0,national_holiday,7,Lisboa,urban,0.92,3,House,1,0,4.33,1,445.0
7,4,1,0,concert,86,Viseu,historic,0.32,1,Apartment,1,0,4.5,1,130.0
1,5,1,0,none,50,Açores,rural,0.3,3,House,1,0,4.14,0,209.0
3,0,0,0,none,40,Porto,urban,0.85,2,Apartment,0,0,4.72,0,143.0
11,4,1,0,none,77,Leiria,coastal,0.4,1,Apartment,0,0,4.75,0,123.0
5,3,0,0,none,39,Leiria,coastal,0.4,3,Apartment,0,0,4.06,1,105.0
6,6,1,0,none,13,Setúbal,coastal,0.6,2,Apartment,0,0,4.58,1,229.0
8,5,1,0,fair,47,Porto,urban,0.85,3,Apartment,0,0,4.39,1,301.0
1,6,1,0,none,44,Aveiro,coastal,0.48,1,Apartment,1,0,5.0,1,145.0
7,0,0,0,none,83,Braga,urban,0.58,3,Room,0,0,4.65,0,87.0
5,5,1,0,sports_event,47,Beja,rural,0.2,2,Apartment,0,0,4.39,1,137.0
2,2,0,0,none,8,Beja,rural,0.2,1,Apartment,0,0,3.92,1,38.0
6,3,0,1,national_holiday,31,Beja,rural,0.2,4,Apartment,0,1,3.68,0,158.0
6,6,1,0,none,28,Beja,rural,0.2,3,Shared_House,1,0,4.46,1,80.0
3,6,1,0,none,21,Faro,coastal,0.78,3,Apartment,1,1,3.35,0,284.0
7,1,0,0,festival,18,Madeira,urban,0.65,3,Apartment,0,0,5.0,1,304.0
9,1,0,0,sports_event,8,Braga,urban,0.58,2,Shared_House,0,0,3.17,0,81.0
4,5,1,0,none,70,Faro,coastal,0.78,2,House,0,0,3.69,0,384.0
12,6,1,0,concert,36,Portalegre,rural,0.18,2,Apartment,0,0,4.7,0,137.0
8,4,1,0,fair,35,Santarém,urban,0.35,4,Room,0,0,4.18,1,117.0
10,0,0,0,concert,40,Coimbra,urban,0.55,3,Apartment,0,0,4.29,1,163.0
1,1,0,0,national_holiday,87,Lisboa,urban,0.92,4,Apartment,0,0,3.86,0,230.0
10,5,1,0,national_holiday,64,Évora,historic,0.52,5,House,1,1,4.14,1,377.0
5,5,1,0,concert,89,Castelo Branco,historic,0.28,2,Shared_House,0,0,4.54,1,81.0
9,6,1,0,none,54,Aveiro,coastal,0.48,5,Shared_House,0,0,3.78,1,99.0
10,3,0,0,none,80,Leiria,coastal,0.4,3,House,1,0,4.07,0,148.0
4,2,0,0,sports_event,84,Madeira,urban,0.65,3,Apartment,1,0,4.2,0,223.0
4,0,0,0,fair,46,Santarém,urban,0.35,3,House,1,0,4.06,0,151.0
1,5,1,0,concert,45,Açores,rural,0.3,3,Shared_House,0,0,4.58,1,103.0
8,6,1,0,sports_event,84,Beja,rural,0.2,1,House,0,0,4.43,1,187.0
10,0,0,0,concert,65,Bragança,rural,0.15,1,Apartment,1,0,4.15,0,75.0
5,3,0,0,sports_event,34,Coimbra,urban,0.55,2,Shared_House,0,0,3.35,1,75.0
2,2,0,1,sports_event,29,Portalegre,rural,0.18,2,Shared_House,1,0,4.79,1,83.0
4,5,1,0,none,36,Beja,rural,0.2,1,Apartment,0,0,3.74,0,58.0
5,5,1,0,none,24,Guarda,rural,0.14,1,House,1,0,5.0,1,121.0
11,1,0,0,none,43,Braga,urban,0.58,5,Room,1,0,3.78,0,82.0
2,6,1,0,none,61,Évora,historic,0.52,2,Apartment,0,0,4.33,1,150.0
5,0,0,0,festival,63,Lisboa,urban,0.92,5,Shared_House,1,0,4.52,1,201.0
8,5,1,0,none,4,Madeira,urban,0.65,3,Apartment,1,0,4.1,1,273.0
3,5,1,0,fair,6,Madeira,urban,0.65,2,Apartment,1,1,4.36,1,290.0
11,1,0,1,national_holiday,57,Lisboa,urban,0.92,2,Shared_House,0,0,4.06,1,111.0
11,4,1,0,sports_event,49,Aveiro,coastal,0.48,2,Shared_House,1,0,5.0,1,129.0
5,1,0,0,none,6,Viana do Castelo,coastal,0.38,2,Apartment,0,0,4.3,0,96.0
9,1,0,0,fair,87,Braga,urban,0.58,2,Room,0,0,4.14,0,75.0
10,0,0,0,none,89,Aveiro,coastal,0.48,4,House,0,0,4.32,1,186.0
9,5,1,0,festival,7,Madeira,urban,0.65,2,Room,0,0,4.77,1,172.0
3,5,1,0,sports_event,1,Santarém,urban,0.35,3,House,1,1,4.4,1,257.0
1,3,0,0,festival,8,Leiria,coastal,0.4,3,Shared_House,0,0,4.29,0,109.0
5,5,1,0,festival,59,Viseu,historic,0.32,3,Room,0,0,3.48,1,127.0
2,2,0,0,concert,85,Lisboa,urban,0.92,5,Room,0,0,4.78,0,167.0
4,3,0,0,concert,37,Setúbal,coastal,0.6,3,Apartment,0,0,4.38,1,197.0
8,5,1,0,none,75,Santarém,urban,0.35,2,Apartment,1,0,3.98,1,116.0
8,3,0,0,national_holiday,19,Évora,historic,0.52,5,Apartment,0,1,4.36,1,269.0
3,4,1,0,none,1,Beja,rural,0.2,5,Apartment,0,0,4.9,1,141.0
1,1,0,0,none,44,Viana do Castelo,coastal,0.38,4,Shared_House,1,0,4.56,0,86.0
3,3,0,0,none,41,Viseu,historic,0.32,4,House,1,1,5.0,1,193.0
6,5,1,0,none,90,Guarda,rural,0.14,3,House,0,0,4.64,1,136.0
10,5,1,0,none,28,Viseu,historic,0.32,3,Apartment,1,0,3.24,0,98.0
5,2,0,0,fair,39,Açores,rural,0.3,2,Room,0,0,4.83,0,106.0
4,3,0,0,festival,16,Madeira,urban,0.65,3,Apartment,0,0,3.33,1,229.0
7,4,1,0,national_holiday,37,Santarém,urban,0.35,4,Room,0,0,4.88,1,144.0
1,6,1,0,none,5,Lisboa,urban,0.92,2,Apartment,0,1,4.64,1,273.0
3,5,1,0,festival,31,Santarém,urban,0.35,3,Apartment,1,0,5.0,1,181.0
1,5,1,0,none,23,Santarém,urban,0.35,4,Apartment,0,0,4.42,1,132.0
7,5,1,0,none,35,Setúbal,coastal,0.6,2,Apartment,0,0,4.34,1,233.0
6,2,0,0,none,59,Açores,rural,0.3,3,House,0,1,4.82,1,229.0
7,2,0,0,sports_event,71,Évora,historic,0.52,4,Room,0,0,3.61,0,131.0
8,3,0,0,concert,28,Leiria,coastal,0.4,1,Apartment,0,0,4.22,0,130.0
5,2,0,0,none,79,Madeira,urban,0.65,2,Room,0,0,4.08,0,60.0
11,6,1,0,none,28,Madeira,urban,0.65,1,Shared_House,0,1,3.99,0,85.0
12,6,1,0,none,8,Évora,historic,0.52,1,Room,1,0,3.91,0,98.0
2,6,1,0,none,24,Madeira,urban,0.65,3,House,1,0,4.28,1,304.0
12,4,1,0,sports_event,22,Açores,rural,0.3,4,Apartment,1,0,4.56,1,254.0
3,1,0,0,none,9,Açores,rural,0.3,2,House,0,1,4.94,0,159.0
3,1,0,0,concert,60,Açores,rural,0.3,3,Apartment,0,1,4.06,0,166.0
7,1,0,0,national_holiday,54,Faro,coastal,0.78,2,Apartment,0,0,4.02,1,298.0
1,4,1,0,none,28,Aveiro,coastal,0.48,4,Apartment,0,0,2.79,1,109.0
5,2,0,0,fair,66,Évora,historic,0.52,2,House,1,1,4.93,0,255.0
3,4,1,0,concert,20,Bragança,rural,0.15,4,Apartment,0,0,3.52,1,111.0
6,6,1,0,none,89,Portalegre,rural,0.18,2,House,1,0,4.44,1,124.0
10,2,0,0,concert,32,Viseu,historic,0.32,4,Room,0,0,4.35,0,107.0
12,6,1,0,none,21,Coimbra,urban,0.55,3,Apartment,1,0,4.7,0,177.0
3,3,0,0,sports_event,68,Madeira,urban,0.65,5,Apartment,1,0,3.76,1,240.0
7,5,1,0,sports_event,15,Évora,historic,0.52,3,Apartment,1,0,4.49,1,235.0
6,0,0,0,fair,87,Beja,rural,0.2,4,House,1,0,5.0,0,176.0
5,1,0,0,concert,64,Braga,urban,0.58,3,Apartment,1,0,4.32,1,170.0
8,6,1,0,concert,19,Guarda,rural,0.14,1,House,1,1,3.76,1,148.0
12,6,1,0,none,30,Leiria,coastal,0.4,3,Apartment,0,0,3.47,1,120.0
5,3,0,0,national_holiday,88,Vila Real,rural,0.22,2,House,1,1,4.94,1,182.0
1,0,0,0,sports_event,46,Vila Real,rural,0.22,4,House,1,1,3.98,0,175.0
11,0,0,0,concert,50,Beja,rural,0.2,2,House,1,1,4.08,0,136.0
12,2,0,0,fair,64,Açores,rural,0.3,4,Shared_House,0,0,5.0,0,111.0
4,6,1,0,none,24,Madeira,urban,0.65,3,Apartment,0,0,4.66,1,234.0
7,2,0,0,none,38,Faro,coastal,0.78,3,House,0,0,4.77,1,371.0
11,6,1,0,concert,38,Viana do Castelo,coastal,0.38,4,Apartment,0,0,5.0,1,200.0
7,3,0,0,national_holiday,34,Leiria,coastal,0.4,3,Shared_House,0,0,3.42,1,85.0
6,0,0,0,concert,29,Coimbra,urban,0.55,3,Apartment,0,1,4.97,1,214.0
12,3,0,0,none,40,Évora,historic,0.52,3,House,0,0,5.0,0,198.0
10,2,0,0,none,71,Leiria,coastal,0.4,3,Apartment,1,0,3.98,0,97.0
7,1,0,0,festival,42,Faro,coastal,0.78,4,Shared_House,0,0,4.58,0,205.0
2,4,1,0,none,8,Viseu,historic,0.32,2,House,0,1,4.68,0,178.0
6,1,0,0,fair,1,Viseu,historic,0.32,2,House,1,0,3.85,1,151.0
9,6,1,0,festival,2,Lisboa,urban,0.92,4,House,1,0,4.66,1,574.0
4,5,1,0,none,17,Bragança,rural,0.15,3,Room,0,0,3.88,0,67.0
7,5,1,0,none,69,Évora,historic,0.52,5,Apartment,0,0,5.0,0,227.0
8,0,0,0,national_holiday,55,Porto,urban,0.85,5,Apartment,1,0,4.28,0,290.0
2,6,1,0,festival,32,Faro,coastal,0.78,4,Apartment,1,0,4.48,1,405.0
7,3,0,0,none,2,Guarda,rural,0.14,3,Apartment,0,0,3.39,0,64.0
9,5,1,0,none,30,Viseu,historic,0.32,4,House,1,1,4.4,1,236.0
3,1,0,0,none,25,Leiria,coastal,0.4,2,Shared_House,0,0,4.81,0,67.0
7,5,1,0,none,45,Setúbal,coastal,0.6,1,House,1,1,3.75,1,332.0
9,2,0,0,sports_event,40,Coimbra,urban,0.55,4,Apartment,0,0,3.94,0,195.0
1,4,1,0,none,16,Setúbal,coastal,0.6,4,House,1,1,3.84,1,291.0
8,1,0,0,none,40,Portalegre,rural,0.18,1,Apartment,0,0,3.62,0,47.0
4,6,1,0,none,11,Madeira,urban,0.65,4,House,1,0,3.55,1,324.0
5,4,1,0,none,5,Faro,coastal,0.78,5,House,1,0,4.71,1,513.0
8,3,0,0,festival,84,Viana do Castelo,coastal,0.38,2,House,1,0,3.57,1,208.0
1,3,0,0,sports_event,79,Braga,urban,0.58,1,Shared_House,1,0,3.31,1,64.0
1,0,0,0,none,90,Açores,rural,0.3,4,Apartment,1,0,3.93,0,125.0
6,2,0,0,none,9,Viseu,historic,0.32,1,Room,1,0,4.23,0,43.0
12,5,1,0,concert,61,Açores,rural,0.3,2,Room,0,0,4.49,1,122.0
1,5,1,0,fair,79,Viana do Castelo,coastal,0.38,3,Apartment,0,0,3.76,0,146.0
10,6,1,0,none,37,Faro,coastal,0.78,4,Room,0,0,3.91,1,168.0
1,0,0,0,none,90,Santarém,urban,0.35,4,Apartment,0,0,4.47,0,85.0
6,1,0,0,national_holiday,87,Portalegre,rural,0.18,3,House,1,0,4.65,0,166.0
6,5,1,0,none,17,Portalegre,rural,0.18,4,Apartment,0,0,4.82,1,142.0
6,2,0,0,national_holiday,78,Santarém,urban,0.35,3,Apartment,0,0,4.44,1,148.0
1,1,0,0,concert,7,Braga,urban,0.58,3,House,0,0,3.37,0,136.0
10,1,0,0,none,14,Aveiro,coastal,0.48,2,Apartment,0,0,3.76,0,98.0
4,6,1,0,none,11,Porto,urban,0.85,3,Apartment,0,0,4.83,1,265.0
10,6,1,0,national_holiday,89,Castelo Branco,historic,0.28,3,House,1,0,5.0,1,213.0
8,0,0,0,none,77,Aveiro,coastal,0.48,1,House,0,0,4.16,0,162.0
7,5,1,0,festival,26,Madeira,urban,0.65,3,Apartment,0,0,4.11,1,299.0
4,3,0,0,none,88,Bragança,rural,0.15,2,Room,0,0,3.7,0,33.0
8,5,1,0,festival,12,Coimbra,urban,0.55,1,Shared_House,1,0,4.91,1,99.0
12,4,1,0,fair,54,Lisboa,urban,0.92,3,Apartment,0,0,3.67,0,277.0
12,4,1,0,sports_event,78,Lisboa,urban,0.92,2,Shared_House,0,0,5.0,1,166.0
11,4,1,0,none,86,Vila Real,rural,0.22,2,Shared_House,1,0,4.16,0,47.0
3,5,1,0,festival,20,Bragança,rural,0.15,4,House,1,0,3.77,1,205.0
8,5,1,0,sports_event,70,Faro,coastal,0.78,4,Shared_House,0,0,3.31,1,187.0
5,3,0,0,none,62,Coimbra,urban,0.55,3,Room,0,0,4.06,0,73.0
12,0,0,0,concert,52,Guarda,rural,0.14,2,Room,1,0,4.14,1,70.0
12,0,0,0,festival,73,Lisboa,urban,0.92,3,Apartment,1,0,4.04,0,298.0
11,2,0,0,none,83,Portalegre,rural,0.18,4,Room,1,0,4.2,0,79.0
2,3,0,0,national_holiday,14,Castelo Branco,historic,0.28,2,Apartment,0,0,4.89,1,134.0
4,6,1,0,none,43,Guarda,rural,0.14,2,Room,0,0,4.51,0,57.0
9,0,0,0,none,19,Castelo Branco,historic,0.28,3,Apartment,0,1,4.3,1,109.0
9,6,1,0,none,38,Bragança,rural,0.15,3,Room,0,0,4.77,0,61.0
5,0,0,0,none,35,Porto,urban,0.85,2,Room,0,0,3.74,1,74.0
2,3,0,0,none,65,Viana do Castelo,coastal,0.38,2,House,1,0,4.56,0,140.0
2,2,0,0,none,56,Vila Real,rural,0.22,3,Apartment,0,0,4.55,0,71.0
9,3,0,0,concert,68,Porto,urban,0.85,3,Apartment,0,0,4.95,1,257.0
6,0,0,0,sports_event,64,Aveiro,coastal,0.48,3,Apartment,0,0,3.51,0,173.0
6,5,1,0,none,32,Lisboa,urban,0.92,5,Shared_House,0,0,3.77,1,145.0
10,0,0,0,sports_event,58,Porto,urban,0.85,1,Room,0,0,3.79,0,96.0
1,5,1,0,sports_event,43,Viana do Castelo,coastal,0.38,4,Room,0,0,4.44,1,148.0
10,3,0,0,none,49,Vila Real,rural,0.22,2,Room,0,0,4.31,0,42.0
4,6,1,0,national_holiday,20,Santarém,urban,0.35,4,House,1,1,4.48,1,264.0
12,6,1,0,none,25,Lisboa,urban,0.92,4,Apartment,0,1,3.15,1,264.0
12,5,1,0,none,11,Beja,rural,0.2,3,Apartment,0,0,4.94,1,106.0
7,3,0,0,none,15,Viseu,historic,0.32,3,Apartment,0,0,4.32,0,102.0
4,2,0,0,none,32,Santarém,urban,0.35,3,Room,0,0,4.48,0,61.0
3,4,1,0,none,17,Açores,rural,0.3,4,Room,0,0,4.39,0,112.0
3,4,1,0,none,45,Açores,rural,0.3,2,Apartment,0,0,3.89,0,122.0
12,5,1,0,festival,65,Santarém,urban,0.35,2,House,1,1,4.46,1,244.0
3,3,0,0,fair,15,Bragança,rural,0.15,4,House,1,0,4.24,0,129.0
6,3,0,0,concert,19,Faro,coastal,0.78,3,House,1,1,4.23,1,515.0
6,0,0,0,sports_event,15,Porto,urban,0.85,2,House,1,0,4.45,1,399.0
9,1,0,0,sports_event,74,Porto,urban,0.85,5,Apartment,0,0,4.15,0,272.0
11,5,1,0,sports_event,12,Porto,urban,0.85,5,House,0,1,3.52,1,446.0
7,6,1,0,none,84,Portalegre,rural,0.18,3,Room,0,0,4.11,1,45.0
10,4,1,0,none,79,Évora,historic,0.52,3,Apartment,1,0,5.0,0,203.0
7,2,0,0,none,35,Santarém,urban,0.35,2,House,1,0,3.92,0,115.0
6,0,0,1,national_holiday,63,Porto,urban,0.85,3,Apartment,0,0,4.25,1,279.0
2,0,0,0,festival,17,Viseu,historic,0.32,5,Room,1,0,4.62,1,155.0
3,4,1,0,none,14,Viana do Castelo,coastal,0.38,2,Shared_House,1,1,5.0,1,95.0
6,4,1,0,none,60,Viana do Castelo,coastal,0.38,2,House,1,0,4.07,1,206.0
1,1,0,0,none,60,Castelo Branco,historic,0.28,5,Apartment,0,0,3.59,0,106.0
4,1,0,0,concert,28,Coimbra,urban,0.55,2,Shared_House,0,0,4.54,0,88.0
6,0,0,0,none,44,Beja,rural,0.2,5,Apartment,1,0,3.79,1,112.0
6,4,1,0,none,48,Madeira,urban,0.65,2,House,1,1,4.35,1,381.0
10,4,1,0,none,51,Lisboa,urban,0.92,1,Apartment,0,0,4.5,1,248.0
12,2,0,0,none,26,Évora,historic,0.52,5,Apartment,1,1,3.96,0,177.0
9,5,1,0,concert,75,Braga,urban,0.58,2,Room,1,0,4.06,1,105.0
1,5,1,0,none,55,Guarda,rural,0.14,3,Apartment,0,0,4.61,0,87.0
5,3,0,0,none,43,Viana do Castelo,coastal,0.38,1,Room,0,0,4.75,0,52.0
9,1,0,0,national_holiday,47,Castelo Branco,historic,0.28,4,Room,0,0,4.22,0,112.0
8,0,0,0,none,26,Lisboa,urban,0.92,2,House,1,1,4.28,0,369.0
6,5,1,1,festival,31,Guarda,rural,0.14,4,Apartment,1,0,3.64,1,169.0
6,4,1,0,sports_event,71,Viana do Castelo,coastal,0.38,5,Apartment,0,0,4.26,1,225.0
5,2,0,0,none,12,Viana do Castelo,coastal,0.38,1,Shared_House,0,0,4.0,1,38.0
7,0,0,0,none,15,Guarda,rural,0.14,2,Apartment,0,0,4.24,0,68.0
3,5,1,0,none,16,Évora,historic,0.52,4,Apartment,0,0,4.91,1,201.0
7,6,1,0,none,84,Viseu,historic,0.32,5,Room,0,0,3.64,1,99.0
3,3,0,0,none,73,Guarda,rural,0.14,2,House,0,0,4.79,0,69.0
9,1,0,0,festival,85,Braga,urban,0.58,5,House,0,0,4.3,1,265.0
11,4,1,0,none,29,Viana do Castelo,coastal,0.38,5,Apartment,1,0,4.19,1,179.0
7,6,1,0,none,32,Açores,rural,0.3,4,Apartment,0,0,3.77,1,182.0
5,4,1,0,festival,26,Leiria,coastal,0.4,2,Apartment,1,0,4.34,1,193.0
12,0,0,0,none,70,Viseu,historic,0.32,3,House,1,0,5.0,0,159.0
8,1,0,0,festival,69,Lisboa,urban,0.92,4,Shared_House,0,0,2.93,1,145.0
6,0,0,0,none,83,Leiria,coastal,0.4,3,Room,0,0,3.22,1,53.0
1,2,0,0,sports_event,26,Açores,rural,0.3,2,House,1,1,4.11,0,236.0
1,3,0,0,fair,83,Portalegre,rural,0.18,3,House,1,0,4.36,0,116.0
3,3,0,0,festival,86,Viana do Castelo,coastal,0.38,4,Room,0,0,4.67,1,135.0
3,5,1,0,fair,11,Guarda,rural,0.14,3,House,0,0,4.43,1,134.0
9,0,0,0,none,32,Guarda,rural,0.14,3,Room,0,0,3.38,0,42.0
7,6,1,0,none,16,Castelo Branco,historic,0.28,2,House,1,1,4.51,1,180.0
12,1,0,0,none,89,Açores,rural,0.3,2,Apartment,0,0,4.11,0,87.0
7,3,0,0,none,45,Viana do Castelo,coastal,0.38,1,House,1,0,4.64,0,157.0
11,1,0,0,fair,2,Faro,coastal,0.78,3,Apartment,1,0,3.84,1,233.0
7,2,0,0,none,50,Portalegre,rural,0.18,3,House,0,0,3.43,0,79.0
5,5,1,0,none,17,Lisboa,urban,0.92,4,Room,0,0,3.97,1,164.0
9,0,0,0,fair,31,Leiria,coastal,0.4,1,Room,0,0,4.45,0,64.0
6,3,0,0,none,52,Açores,rural,0.3,2,Apartment,0,0,4.39,0,102.0
4,4,1,0,sports_event,7,Porto,urban,0.85,4,Room,0,0,4.21,1,199.0
6,3,0,0,none,83,Vila Real,rural,0.22,1,Apartment,0,0,3.89,0,47.0
8,2,0,1,national_holiday,39,Portalegre,rural,0.18,5,House,1,0,4.13,0,196.0
5,2,0,0,none,59,Coimbra,urban,0.55,3,Apartment,0,0,4.94,0,115.0
9,6,1,0,sports_event,26,Portalegre,rural,0.18,5,House,1,1,5.0,1,247.0
12,1,0,0,festival,70,Santarém,urban,0.35,4,Room,1,0,4.41,0,124.0
5,3,0,0,national_holiday,41,Viseu,historic,0.32,5,Apartment,1,0,4.71,1,191.0
4,2,0,0,national_holiday,47,Braga,urban,0.58,3,House,1,1,3.84,0,228.0
5,5,1,0,concert,25,Aveiro,coastal,0.48,2,House,1,1,4.88,1,290.0
11,5,1,0,none,17,Setúbal,coastal,0.6,4,Room,1,0,4.03,0,147.0
3,5,1,0,none,40,Coimbra,urban,0.55,2,Shared_House,0,0,3.57,0,47.0
12,0,0,0,fair,29,Castelo Branco,historic,0.28,3,House,0,0,4.78,0,141.0
5,0,0,0,festival,53,Vila Real,rural,0.22,2,Apartment,0,1,4.24,0,147.0
11,2,0,0,fair,54,Setúbal,coastal,0.6,4,House,1,1,4.9,0,294.0
10,3,0,0,concert,33,Bragança,rural,0.15,4,House,0,0,4.61,0,158.0
10,0,0,0,none,13,Bragança,rural,0.15,4,Room,1,0,3.55,0,63.0
11,6,1,0,none,19,Portalegre,rural,0.18,2,Room,0,0,4.29,0,59.0
3,6,1,0,none,25,Portalegre,rural,0.18,5,Room,0,0,3.75,1,83.0
8,2,0,0,sports_event,36,Faro,coastal,0.78,4,Apartment,1,0,4.83,1,392.0
2,5,1,0,none,68,Viana do Castelo,coastal,0.38,2,House,0,0,4.24,0,178.0
4,3,0,0,none,24,Madeira,urban,0.65,2,Shared_House,0,0,3.87,0,60.0
1,4,1,0,concert,67,Viseu,historic,0.32,2,Apartment,0,0,3.18,0,109.0
9,6,1,0,none,6,Viana do Castelo,coastal,0.38,1,House,0,1,4.78,1,229.0
8,0,0,0,none,59,Açores,rural,0.3,3,House,0,0,4.03,1,170.0
9,1,0,0,none,58,Coimbra,urban,0.55,1,Apartment,1,0,4.07,0,89.0
3,2,0,0,none,72,Braga,urban,0.58,3,Room,0,0,4.44,0,87.0
4,6,1,0,none,58,Portalegre,rural,0.18,3,Apartment,1,0,3.76,1,87.0
9,4,1,0,concert,29,Açores,rural,0.3,3,Shared_House,0,0,3.44,1,99.0
10,2,0,0,fair,29,Porto,urban,0.85,5,House,1,1,4.3,1,341.0
11,0,0,0,sports_event,73,Viseu,historic,0.32,2,Apartment,1,0,3.73,1,106.0
1,4,1,0,national_holiday,87,Viseu,historic,0.32,3,Room,0,0,4.16,1,104.0
5,1,0,0,none,46,Viana do Castelo,coastal,0.38,5,Room,0,0,3.77,0,91.0
1,2,0,0,none,72,Évora,historic,0.52,2,Apartment,0,0,3.52,0,78.0
10,6,1,0,none,89,Faro,coastal,0.78,3,Apartment,1,1,3.38,1,274.0
2,3,0,0,sports_event,82,Vila Real,rural,0.22,5,House,0,1,4.25,0,182.0
10,0,0,0,none,4,Portalegre,rural,0.18,3,House,1,0,4.75,0,109.0
2,0,0,0,national_holiday,43,Setúbal,coastal,0.6,4,Apartment,0,0,4.69,1,230.0
1,2,0,0,festival,55,Viseu,historic,0.32,5,House,0,0,4.21,0,189.0
11,0,0,0,concert,48,Faro,coastal,0.78,2,House,1,1,4.91,1,465.0
6,3,0,0,none,53,Faro,coastal,0.78,4,Room,0,0,3.93,0,136.0
6,2,0,0,sports_event,63,Viseu,historic,0.32,3,Room,1,0,4.61,0,116.0
8,6,1,0,none,21,Guarda,rural,0.14,5,Apartment,0,0,3.95,0,116.0
4,2,0,0,festival,53,Portalegre,rural,0.18,3,Room,0,0,3.84,1,84.0
9,1,0,0,concert,61,Coimbra,urban,0.55,4,House,1,1,4.6,1,280.0
6,4,1,0,none,61,Madeira,urban,0.65,2,House,1,0,4.42,1,346.0
4,4,1,0,fair,53,Castelo Branco,historic,0.28,3,Apartment,0,0,4.51,1,139.0
5,0,0,0,sports_event,39,Lisboa,urban,0.92,4,Room,0,0,3.46,0,185.0
1,0,0,0,concert,33,Coimbra,urban,0.55,5,Room,0,0,4.71,0,127.0
4,1,0,0,none,12,Bragança,rural,0.15,2,Apartment,1,0,4.54,0,50.0
8,5,1,0,none,69,Lisboa,urban,0.92,1,Apartment,0,1,4.0,1,293.0
2,1,0,0,none,74,Lisboa,urban,0.92,5,House,1,0,4.49,0,266.0
2,6,1,0,sports_event,89,Lisboa,urban,0.92,3,Shared_House,0,0,4.75,1,179.0
8,3,0,0,none,35,Coimbra,urban,0.55,1,House,1,1,3.83,1,157.0
6,6,1,0,national_holiday,20,Lisboa,urban,0.92,3,Apartment,0,0,3.84,1,364.0
2,1,0,0,national_holiday,55,Aveiro,coastal,0.48,5,Room,0,0,4.06,1,142.0
9,2,0,0,none,55,Vila Real,rural,0.22,5,House,1,0,3.09,1,105.0
10,0,0,0,sports_event,34,Braga,urban,0.58,2,House,1,0,4.37,1,230.0
1,5,1,0,none,31,Porto,urban,0.85,4,Apartment,0,0,4.66,1,239.0
3,4,1,0,none,44,Setúbal,coastal,0.6,3,Apartment,0,0,4.49,0,220.0
5,0,0,0,none,39,Castelo Branco,historic,0.28,2,House,1,0,4.44,0,124.0
9,5,1,0,concert,58,Braga,urban,0.58,4,Room,0,0,4.71,1,159.0
1,6,1,0,fair,66,Setúbal,coastal,0.6,2,Room,0,0,4.15,1,119.0
10,4,1,0,none,53,Braga,urban,0.58,3,Shared_House,1,0,3.41,0,60.0
4,5,1,0,none,62,Madeira,urban,0.65,2,House,1,1,4.26,1,347.0
2,1,0,0,none,13,Vila Real,rural,0.22,2,House,1,1,4.85,0,120.0
11,3,0,0,festival,29,Guarda,rural,0.14,2,House,0,0,4.38,0,128.0
2,5,1,0,none,22,Viana do Castelo,coastal,0.38,5,Apartment,0,1,4.01,1,185.0
2,4,1,0,concert,72,Viseu,historic,0.32,3,Apartment,0,1,4.59,0,173.0
12,4,1,0,national_holiday,16,Portalegre,rural,0.18,3,Room,1,0,4.39,1,119.0
7,5,1,0,none,79,Viseu,historic,0.32,2,Apartment,1,0,4.09,0,137.0
6,4,1,0,fair,52,Vila Real,rural,0.22,4,Shared_House,0,0,4.26,1,83.0
9,0,0,0,sports_event,16,Viana do Castelo,coastal,0.38,3,Room,0,0,4.04,0,102.0
8,1,0,0,festival,36,Santarém,urban,0.35,5,Apartment,1,0,4.51,1,202.0
8,5,1,0,concert,5,Coimbra,urban,0.55,2,Apartment,0,0,3.75,1,174.0
1,1,0,0,none,23,Bragança,rural,0.15,3,Room,0,0,4.36,0,49.0
7,4,1,0,festival,55,Leiria,coastal,0.4,2,House,1,1,4.63,1,288.0
4,3,0,0,none,4,Coimbra,urban,0.55,2,House,0,0,4.32,0,141.0
10,4,1,0,sports_event,48,Bragança,rural,0.15,3,Apartment,1,0,4.32,1,142.0
7,1,0,0,none,70,Aveiro,coastal,0.48,4,Room,0,0,4.24,0,96.0
2,2,0,0,none,22,Braga,urban,0.58,2,House,1,0,4.47,0,127.0
11,4,1,0,none,5,Bragança,rural,0.15,4,House,1,0,4.02,0,132.0
4,1,0,0,none,57,Viana do Castelo,coastal,0.38,3,Shared_House,0,0,4.13,0,74.0
4,2,0,0,none,35,Viseu,historic,0.32,3,Room,0,0,3.75,0,52.0
12,6,1,0,none,37,Porto,urban,0.85,4,House,1,1,4.07,0,375.0
10,1,0,0,fair,42,Santarém,urban,0.35,3,Room,0,0,3.2,1,65.0
11,4,1,0,festival,53,Lisboa,urban,0.92,5,Shared_House,0,0,4.21,1,196.0
8,1,0,0,none,41,Vila Real,rural,0.22,4,Room,0,0,4.51,1,91.0
11,4,1,0,fair,28,Bragança,rural,0.15,5,Room,0,0,4.17,1,120.0
2,0,0,0,concert,13,Bragança,rural,0.15,2,Apartment,0,0,4.66,1,102.0
8,4,1,0,none,89,Guarda,rural,0.14,4,Room,0,0,4.87,1,70.0
4,3,0,0,festival,64,Porto,urban,0.85,5,Room,0,0,4.19,0,184.0
5,4,1,0,none,60,Leiria,coastal,0.4,2,House,1,0,3.7,1,184.0
3,0,0,0,festival,21,Faro,coastal,0.78,3,House,1,0,4.75,1,491.0
3,3,0,0,sports_event,2,Santarém,urban,0.35,4,House,0,0,4.64,1,213.0
6,3,0,0,none,57,Vila Real,rural,0.22,2,House,1,0,4.42,0,109.0
12,1,0,0,none,82,Santarém,urban,0.35,3,Apartment,0,0,3.94,0,89.0
8,2,0,0,none,35,Açores,rural,0.3,4,House,1,1,4.39,0,229.0
5,4,1,0,festival,11,Castelo Branco,historic,0.28,4,Apartment,1,0,4.04,1,177.0
6,3,0,1,national_holiday,47,Viseu,historic,0.32,2,House,1,1,3.83,1,215.0
7,4,1,0,concert,89,Faro,coastal,0.78,2,Shared_House,0,0,4.38,1,169.0
3,6,1,0,festival,41,Guarda,rural,0.14,2,Apartment,0,0,3.71,1,105.0
7,2,0,0,none,31,Vila Real,rural,0.22,2,Shared_House,0,1,4.58,0,62.0
9,6,1,0,concert,86,Castelo Branco,historic,0.28,1,House,1,0,4.34,1,184.0
3,6,1,0,none,22,Madeira,urban,0.65,4,Shared_House,0,1,4.14,0,142.0
8,4,1,0,festival,32,Viana do Castelo,coastal,0.38,4,Apartment,0,0,4.18,1,217.0
9,1,0,0,none,22,Santarém,urban,0.35,5,Apartment,0,0,3.66,0,111.0
7,2,0,0,none,14,Madeira,urban,0.65,5,House,0,1,3.69,1,298.0
4,0,0,0,none,80,Viseu,historic,0.32,5,House,1,1,5.0,1,204.0
7,4,1,0,none,33,Beja,rural,0.2,1,Room,0,0,4.12,1,56.0
10,1,0,1,sports_event,72,Porto,urban,0.85,2,House,1,1,3.49,0,316.0
3,6,1,0,sports_event,45,Castelo Branco,historic,0.28,1,House,1,1,4.66,1,197.0
7,4,1,0,none,66,Lisboa,urban,0.92,3,Shared_House,0,0,3.69,0,111.0
9,3,0,0,none,6,Beja,rural,0.2,5,Apartment,0,0,4.49,0,110.0
4,1,0,0,fair,52,Faro,coastal,0.78,1,Apartment,1,0,4.94,1,259.0
5,0,0,0,none,83,Castelo Branco,historic,0.28,3,Room,0,0,4.09,0,68.0
11,4,1,0,none,89,Madeira,urban,0.65,3,Apartment,1,0,4.78,1,232.0
5,5,1,0,sports_event,18,Faro,coastal,0.78,2,House,1,1,4.57,1,570.0
8,1,0,0,none,69,Santarém,urban,0.35,4,House,1,0,4.99,0,178.0
2,0,0,0,national_holiday,84,Beja,rural,0.2,2,Apartment,1,0,4.49,1,98.0
12,2,0,0,none,67,Faro,coastal,0.78,3,Apartment,1,0,3.94,1,192.0
8,5,1,0,fair,37,Aveiro,coastal,0.48,5,Apartment,0,0,3.16,1,204.0
10,4,1,0,none,12,Setúbal,coastal,0.6,2,Apartment,0,0,3.8,1,177.0
8,0,0,0,none,50,Viana do Castelo,coastal,0.38,2,Apartment,1,0,3.95,1,115.0
5,0,0,0,none,3,Vila Real,rural,0.22,4,Apartment,0,0,4.7,0,114.0
5,0,0,0,national_holiday,62,Setúbal,coastal,0.6,3,Room,0,0,4.81,1,155.0
9,5,1,0,festival,37,Viseu,historic,0.32,3,Room,1,0,3.65,1,116.0
11,5,1,0,none,6,Coimbra,urban,0.55,3,Apartment,0,1,4.81,0,174.0
2,2,0,0,national_holiday,64,Castelo Branco,historic,0.28,2,House,0,1,3.81,0,153.0
11,4,1,0,none,38,Madeira,urban,0.65,2,Apartment,1,0,3.78,0,182.0
10,0,0,0,none,46,Vila Real,rural,0.22,4,Apartment,1,1,3.51,0,98.0
2,3,0,0,none,26,Faro,coastal,0.78,2,Apartment,0,0,4.37,1,177.0
2,1,0,0,concert,40,Faro,coastal,0.78,5,House,0,1,3.91,0,367.0
9,5,1,0,none,16,Lisboa,urban,0.92,1,Apartment,1,0,4.86,1,307.0
11,3,0,0,none,17,Portalegre,rural,0.18,5,Room,0,0,3.75,0,66.0
5,5,1,0,national_holiday,61,Guarda,rural,0.14,5,Room,0,0,4.57,1,133.0
8,3,0,0,festival,75,Viseu,historic,0.32,1,Room,0,0,3.59,0,76.0
12,3,0,0,none,15,Vila Real,rural,0.22,3,Room,0,0,4.72,0,61.0
4,6,1,0,festival,15,Setúbal,coastal,0.6,4,Apartment,0,0,4.26,1,283.0
3,6,1,0,none,53,Bragança,rural,0.15,3,House,1,1,4.35,1,146.0
12,3,0,0,none,51,Açores,rural,0.3,5,Apartment,1,0,4.02,0,135.0
4,2,0,0,none,36,Açores,rural,0.3,2,House,1,0,3.99,0,138.0
6,4,1,0,festival,90,Bragança,rural,0.15,5,Apartment,1,0,4.45,1,186.0
6,1,0,0,concert,88,Beja,rural,0.2,3,Apartment,0,0,5.0,1,130.0
7,2,0,0,none,58,Viana do Castelo,coastal,0.38,2,Room,0,0,3.68,0,43.0
4,5,1,0,none,82,Bragança,rural,0.15,3,Apartment,0,0,4.03,0,81.0
9,6,1,0,none,42,Viana do Castelo,coastal,0.38,2,Apartment,0,0,3.89,0,129.0
9,2,0,0,concert,1,Porto,urban,0.85,3,Room,1,0,3.44,0,125.0
3,2,0,0,concert,10,Leiria,coastal,0.4,2,Apartment,1,0,3.44,1,126.0
6,6,1,0,concert,73,Coimbra,urban,0.55,4,Apartment,0,0,3.83,0,205.0
1,1,0,0,national_holiday,12,Faro,coastal,0.78,2,Apartment,0,0,4.0,0,255.0
3,0,0,0,concert,16,Santarém,urban,0.35,3,House,1,0,4.91,1,193.0
12,0,0,0,national_holiday,62,Faro,coastal,0.78,5,Room,0,0,4.69,0,215.0
7,0,0,0,festival,43,Guarda,rural,0.14,5,Room,0,0,3.79,0,125.0
8,6,1,0,none,22,Beja,rural,0.2,4,Room,0,0,4.59,1,77.0
11,0,0,0,festival,74,Beja,rural,0.2,1,House,1,1,3.8,1,150.0
9,2,0,0,none,65,Bragança,rural,0.15,5,Room,0,0,4.16,0,71.0
10,4,1,0,none,26,Guarda,rural,0.14,2,Room,0,0,4.36,1,57.0
9,4,1,0,none,19,Beja,rural,0.2,3,Room,0,0,5.0,1,74.0
6,5,1,0,none,67,Viseu,historic,0.32,5,Apartment,1,0,4.33,0,168.0
8,6,1,0,sports_event,22,Setúbal,coastal,0.6,1,House,1,1,3.46,1,358.0
4,2,0,0,none,22,Bragança,rural,0.15,2,Apartment,1,0,4.57,0,68.0
11,1,0,0,none,80,Santarém,urban,0.35,3,House,1,0,4.77,0,126.0
3,0,0,0,fair,79,Setúbal,coastal,0.6,3,Room,1,0,4.64,0,114.0
11,6,1,0,festival,88,Santarém,urban,0.35,2,Room,0,0,3.7,1,83.0
11,2,0,0,none,40,Coimbra,urban,0.55,4,Room,1,0,4.26,1,80.0
2,6,1,0,none,66,Setúbal,coastal,0.6,5,Apartment,0,0,4.19,0,217.0
9,2,0,0,none,18,Évora,historic,0.52,5,Apartment,0,0,5.0,1,174.0
12,5,1,1,fair,90,Vila Real,rural,0.22,2,Shared_House,0,0,4.51,1,65.0
7,4,1,0,none,5,Aveiro,coastal,0.48,3,Apartment,0,0,5.0,1,202.0
5,4,1,1,national_holiday,78,Leiria,coastal,0.4,4,Apartment,1,0,3.85,1,200.0
11,4,1,0,none,55,Madeira,urban,0.65,2,Apartment,0,0,4.09,0,191.0
7,2,0,0,concert,85,Beja,rural,0.2,3,Room,0,0,3.93,0,71.0
2,0,0,0,none,62,Viana do Castelo,coastal,0.38,1,House,1,1,4.69,1,134.0
3,0,0,0,none,18,Lisboa,urban,0.92,2,Apartment,0,0,4.77,0,198.0
9,2,0,0,none,62,Faro,coastal,0.78,2,House,1,1,4.4,0,357.0
6,6,1,0,none,67,Portalegre,rural,0.18,4,Room,0,0,4.25,1,76.0
3,4,1,0,national_holiday,45,Beja,rural,0.2,3,House,1,1,4.41,1,202.0
10,4,1,0,sports_event,53,Viana do Castelo,coastal,0.38,1,Apartment,0,0,3.51,1,150.0
2,1,0,0,none,37,Setúbal,coastal,0.6,3,Apartment,1,1,3.99,0,147.0
3,3,0,0,concert,25,Beja,rural,0.2,1,Apartment,1,0,4.03,0,96.0
6,2,0,0,none,56,Évora,historic,0.52,2,Apartment,1,0,4.19,0,114.0
1,0,0,0,national_holiday,46,Bragança,rural,0.15,5,Apartment,0,0,3.87,0,127.0
5,4,1,0,none,3,Viana do Castelo,coastal,0.38,3,Room,0,0,3.78,1,81.0
11,2,0,0,none,69,Açores,rural,0.3,4,Shared_House,0,0,3.4,0,66.0
12,2,0,1,national_holiday,22,Setúbal,coastal,0.6,2,Apartment,0,1,4.42,1,245.0
11,4,1,0,none,5,Setúbal,coastal,0.6,1,House,0,0,3.51,0,211.0
4,0,0,0,national_holiday,23,Bragança,rural,0.15,5,Apartment,1,0,4.7,0,160.0
1,6,1,0,none,81,Évora,historic,0.52,2,Apartment,0,0,4.36,1,157.0
10,1,0,0,none,71,Lisboa,urban,0.92,2,House,1,0,4.64,1,287.0
5,4,1,0,concert,39,Bragança,rural,0.15,4,House,1,1,3.75,1,203.0
9,5,1,0,none,40,Évora,historic,0.52,3,House,1,1,5.0,1,320.0
2,1,0,0,none,39,Porto,urban,0.85,5,Apartment,0,0,5.0,1,194.0
9,1,0,0,sports_event,5,Viana do Castelo,coastal,0.38,5,Room,0,0,4.22,1,146.0
8,2,0,0,none,33,Bragança,rural,0.15,2,House,0,1,4.4,1,111.0
12,5,1,0,concert,81,Évora,historic,0.52,2,Apartment,1,0,4.19,1,207.0
2,4,1,0,festival,57,Vila Real,rural,0.22,3,Apartment,0,0,4.7,1,165.0
5,3,0,0,none,35,Porto,urban,0.85,2,Apartment,0,0,4.6,1,173.0
12,5,1,0,none,89,Braga,urban,0.58,3,Apartment,1,0,3.31,0,133.0
5,3,0,0,none,7,Faro,coastal,0.78,2,Apartment,0,0,3.79,1,180.0
8,6,1,0,festival,78,Braga,urban,0.58,5,House,1,1,4.4,1,333.0
2,5,1,0,festival,38,Bragança,rural,0.15,5,House,1,0,4.59,1,213.0
9,1,0,0,concert,46,Braga,urban,0.58,2,House,1,1,4.27,1,226.0
4,2,0,0,none,86,Évora,historic,0.52,1,Apartment,0,0,3.35,0,55.0
7,0,0,0,concert,84,Viana do Castelo,coastal,0.38,5,Room,0,0,4.48,1,133.0
11,1,0,0,none,73,Madeira,urban,0.65,2,Room,0,0,5.0,0,92.0
8,0,0,0,national_holiday,48,Madeira,urban,0.65,2,Apartment,0,0,3.05,1,201.0
6,0,0,0,none,54,Portalegre,rural,0.18,2,Apartment,0,0,4.67,0,65.0
3,0,0,0,concert,82,Bragança,rural,0.15,2,Room,0,0,5.0,1,54.0
5,4,1,0,none,69,Évora,historic,0.52,2,House,0,0,4.67,0,235.0
11,2,0,0,none,28,Aveiro,coastal,0.48,2,House,1,0,4.16,0,148.0
3,3,0,0,none,47,Aveiro,coastal,0.48,1,Room,0,0,4.65,0,52.0
8,5,1,0,fair,74,Porto,urban,0.85,4,Apartment,0,0,4.16,1,302.0
6,5,1,0,concert,73,Guarda,rural,0.14,2,Apartment,0,0,4.47,1,125.0
4,3,0,0,sports_event,27,Leiria,coastal,0.4,4,Room,0,0,4.24,1,125.0
9,3,0,0,none,76,Castelo Branco,historic,0.28,3,House,1,1,4.26,1,138.0
5,4,1,0,festival,51,Açores,rural,0.3,3,Apartment,1,0,3.82,1,239.0
4,2,0,0,none,31,Portalegre,rural,0.18,5,Apartment,1,0,3.97,0,100.0
7,3,0,0,sports_event,45,Évora,historic,0.52,2,Shared_House,1,0,5.0,1,120.0
10,2,0,0,none,41,Évora,historic,0.52,2,Room,0,0,3.89,0,52.0
11,1,0,0,concert,7,Faro,coastal,0.78,3,Apartment,1,0,3.22,0,197.0
8,1,0,0,sports_event,21,Aveiro,coastal,0.48,2,Apartment,0,0,5.0,1,200.0
8,4,1,0,none,13,Coimbra,urban,0.55,2,House,1,0,3.98,0,223.0
10,5,1,0,sports_event,62,Portalegre,rural,0.18,5,Apartment,1,1,4.07,1,200.0
4,2,0,0,none,38,Aveiro,coastal,0.48,5,House,0,0,4.0,0,160.0
4,0,0,0,none,13,Guarda,rural,0.14,3,Shared_House,0,0,4.21,1,51.0
6,4,1,0,none,54,Braga,urban,0.58,3,Room,1,0,3.82,1,88.0
8,6,1,0,none,43,Faro,coastal,0.78,3,Shared_House,0,0,4.94,1,168.0
8,3,0,0,none,61,Faro,coastal,0.78,1,Apartment,0,0,4.1,1,187.0
2,0,0,0,sports_event,87,Beja,rural,0.2,2,Apartment,0,0,3.68,0,95.0
10,0,0,0,sports_event,89,Aveiro,coastal,0.48,3,Shared_House,0,0,2.77,1,89.0
5,3,0,0,none,42,Castelo Branco,historic,0.28,2,Room,0,0,4.75,0,57.0
11,6,1,1,national_holiday,3,Madeira,urban,0.65,2,House,1,0,3.98,1,429.0
9,0,0,0,fair,7,Évora,historic,0.52,3,Apartment,0,0,4.39,1,170.0
12,5,1,0,none,13,Coimbra,urban,0.55,3,Room,0,0,3.74,1,94.0
8,5,1,0,none,2,Vila Real,rural,0.22,2,Apartment,0,0,4.25,1,104.0
7,0,0,0,fair,58,Faro,coastal,0.78,5,Shared_House,0,0,4.19,0,169.0
3,1,0,0,none,86,Viana do Castelo,coastal,0.38,4,House,1,0,4.66,0,171.0
5,0,0,0,none,68,Setúbal,coastal,0.6,3,Apartment,0,0,4.28,0,159.0
11,3,0,0,national_holiday,64,Aveiro,coastal,0.48,2,Apartment,1,0,3.64,0,138.0
5,1,0,0,concert,29,Açores,rural,0.3,3,Apartment,0,0,5.0,1,193.0
1,6,1,0,concert,64,Viana do Castelo,coastal,0.38,3,Room,0,0,4.42,1,110.0
3,0,0,0,fair,47,Faro,coastal,0.78,3,Apartment,1,0,3.73,1,221.0
8,4,1,0,none,34,Madeira,urban,0.65,3,House,0,0,4.29,1,373.0
8,5,1,0,sports_event,5,Açores,rural,0.3,2,Apartment,0,0,4.4,1,232.0
12,1,0,0,concert,46,Viana do Castelo,coastal,0.38,2,House,0,0,4.44,0,179.0
12,1,0,0,none,38,Porto,urban,0.85,5,House,1,0,4.38,1,259.0
7,5,1,0,none,51,Beja,rural,0.2,2,Apartment,0,0,4.32,1,93.0
7,0,0,0,none,43,Porto,urban,0.85,3,Apartment,1,0,4.66,0,216.0
10,3,0,0,concert,70,Guarda,rural,0.14,5,Apartment,1,0,4.56,0,149.0
1,1,0,0,sports_event,82,Viana do Castelo,coastal,0.38,1,Shared_House,0,0,4.57,0,77.0
8,0,0,0,fair,46,Portalegre,rural,0.18,5,Apartment,0,0,3.31,0,112.0
6,3,0,0,none,31,Évora,historic,0.52,5,Apartment,1,0,3.33,1,146.0
10,3,0,0,festival,28,Aveiro,coastal,0.48,4,House,1,0,3.8,0,263.0
10,2,0,0,none,80,Viseu,historic,0.32,4,Apartment,1,0,4.08,0,97.0
8,5,1,0,national_holiday,48,Aveiro,coastal,0.48,4,Room,0,0,3.82,1,140.0
8,0,0,0,festival,88,Portalegre,rural,0.18,2,Apartment,1,0,3.69,1,122.0
9,3,0,0,concert,62,Açores,rural,0.3,3,Shared_House,0,0,4.32,1,93.0
7,1,0,0,none,53,Setúbal,coastal,0.6,2,House,1,0,3.76,0,207.0
3,5,1,0,none,6,Castelo Branco,historic,0.28,4,House,1,1,3.0,1,158.0
4,3,0,0,none,67,Coimbra,urban,0.55,3,Apartment,1,0,3.52,0,96.0
9,4,1,0,concert,43,Faro,coastal,0.78,4,Apartment,1,0,3.9,1,383.0
8,0,0,0,none,10,Beja,rural,0.2,2,Apartment,1,0,4.07,0,76.0
3,3,0,0,concert,32,Aveiro,coastal,0.48,2,Room,0,0,4.65,1,107.0
11,0,0,0,none,41,Aveiro,coastal,0.48,4,Shared_House,0,0,4.42,0,83.0
12,2,0,0,festival,81,Portalegre,rural,0.18,2,Apartment,1,0,3.2,1,105.0
8,6,1,0,none,58,Braga,urban,0.58,3,Shared_House,0,0,4.93,1,95.0
3,5,1,0,none,35,Madeira,urban,0.65,4,House,1,1,4.1,1,370.0
12,0,0,0,festival,89,Évora,historic,0.52,2,Room,1,0,4.23,1,143.0
3,2,0,0,none,57,Castelo Branco,historic,0.28,2,Shared_House,1,0,4.26,0,39.0
6,6,1,0,none,88,Porto,urban,0.85,2,Shared_House,0,0,3.77,1,85.0
11,1,0,0,festival,41,Lisboa,urban,0.92,5,House,0,0,4.48,1,425.0
7,5,1,0,none,77,Viana do Castelo,coastal,0.38,2,House,1,1,3.23,1,218.0
3,2,0,0,festival,74,Bragança,rural,0.15,2,House,1,0,4.87,0,153.0
1,3,0,0,sports_event,65,Viseu,historic,0.32,5,Apartment,0,0,4.29,1,170.0
5,6,1,0,none,84,Aveiro,coastal,0.48,4,Apartment,1,0,4.38,1,185.0
9,4,1,0,none,50,Coimbra,urban,0.55,3,Room,0,0,4.46,1,90.0
9,1,0,0,none,8,Vila Real,rural,0.22,3,Apartment,0,0,3.98,0,63.0
3,0,0,0,none,34,Santarém,urban,0.35,4,House,1,1,4.84,0,174.0
2,1,0,0,none,2,Braga,urban,0.58,5,Apartment,0,0,3.84,0,122.0
9,2,0,0,festival,24,Viana do Castelo,coastal,0.38,5,House,1,0,3.7,1,251.0
2,0,0,0,none,64,Setúbal,coastal,0.6,3,Apartment,0,0,4.27,0,129.0
1,6,1,0,fair,12,Vila Real,rural,0.22,4,Shared_House,0,0,3.51,0,61.0
6,0,0,0,concert,57,Coimbra,urban,0.55,4,Room,0,0,3.92,0,116.0
7,3,0,0,none,58,Braga,urban,0.58,4,Apartment,0,0,4.33,1,134.0
3,6,1,0,festival,50,Faro,coastal,0.78,4,Apartment,1,0,4.57,1,408.0
3,2,0,0,none,63,Vila Real,rural,0.22,2,Apartment,0,0,4.18,0,70.0
3,3,0,0,none,39,Lisboa,urban,0.92,4,Apartment,0,1,3.75,0,193.0
5,0,0,0,national_holiday,60,Bragança,rural,0.15,2,Apartment,1,0,4.03,1,102.0
1,5,1,1,national_holiday,68,Bragança,rural,0.15,2,Apartment,0,0,3.87,1,102.0
1,6,1,0,none,53,Lisboa,urban,0.92,1,House,1,1,4.15,1,382.0
5,5,1,0,fair,64,Santarém,urban,0.35,2,Apartment,0,0,3.89,1,128.0
1,1,0,0,fair,69,Leiria,coastal,0.4,3,Apartment,1,0,3.71,1,118.0
4,2,0,0,festival,38,Beja,rural,0.2,2,Shared_House,0,0,3.65,0,67.0
7,5,1,0,sports_event,83,Beja,rural,0.2,3,Room,0,0,3.28,1,103.0
1,5,1,0,concert,30,Viana do Castelo,coastal,0.38,5,Apartment,1,0,4.74,1,217.0
8,2,0,0,sports_event,6,Setúbal,coastal,0.6,1,House,0,0,4.56,1,316.0
8,6,1,1,national_holiday,87,Lisboa,urban,0.92,2,Apartment,1,0,3.59,1,362.0
7,1,0,0,concert,76,Beja,rural,0.2,2,Room,0,0,4.53,1,78.0
8,5,1,0,festival,37,Castelo Branco,historic,0.28,4,Room,0,0,4.22,1,139.0
10,3,0,0,none,20,Faro,coastal,0.78,2,House,1,1,3.55,0,309.0
1,4,1,0,none,19,Évora,historic,0.52,2,House,1,0,3.67,0,205.0
3,4,1,0,none,52,Bragança,rural,0.15,2,Room,1,0,4.13,0,70.0
4,3,0,0,none,87,Setúbal,coastal,0.6,2,Apartment,1,0,4.57,1,159.0
9,5,1,0,none,29,Porto,urban,0.85,4,Room,0,0,4.5,1,151.0
11,5,1,0,none,64,Portalegre,rural,0.18,4,Apartment,1,0,3.93,0,94.0
12,5,1,0,national_holiday,33,Coimbra,urban,0.55,2,Apartment,1,0,4.43,1,195.0
7,0,0,0,none,51,Faro,coastal,0.78,3,House,0,1,4.12,1,376.0
5,2,0,0,none,58,Madeira,urban,0.65,3,Apartment,0,0,3.83,0,130.0
5,5,1,0,concert,70,Faro,coastal,0.78,5,Apartment,0,0,4.68,1,410.0
1,6,1,0,none,66,Faro,coastal,0.78,4,Apartment,0,0,4.28,0,286.0
6,2,0,0,concert,20,Viana do Castelo,coastal,0.38,4,Shared_House,0,0,4.46,1,119.0
7,5,1,0,festival,11,Guarda,rural,0.14,5,Apartment,0,0,3.65,0,163.0
3,3,0,0,festival,51,Beja,rural,0.2,2,Apartment,0,0,3.94,0,98.0
10,1,0,0,none,37,Viana do Castelo,coastal,0.38,1,Apartment,1,0,4.61,0,88.0
10,6,1,0,none,25,Faro,coastal,0.78,4,Shared_House,0,0,4.06,1,151.0
4,3,0,0,festival,18,Açores,rural,0.3,2,Apartment,0,0,4.09,0,170.0
11,4,1,0,none,78,Aveiro,coastal,0.48,3,House,1,0,3.67,0,196.0
2,2,0,0,none,8,Madeira,urban,0.65,4,House,1,1,4.3,0,265.0
11,0,0,0,none,13,Santarém,urban,0.35,3,House,1,0,3.66,0,100.0
10,3,0,0,sports_event,31,Setúbal,coastal,0.6,2,Room,1,0,4.38,1,131.0
3,5,1,0,none,20,Coimbra,urban,0.55,3,Apartment,0,0,3.7,1,144.0
8,2,0,0,sports_event,7,Coimbra,urban,0.55,2,Apartment,1,0,4.1,1,175.0
4,6,1,0,sports_event,22,Setúbal,coastal,0.6,1,Apartment,0,0,4.99,1,237.0
10,5,1,0,none,33,Porto,urban,0.85,3,Apartment,0,0,4.38,1,228.0
2,4,1,0,fair,40,Beja,rural,0.2,1,Room,0,0,4.03,0,58.0
3,5,1,0,concert,48,Santarém,urban,0.35,5,Apartment,0,0,4.63,1,186.0
4,6,1,0,none,12,Viseu,historic,0.32,3,Room,0,0,3.84,1,62.0
3,5,1,0,none,89,Açores,rural,0.3,5,Apartment,1,0,3.71,0,159.0
4,5,1,0,none,49,Leiria,coastal,0.4,5,Apartment,0,0,4.02,1,174.0
8,4,1,0,fair,37,Bragança,rural,0.15,3,Room,0,1,4.75,1,117.0
8,6,1,0,none,66,Viana do Castelo,coastal,0.38,3,Room,0,0,4.72,1,114.0
7,0,0,0,none,85,Aveiro,coastal,0.48,5,Apartment,1,0,3.95,1,143.0
3,2,0,0,fair,1,Lisboa,urban,0.92,1,Shared_House,0,0,4.06,0,84.0
3,6,1,0,festival,46,Lisboa,urban,0.92,3,Apartment,0,0,4.41,1,369.0
12,3,0,0,none,80,Açores,rural,0.3,2,Room,0,0,5.0,0,61.0
4,0,0,0,festival,22,Coimbra,urban,0.55,4,Apartment,0,1,4.08,0,213.0
2,5,1,0,concert,77,Guarda,rural,0.14,4,Apartment,0,0,4.89,1,146.0
6,4,1,0,none,54,Madeira,urban,0.65,3,Room,0,0,4.32,0,144.0
1,6,1,0,festival,5,Coimbra,urban,0.55,3,Apartment,0,0,4.63,1,230.0
5,0,0,0,festival,79,Setúbal,coastal,0.6,3,House,1,0,4.71,1,359.0
11,1,0,0,none,7,Açores,rural,0.3,3,Room,1,0,4.29,0,79.0
4,3,0,0,national_holiday,65,Santarém,urban,0.35,3,Apartment,0,0,4.19,1,135.0
9,1,0,0,none,52,Santarém,urban,0.35,5,Room,1,0,4.1,0,85.0
6,3,0,0,sports_event,72,Bragança,rural,0.15,2,House,0,1,4.38,1,171.0
5,2,0,0,concert,29,Lisboa,urban,0.92,2,Apartment,1,0,4.79,1,283.0
8,1,0,0,none,11,Castelo Branco,historic,0.28,2,Apartment,1,0,4.86,1,101.0
8,5,1,0,none,45,Madeira,urban,0.65,3,Apartment,0,0,4.81,1,277.0
4,0,0,0,national_holiday,68,Aveiro,coastal,0.48,5,Apartment,0,0,3.97,1,198.0
3,6,1,0,sports_event,52,Bragança,rural,0.15,2,Apartment,1,0,3.92,1,123.0
12,1,0,1,national_holiday,8,Lisboa,urban,0.92,3,Room,0,0,3.79,1,170.0
3,4,1,0,none,58,Castelo Branco,historic,0.28,5,Apartment,0,0,4.28,1,130.0
12,6,1,0,none,37,Madeira,urban,0.65,2,Apartment,1,0,4.67,1,244.0
6,0,0,0,none,66,Viseu,historic,0.32,4,Room,1,0,3.92,0,78.0
12,6,1,0,none,84,Porto,urban,0.85,5,House,0,0,4.11,1,351.0
5,2,0,0,festival,78,Açores,rural,0.3,4,Shared_House,0,0,4.52,1,148.0
7,5,1,0,none,90,Viseu,historic,0.32,2,House,0,1,4.04,1,194.0
8,5,1,0,festival,55,Setúbal,coastal,0.6,3,Shared_House,0,0,4.1,1,148.0
